Unity Editor version:    2022.3.62f3 (96770f904ca7)
Branch:                  2022.3/respin/2022.3.62f2-4af31df585-v2
Build type:              Release
Batch mode:              YES
System name:             Linux
Distro version:          #37~24.04.1-Ubuntu SMP PREEMPT_DYNAMIC Thu Nov 20 10:25:38 UTC 2
Kernel version:          6.14.0-37-generic
Architecture:            x86_64
Available memory:        48123 MB
Using pre-set license
Pro License: YES

(Unity:16874): Gtk-CRITICAL **: 16:30:43.701: gtk_window_set_default_icon: assertion 'GDK_IS_PIXBUF (icon)' failed

(Unity:16874): GLib-GObject-CRITICAL **: 16:30:43.701: g_object_unref: assertion 'G_IS_OBJECT (object)' failed
Desktop is 1920 x 1080 @ 60 Hz
Initialize udev device monitor.

COMMAND LINE ARGUMENTS:
Unity
-adb2
-batchMode
-noUpm
-name
AssetImportWorker0
-projectPath
/mnt/dev/Projects/unity/StarTraders
-logFile
Logs/AssetImportWorker0.log
-srvPort
40247
Successfully changed project path to: /mnt/dev/Projects/unity/StarTraders
/mnt/dev/Projects/unity/StarTraders
[UnityMemory] Configuration Parameters - Can be set up in boot.config
    "memorysetup-bucket-allocator-granularity=16"
    "memorysetup-bucket-allocator-bucket-count=8"
    "memorysetup-bucket-allocator-block-size=33554432"
    "memorysetup-bucket-allocator-block-count=8"
    "memorysetup-main-allocator-block-size=16777216"
    "memorysetup-thread-allocator-block-size=16777216"
    "memorysetup-gfx-main-allocator-block-size=16777216"
    "memorysetup-gfx-thread-allocator-block-size=16777216"
    "memorysetup-cache-allocator-block-size=4194304"
    "memorysetup-typetree-allocator-block-size=2097152"
    "memorysetup-profiler-bucket-allocator-granularity=16"
    "memorysetup-profiler-bucket-allocator-bucket-count=8"
    "memorysetup-profiler-bucket-allocator-block-size=33554432"
    "memorysetup-profiler-bucket-allocator-block-count=8"
    "memorysetup-profiler-allocator-block-size=16777216"
    "memorysetup-profiler-editor-allocator-block-size=1048576"
    "memorysetup-temp-allocator-size-main=16777216"
    "memorysetup-job-temp-allocator-block-size=2097152"
    "memorysetup-job-temp-allocator-block-size-background=1048576"
    "memorysetup-job-temp-allocator-reduction-small-platforms=262144"
    "memorysetup-allocator-temp-initial-block-size-main=262144"
    "memorysetup-allocator-temp-initial-block-size-worker=262144"
    "memorysetup-temp-allocator-size-background-worker=32768"
    "memorysetup-temp-allocator-size-job-worker=262144"
    "memorysetup-temp-allocator-size-preload-manager=33554432"
    "memorysetup-temp-allocator-size-nav-mesh-worker=65536"
    "memorysetup-temp-allocator-size-audio-worker=65536"
    "memorysetup-temp-allocator-size-cloud-worker=32768"
    "memorysetup-temp-allocator-size-gi-baking-worker=262144"
    "memorysetup-temp-allocator-size-gfx=262144"
Player connection [134571878691840]  Target information:

Player connection [134571878691840]  * "[IP] 192.168.0.53 [Port] 0 [Flags] 2 [Guid] 3807352619 [EditorId] 3807352619 [Version] 1048832 [Id] LinuxEditor(16,192.168.0.53) [Debug] 1 [PackageName] LinuxEditor [ProjectName] Editor" 

Player connection [134571878691840]  * "[IP] 192.168.122.1 [Port] 0 [Flags] 2 [Guid] 3807352619 [EditorId] 3807352619 [Version] 1048832 [Id] LinuxEditor(16,192.168.0.53) [Debug] 1 [PackageName] LinuxEditor [ProjectName] Editor" 

Player connection [134571878691840]  * "[IP] 172.17.0.1 [Port] 0 [Flags] 2 [Guid] 3807352619 [EditorId] 3807352619 [Version] 1048832 [Id] LinuxEditor(16,192.168.0.53) [Debug] 1 [PackageName] LinuxEditor [ProjectName] Editor" 

Player connection [134571878691840] Host joined multi-casting on [225.0.0.222:54997]...
Player connection [134571878691840] Host joined alternative multi-casting on [225.0.0.222:34997]...
Input System module state changed to: Initialized.
[PhysX] Initialized MultithreadedTaskDispatcher with 8 workers.
Unable to load player prefs
Refreshing native plugins compatible for Editor in 83.98 ms, found 0 plugins.
Preloading 0 native plugins for Editor in 0.00 ms.
Initialize engine version: 2022.3.62f3 (96770f904ca7)
[Subsystems] Discovering subsystems at path /home/localuser/Unity/Hub/Editor/2022.3.62f3/Editor/Data/Resources/UnitySubsystems
[Subsystems] Discovering subsystems at path /mnt/dev/Projects/unity/StarTraders/Assets
GLX Extensions: GLX_ARB_get_proc_address GLX_ARB_multisample GLX_EXT_visual_info GLX_EXT_visual_rating GLX_EXT_import_context GLX_SGI_video_sync GLX_SGIX_fbconfig GLX_SGIX_pbuffer GLX_SGI_swap_control GLX_EXT_swap_control GLX_EXT_swap_control_tear GLX_EXT_buffer_age GLX_ARB_create_context GLX_ARB_create_context_profile GLX_NV_float_buffer GLX_ARB_fbconfig_float GLX_EXT_texture_from_pixmap GLX_EXT_framebuffer_sRGB GLX_NV_copy_image GLX_EXT_create_context_es_profile GLX_EXT_create_context_es2_profile GLX_ARB_create_context_no_error GLX_ARB_create_context_robustness GLX_NV_delay_before_swap GLX_EXT_stereo_tree GLX_ARB_context_flush_control GLX_NV_robustness_video_memory_purge GLX_NV_multigpu_context 
Renderer: NVIDIA GeForce RTX 3050/PCIe/SSE2
Vendor:   NVIDIA Corporation
Version:  4.5.0 NVIDIA 580.126.09
GLES:     0
 GL_AMD_multi_draw_indirect GL_AMD_seamless_cubemap_per_texture GL_AMD_vertex_shader_viewport_index GL_AMD_vertex_shader_layer GL_ARB_arrays_of_arrays GL_ARB_base_instance GL_ARB_bindless_texture GL_ARB_blend_func_extended GL_ARB_buffer_storage GL_ARB_clear_buffer_object GL_ARB_clear_texture GL_ARB_clip_control GL_ARB_color_buffer_float GL_ARB_compressed_texture_pixel_storage GL_ARB_conservative_depth GL_ARB_compute_shader GL_ARB_compute_variable_group_size GL_ARB_conditional_render_inverted GL_ARB_copy_buffer GL_ARB_copy_image GL_ARB_cull_distance GL_ARB_debug_output GL_ARB_depth_buffer_float GL_ARB_depth_clamp GL_ARB_depth_texture GL_ARB_derivative_control GL_ARB_direct_state_access GL_ARB_draw_buffers GL_ARB_draw_buffers_blend GL_ARB_draw_indirect GL_ARB_draw_elements_base_vertex GL_ARB_draw_instanced GL_ARB_enhanced_layouts GL_ARB_ES2_compatibility GL_ARB_ES3_compatibility GL_ARB_ES3_1_compatibility GL_ARB_ES3_2_compatibility GL_ARB_explicit_attrib_location GL_ARB_explicit_uniform_location GL_ARB_fragmen
t_coord_conventions GL_ARB_fragment_layer_viewport GL_ARB_fragment_program GL_ARB_fragment_program_shadow GL_ARB_fragment_shader GL_ARB_fragment_shader_interlock GL_ARB_framebuffer_no_attachments GL_ARB_framebuffer_object GL_ARB_framebuffer_sRGB GL_ARB_geometry_shader4 GL_ARB_get_program_binary GL_ARB_get_texture_sub_image GL_ARB_gl_spirv GL_ARB_gpu_shader5 GL_ARB_gpu_shader_fp64 GL_ARB_gpu_shader_int64 GL_ARB_half_float_pixel GL_ARB_half_float_vertex GL_ARB_imaging GL_ARB_indirect_parameters GL_ARB_instanced_arrays GL_ARB_internalformat_query GL_ARB_internalformat_query2 GL_ARB_invalidate_subdata GL_ARB_map_buffer_alignment GL_ARB_map_buffer_range GL_ARB_multi_bind GL_ARB_multi_draw_indirect GL_ARB_multisample GL_ARB_multitexture GL_ARB_occlusion_query GL_ARB_occlusion_query2 GL_ARB_parallel_shader_compile GL_ARB_pipeline_statistics_query GL_ARB_pixel_buffer_object GL_ARB_point_parameters GL_ARB_point_sprite GL_ARB_polygon_offset_clamp GL_ARB_post_depth_coverage GL_ARB_program_interface_query GL_ARB_provoki
ng_vertex GL_ARB_query_buffer_object GL_ARB_robust_buffer_access_behavior GL_ARB_robustness GL_ARB_sample_locations GL_ARB_sample_shading GL_ARB_sampler_objects GL_ARB_seamless_cube_map GL_ARB_seamless_cubemap_per_texture GL_ARB_separate_shader_objects GL_ARB_shader_atomic_counter_ops GL_ARB_shader_atomic_counters GL_ARB_shader_ballot GL_ARB_shader_bit_encoding GL_ARB_shader_clock GL_ARB_shader_draw_parameters GL_ARB_shader_group_vote GL_ARB_shader_image_load_store GL_ARB_shader_image_size GL_ARB_shader_objects GL_ARB_shader_precision GL_ARB_shader_storage_buffer_object GL_ARB_shader_subroutine GL_ARB_shader_texture_image_samples GL_ARB_shader_texture_lod GL_ARB_shading_language_100 GL_ARB_shader_viewport_layer_array GL_ARB_shading_language_420pack GL_ARB_shading_language_include GL_ARB_shading_language_packing GL_ARB_shadow GL_ARB_sparse_buffer GL_ARB_sparse_texture GL_ARB_sparse_texture2 GL_ARB_sparse_texture_clamp GL_ARB_spirv_extensions GL_ARB_stencil_texturing GL_ARB_sync GL_ARB_tessellation_shader GL_A
RB_texture_barrier GL_ARB_texture_border_clamp GL_ARB_texture_buffer_object GL_ARB_texture_buffer_object_rgb32 GL_ARB_texture_buffer_range GL_ARB_texture_compression GL_ARB_texture_compression_bptc GL_ARB_texture_compression_rgtc GL_ARB_texture_cube_map GL_ARB_texture_cube_map_array GL_ARB_texture_env_add GL_ARB_texture_env_combine GL_ARB_texture_env_crossbar GL_ARB_texture_env_dot3 GL_ARB_texture_filter_anisotropic GL_ARB_texture_filter_minmax GL_ARB_texture_float GL_ARB_texture_gather GL_ARB_texture_mirror_clamp_to_edge GL_ARB_texture_mirrored_repeat GL_ARB_texture_multisample GL_ARB_texture_non_power_of_two GL_ARB_texture_query_levels GL_ARB_texture_query_lod GL_ARB_texture_rectangle GL_ARB_texture_rg GL_ARB_texture_rgb10_a2ui GL_ARB_texture_stencil8 GL_ARB_texture_storage GL_ARB_texture_storage_multisample GL_ARB_texture_swizzle GL_ARB_texture_view GL_ARB_timer_query GL_ARB_transform_feedback2 GL_ARB_transform_feedback3 GL_ARB_transform_feedback_instanced GL_ARB_transform_feedback_overflow_query GL_ARB_t
ranspose_matrix GL_ARB_uniform_buffer_object GL_ARB_vertex_array_bgra GL_ARB_vertex_array_object GL_ARB_vertex_attrib_64bit GL_ARB_vertex_attrib_binding GL_ARB_vertex_buffer_object GL_ARB_vertex_program GL_ARB_vertex_shader GL_ARB_vertex_type_10f_11f_11f_rev GL_ARB_vertex_type_2_10_10_10_rev GL_ARB_viewport_array GL_ARB_window_pos GL_ATI_draw_buffers GL_ATI_texture_float GL_ATI_texture_mirror_once GL_S3_s3tc GL_EXT_texture_env_add GL_EXT_abgr GL_EXT_bgra GL_EXT_bindable_uniform GL_EXT_blend_color GL_EXT_blend_equation_separate GL_EXT_blend_func_separate GL_EXT_blend_minmax GL_EXT_blend_subtract GL_EXT_compiled_vertex_array GL_EXT_Cg_shader GL_EXT_depth_bounds_test GL_EXT_direct_state_access GL_EXT_draw_buffers2 GL_EXT_draw_instanced GL_EXT_draw_range_elements GL_EXT_fog_coord GL_EXT_framebuffer_blit GL_EXT_framebuffer_multisample GL_EXTX_framebuffer_mixed_formats GL_EXT_framebuffer_multisample_blit_scaled GL_EXT_framebuffer_object GL_EXT_framebuffer_sRGB GL_EXT_geometry_shader4 GL_EXT_gpu_program_parameters 
GL_EXT_gpu_shader4 GL_EXT_multi_draw_arrays GL_EXT_multiview_texture_multisample GL_EXT_multiview_timer_query GL_EXT_packed_depth_stencil GL_EXT_packed_float GL_EXT_packed_pixels GL_EXT_pixel_buffer_object GL_EXT_point_parameters GL_EXT_polygon_offset_clamp GL_EXT_post_depth_coverage GL_EXT_provoking_vertex GL_EXT_raster_multisample GL_EXT_rescale_normal GL_EXT_secondary_color GL_EXT_separate_shader_objects GL_EXT_separate_specular_color GL_EXT_shader_image_load_formatted GL_EXT_shader_image_load_store GL_EXT_shader_integer_mix GL_EXT_shadow_funcs GL_EXT_sparse_texture2 GL_EXT_stencil_two_side GL_EXT_stencil_wrap GL_EXT_texture3D GL_EXT_texture_array GL_EXT_texture_buffer_object GL_EXT_texture_compression_dxt1 GL_EXT_texture_compression_latc GL_EXT_texture_compression_rgtc GL_EXT_texture_compression_s3tc GL_EXT_texture_cube_map GL_EXT_texture_edge_clamp GL_EXT_texture_env_combine GL_EXT_texture_env_dot3 GL_EXT_texture_filter_anisotropic GL_EXT_texture_filter_minmax GL_EXT_texture_integer GL_EXT_texture_lod G
L_EXT_texture_lod_bias GL_EXT_texture_mirror_clamp GL_EXT_texture_object GL_EXT_texture_shadow_lod GL_EXT_texture_shared_exponent GL_EXT_texture_sRGB GL_EXT_texture_sRGB_R8 GL_EXT_texture_sRGB_decode GL_EXT_texture_storage GL_EXT_texture_swizzle GL_EXT_timer_query GL_EXT_transform_feedback2 GL_EXT_vertex_array GL_EXT_vertex_array_bgra GL_EXT_vertex_attrib_64bit GL_EXT_window_rectangles GL_EXT_x11_sync_object GL_EXT_import_sync_object GL_NV_robustness_video_memory_purge GL_IBM_rasterpos_clip GL_IBM_texture_mirrored_repeat GL_KHR_context_flush_control GL_KHR_debug GL_EXT_memory_object GL_EXT_memory_object_fd GL_NV_memory_object_sparse GL_KHR_parallel_shader_compile GL_KHR_no_error GL_KHR_robust_buffer_access_behavior GL_KHR_robustness GL_EXT_semaphore GL_EXT_semaphore_fd GL_NV_timeline_semaphore GL_KHR_shader_subgroup GL_KTX_buffer_region GL_NV_alpha_to_coverage_dither_control GL_NV_bindless_multi_draw_indirect GL_NV_bindless_multi_draw_indirect_count GL_NV_bindless_texture GL_NV_blend_equation_advanced GL_NV_
blend_equation_advanced_coherent GL_NVX_blend_equation_advanced_multi_draw_buffers GL_NV_blend_minmax_factor GL_NV_blend_square GL_NV_clip_space_w_scaling GL_NV_command_list GL_NV_compute_program5 GL_NV_compute_shader_derivatives GL_NV_conditional_render GL_NV_conservative_raster GL_NV_conservative_raster_dilate GL_NV_conservative_raster_pre_snap GL_NV_conservative_raster_pre_snap_triangles GL_NV_conservative_raster_underestimation GL_NV_copy_depth_to_color GL_NV_copy_image GL_NV_depth_buffer_float GL_NV_depth_clamp GL_NV_draw_texture GL_NV_draw_vulkan_image GL_NV_ES1_1_compatibility GL_NV_ES3_1_compatibility GL_NV_explicit_multisample GL_NV_feature_query GL_NV_fence GL_NV_fill_rectangle GL_NV_float_buffer GL_NV_fog_distance GL_NV_fragment_coverage_to_color GL_NV_fragment_program GL_NV_fragment_program_option GL_NV_fragment_program2 GL_NV_fragment_shader_barycentric GL_NV_fragment_shader_interlock GL_NV_framebuffer_mixed_samples GL_NV_framebuffer_multisample_coverage GL_NV_geometry_shader4 GL_NV_geometry_sha
der_passthrough GL_NV_gpu_program4 GL_NV_internalformat_sample_query GL_NV_gpu_program4_1 GL_NV_gpu_program5 GL_NV_gpu_program5_mem_extended GL_NV_gpu_program_fp64 GL_NV_gpu_program_multiview GL_NV_gpu_shader5 GL_NV_half_float GL_NV_light_max_exponent GL_NV_memory_attachment GL_NV_mesh_shader GL_NV_multisample_coverage GL_NV_multisample_filter_hint GL_NV_occlusion_query GL_NV_packed_depth_stencil GL_NV_parameter_buffer_object GL_NV_parameter_buffer_object2 GL_NV_path_rendering GL_NV_path_rendering_shared_edge GL_NV_pixel_data_range GL_NV_point_sprite GL_NV_primitive_restart GL_NV_primitive_shading_rate GL_NV_query_resource GL_NV_query_resource_tag GL_NV_register_combiners GL_NV_register_combiners2 GL_NV_representative_fragment_test GL_NV_sample_locations GL_NV_sample_mask_override_coverage GL_NV_scissor_exclusive GL_NV_shader_atomic_counters GL_NV_shader_atomic_float GL_NV_shader_atomic_float64 GL_NV_shader_atomic_fp16_vector GL_NV_shader_atomic_int64 GL_NV_shader_buffer_load GL_NV_shader_storage_buffer_obje
ct GL_NV_shader_subgroup_partitioned GL_NV_shader_texture_footprint GL_NV_shading_rate_image GL_NV_stereo_view_rendering GL_NV_texgen_reflection GL_NV_texture_barrier GL_NV_texture_compression_vtc GL_NV_texture_dirty_tile_map GL_NV_texture_env_combine4 GL_NV_texture_multisample GL_NV_texture_rectangle GL_NV_texture_rectangle_compressed GL_NV_texture_shader GL_NV_texture_shader2 GL_NV_texture_shader3 GL_NV_transform_feedback GL_NV_transform_feedback2 GL_NV_uniform_buffer_unified_memory GL_NV_uniform_buffer_std430_layout GL_NV_vdpau_interop GL_NV_vdpau_interop2 GL_NV_vertex_array_range GL_NV_vertex_array_range2 GL_NV_vertex_attrib_integer_64bit GL_NV_vertex_buffer_unified_memory GL_NV_vertex_program GL_NV_vertex_program1_1 GL_NV_vertex_program2 GL_NV_vertex_program2_option GL_NV_vertex_program3 GL_NV_viewport_array2 GL_NV_viewport_swizzle GL_NVX_conditional_render GL_NV_gpu_multicast GL_NVX_progress_fence GL_NVX_gpu_memory_info GL_NVX_nvenc_interop GL_NV_shader_thread_group GL_NV_shader_thread_shuffle GL_KHR_b
lend_equation_advanced GL_KHR_blend_equation_advanced_coherent GL_OVR_multiview GL_OVR_multiview2 GL_SGIS_generate_mipmap GL_SGIS_texture_lod GL_SGIX_depth_texture GL_SGIX_shadow GL_SUN_slice_accum
OPENGL LOG: Creating OpenGL 4.5 graphics device ; Context level  <OpenGL 4.5> ; Context handle 978468808
Initialize mono
Mono path[0] = '/home/localuser/Unity/Hub/Editor/2022.3.62f3/Editor/Data/Managed'
Mono path[1] = '/home/localuser/Unity/Hub/Editor/2022.3.62f3/Editor/Data/MonoBleedingEdge/lib/mono/unityjit-linux'
Mono config path = '/home/localuser/Unity/Hub/Editor/2022.3.62f3/Editor/Data/MonoBleedingEdge/etc'
Using monoOptions --debugger-agent=transport=dt_socket,embedding=1,server=y,suspend=n,address=127.0.0.1:56874
Begin MonoManager ReloadAssembly
Registering precompiled unity dll's ...
Register platform support module: /home/localuser/Unity/Hub/Editor/2022.3.62f3/Editor/Data/PlaybackEngines/WebGLSupport/UnityEditor.WebGL.Extensions.dll
Register platform support module: /home/localuser/Unity/Hub/Editor/2022.3.62f3/Editor/Data/PlaybackEngines/AndroidPlayer/UnityEditor.Android.Extensions.dll
Register platform support module: /home/localuser/Unity/Hub/Editor/2022.3.62f3/Editor/Data/PlaybackEngines/iOSSupport/UnityEditor.iOS.Extensions.dll
Register platform support module: /home/localuser/Unity/Hub/Editor/2022.3.62f3/Editor/Data/PlaybackEngines/WindowsStandaloneSupport/UnityEditor.WindowsStandalone.Extensions.dll
Register platform support module: /home/localuser/Unity/Hub/Editor/2022.3.62f3/Editor/Data/PlaybackEngines/LinuxStandaloneSupport/UnityEditor.LinuxStandalone.Extensions.dll
Registered in 0.031400 seconds.
- Loaded All Assemblies, in  0.558 seconds
Native extension for LinuxStandalone target not found
Native extension for WindowsStandalone target not found
[usbmuxd] Start listen thread
[usbmuxd] Listen thread started
Native extension for iOS target not found
Native extension for Android target not found
Android Extension - Scanning For ADB Devices 358 ms
Native extension for WebGL target not found
Mono: successfully reloaded assembly
- Finished resetting the current domain, in  0.946 seconds
Domain Reload Profiling: 1505ms
	BeginReloadAssembly (133ms)
		ExecutionOrderSort (0ms)
		DisableScriptedObjects (0ms)
		BackupInstance (0ms)
		ReleaseScriptingObjects (0ms)
		CreateAndSetChildDomain (2ms)
	RebuildCommonClasses (62ms)
	RebuildNativeTypeToScriptingClass (16ms)
	initialDomainReloadingComplete (122ms)
	LoadAllAssembliesAndSetupDomain (225ms)
		LoadAssemblies (132ms)
		RebuildTransferFunctionScriptingTraits (0ms)
		AnalyzeDomain (222ms)
			TypeCache.Refresh (220ms)
				TypeCache.ScanAssembly (201ms)
			ScanForSourceGeneratedMonoScriptInfo (1ms)
			ResolveRequiredComponents (1ms)
	FinalizeReload (947ms)
		ReleaseScriptCaches (0ms)
		RebuildScriptCaches (0ms)
		SetupLoadedEditorAssemblies (871ms)
			LogAssemblyErrors (0ms)
			InitializePlatformSupportModulesInManaged (550ms)
			SetLoadedEditorAssemblies (8ms)
			RefreshPlugins (0ms)
			BeforeProcessingInitializeOnLoad (4ms)
			ProcessInitializeOnLoadAttributes (218ms)
			ProcessInitializeOnLoadMethodAttributes (91ms)
			AfterProcessingInitializeOnLoad (0ms)
			EditorAssembliesLoaded (0ms)
		ExecutionOrderSort2 (0ms)
		AwakeInstancesAfterBackupRestoration (0ms)
========================================================================
Worker process is ready to serve import requests
Caller must complete domain reload
Begin MonoManager ReloadAssembly
- Loaded All Assemblies, in  1.847 seconds
Native extension for LinuxStandalone target not found
Native extension for WindowsStandalone target not found
Native extension for iOS target not found
Native extension for Android target not found
Native extension for WebGL target not found
Mono: successfully reloaded assembly
- Finished resetting the current domain, in  1.172 seconds
Domain Reload Profiling: 2988ms
	BeginReloadAssembly (186ms)
		ExecutionOrderSort (0ms)
		DisableScriptedObjects (10ms)
		BackupInstance (0ms)
		ReleaseScriptingObjects (0ms)
		CreateAndSetChildDomain (37ms)
	RebuildCommonClasses (53ms)
	RebuildNativeTypeToScriptingClass (12ms)
	initialDomainReloadingComplete (115ms)
	LoadAllAssembliesAndSetupDomain (1449ms)
		LoadAssemblies (1177ms)
		RebuildTransferFunctionScriptingTraits (0ms)
		AnalyzeDomain (353ms)
			TypeCache.Refresh (314ms)
				TypeCache.ScanAssembly (292ms)
			ScanForSourceGeneratedMonoScriptInfo (27ms)
			ResolveRequiredComponents (9ms)
	FinalizeReload (1173ms)
		ReleaseScriptCaches (0ms)
		RebuildScriptCaches (0ms)
		SetupLoadedEditorAssemblies (905ms)
			LogAssemblyErrors (0ms)
			InitializePlatformSupportModulesInManaged (90ms)
			SetLoadedEditorAssemblies (7ms)
			RefreshPlugins (0ms)
			BeforeProcessingInitializeOnLoad (180ms)
			ProcessInitializeOnLoadAttributes (580ms)
			ProcessInitializeOnLoadMethodAttributes (40ms)
			AfterProcessingInitializeOnLoad (8ms)
			EditorAssembliesLoaded (0ms)
		ExecutionOrderSort2 (0ms)
		AwakeInstancesAfterBackupRestoration (5ms)
Launched and connected shader compiler UnityShaderCompiler after 0.03 seconds
Refreshing native plugins compatible for Editor in 72.61 ms, found 0 plugins.
Preloading 0 native plugins for Editor in 0.00 ms.
Unloading 4213 Unused Serialized files (Serialized files now loaded: 0)
Unloading 23 unused Assets / (47.5 KB). Loaded Objects now: 4678.
Memory consumption went from 138.1 MB to 138.1 MB.
Total: 11.922327 ms (FindLiveObjects: 0.680930 ms CreateObjectMapping: 0.737667 ms MarkObjects: 9.892301 ms  DeleteObjects: 0.608564 ms)

AssetImportParameters requested are different than current active one (requested -> active):
  custom:scripting/monoscript/fileName/BuildMergeTabParameters.cs: 2c923f29302a39560b4301c3fd163a7b -> 
  custom:scripting/monoscript/fileName/IncomingChangesTab.cs: 8a20aca125f6d4b837670edb6e36bc05 -> 82bff1d960538992d4e618d909869d2e
  custom:scripting/monoscript/fileName/DiffSelection.cs: 34faf7c86f7e0c9a01162e930679d82f -> 1460aaba4240ef35322cb9c198487990
  custom:scripting/monoscript/fileName/DrawStaticElement.cs: 6cbd346d4a1be2ee84c9ebe55a7f9f79 -> 5765d84d60602f16f5577bf0b7fc6b96
  custom:scripting/monoscript/fileName/MoveDeleteMenu.cs: f1a7b8a8be76c035d934c51863f3b934 -> c4ad4528e772c33a6167006886a8d1da
  custom:scripting/monoscript/fileName/DialogWithCheckBox.cs: 738e3e0af97e826e16805dda77e5f009 -> 
  custom:scripting/monoscript/fileName/DateFilter.cs: de3aab0283a2b4a1d4d64145b14132d5 -> 3a6cb8c2e3ffbb5a9052e322ee5bf411
  custom:scripting/monoscript/fileName/PerformInitialCheckin.cs: be22d181e456c0a8a5713675f29ac72a -> 8ef9a9f407b8b94b2b5fad9d24e61f79
  custom:scripting/monoscript/fileName/ConflictResolutionState.cs: d9394655856a9fc1a0b280bc997bac16 -> 74a230000ff2fd58c5a60ab4258207dc
  custom:scripting/monoscript/fileName/FindWorkspace.cs: 39bbd18bfe6bf4a99f5c185dcda4dd4a -> 6af6c9e9382fef881c020ab184e6f7f5
  custom:container-demuxer-ogg: 62fdf1f143b41e24485cea50d1cbac27 -> 
  custom:scripting/monoscript/fileName/CheckinConflictsDialog.cs: d3af1d70d3f60a9847d2942647274222 -> e13fa04a97fb675842c94586fc602871
  custom:scripting/monoscript/fileName/AuthToken.cs: d22b2893825e943bc1389be142abd57e -> 0fba7e8eb1ec8b699f274cdc956451b2
  custom:scripting/monoscript/fileName/ProgressControlsForDialogs.cs: 6bf8e69ac7dc2163fe988e5d8181ce88 -> 7e6bd1727985204e3b64e1946e589b1c
  custom:scripting/monoscript/fileName/AssetStatusCache.cs: beede06d8a6d93e7907fd192ad653f2b -> 260d5f85663ac58b2a7e9553c453bc3e
  custom:scripting/monoscript/fileName/OrganizationPanel.cs: d7ac1288bef1b15a05bb26d201a4d87f -> 57a57e6a345dbd536e91c348b70943a9
  custom:scripting/monoscript/fileName/ChangeCategoryTreeViewItem.cs: efd70108e1f6ff61ed2723220486adfc -> fd14db176fff061715c8ec88ced1902f
  custom:scripting/monoscript/fileName/CurrentUserAdminCheckResponse.cs: cec2f173fe8732108711c497674c6f66 -> d57c2dcace740834acd59fdfbc5023b8
  custom:scripting/monoscript/fileName/UIElementsExtensions.cs: a191d7293be4538b0adb29dfe5b06a46 -> 52e0d612ab032e4d22e9558b90396b99
  custom:scripting/monoscript/fileName/CreateBranchDialog.cs: c429477092287209232592c8cde1a615 -> 9eb29fda08033b4f847247136c412db6
  custom:scripting/monoscript/fileName/DrawCreateWorkspaceView.cs: 6422239d8f649480614f0dd4f018b7f2 -> c6039ac84d85ab3926aa94de163a9f7d
  custom:scripting/monoscript/fileName/ProjectPath.cs: 5634ebdbea8ca94089eb9622d1b60497 -> 2007f972d3a73eeb86dfe05e849c7f69
  custom:scripting/monoscript/fileName/SSOCredentialsDialog.cs: 8967ceae1bc195ea8dd32b23c42dd852 -> e140ede12a96f68f30062138385171c3
  custom:scripting/monoscript/fileName/DownloadPlasticExeDialog.cs: 2dd40c53d0303d041a27a44a95c331cb -> 093cfe0607c2346a88cdfdfe1435614f
  custom:scripting/monoscript/fileName/GetOperationDelegate.cs: e719058321e4f2be94be212e42f097c8 -> 
  custom:scripting/monoscript/fileName/PendingChangesTab_Operations.cs: c99065f3c85ec85c85ece2a1a30665af -> 15ae6787065f4af65778e981f418a60b
  custom:scripting/monoscript/fileName/LocksListViewItem.cs: cc9cd24c5be4f7363367cba72f12aad4 -> f4a19fabbec093eb3d6a7e1cd4f42611
  custom:scripting/monoscript/fileName/PendingChangesViewPendingChangeMenu.cs: 561ad0f702e1db14300a4a5f810051f9 -> 9a6ef2277212bf26d647c7f12f946287
  custom:scripting/monoscript/fileName/SignInPanel.cs: f7e82045994d4eefe3b021faa87b55c6 -> bac0318ce35e37bed3a2cc8137452435
  custom:scripting/monoscript/fileName/DrawInspectorOperations.cs: 61c4a6a6507d8f84ef5bdf5cba3f0aee -> 8c94fe642e98309082411f46db89106b
  custom:scripting/monoscript/fileName/DrawDirectoryResolutionPanel.cs: b77d9918f02a8eac64394aaf99fa4b28 -> e4e3c9b4bc511687802b504b71016540
  custom:scripting/monoscript/fileName/CloseWindowIfOpened.cs: d820344e932a12600b5fe6fb7e9f1563 -> ce229ef3b7461ff17e2c1af0695a6657
  custom:scripting/monoscript/fileName/SaveAssets.cs: e472a52843752df7d7ad4ca6b2c8da98 -> b56abea3d51c742ac29e4aec958afad6
  custom:scripting/monoscript/fileName/MergeViewMenu.cs: 93bc40369a2f104c249cef1d685ad358 -> c1676e16bdcf215f6595ea9de7a1fc33
  custom:scripting/monoscript/fileName/RepositoriesListView.cs: 9f95c83dc460fb03fb0916472f14b8a7 -> 95287f65338ca0073ad04002a16eaaf7
  custom:scripting/monoscript/fileName/HandleMenuItem.cs: 740e54c5f6dca1acc88cad87af74b744 -> b4ad1ecc5243212c5967125ad5e41b1f
  custom:scripting/monoscript/fileName/ScreenResolution.cs: 5c975132cf4e36dcc261bd0acd604271 -> 7bb7bb5b955671820101b322f0a7bf3d
  custom:scripting/monoscript/fileName/ApplicationDataPath.cs: 8e4094e28762fb76a1baecfe90c6b65e -> 3e8c4ea8debfda8013fed860ac233d22
  custom:scripting/monoscript/fileName/MergeSelection.cs: 6deb9bc55c10a7ac7c9f905a7b92dbe8 -> 630eecd27cae3311e65e09d9c63da8b7
  custom:video-decoder-ogg-theora: a1e56fd34408186e4bbccfd4996cb3dc -> 
  custom:scripting/monoscript/fileName/RepaintInspector.cs: f134606300316994850c28a68d0cb5a3 -> 
  custom:scripting/monoscript/fileName/LockStatusCache.cs: 5e3725e03dc21c716034553589a67eae -> e99b3f34c5cd3eb73ec19439af1f7f80
  custom:scripting/monoscript/fileName/DiffTreeView.cs: 68195907d129ef826aa6b6df7202696d -> 49f46fd2a65ea674a218eead75f27aac
  custom:scripting/monoscript/fileName/DependenciesDialog.cs: 82d30fc8d5e1a73ec0d1ee9acc00fbc2 -> c8902186ab2f4e6471b5dd147afb01b6
  custom:scripting/monoscript/fileName/ChangesetListViewItem.cs: 95a197949f1e777703db60eea8cc21b3 -> d742a4910e302777daa1ccb9c8e92cb9
  custom:scripting/monoscript/fileName/LocksViewMenu.cs: fda08381fa9abca53b6eaf3bf55f14f8 -> 186d8514e824865b191ba1829afe4b33
  custom:scripting/monoscript/fileName/IncomingChangesViewMenu.cs: 5f96afa82d3e2a8078206b7f6d3b0752 -> 13196979a03411533716f6775c9a624b
  custom:scripting/monoscript/fileName/DivergentMoveMenu.cs: 5b146ed65a6a030ab7d86a0d711244f7 -> 98d76b5791494212a0c25aa6a4af7288
  custom:scripting/monoscript/fileName/QueryVisualElementsExtensions.cs: 75ea535788abf9c38ba9341c984a6241 -> a49740b6efbb934f55475cc70b864a4c
  custom:scripting/monoscript/fileName/WriteLogConfiguration.cs: 1a8401f47b522f631a3dc005105719f5 -> 1589212d1638ae91a029ea3ddf9999f2
  custom:scripting/monoscript/fileName/FileSystemOperation.cs: c31a686e69e66801c204a11be56c950a -> f0ccbe91654279794a85bf6f1c034716
  custom:scripting/monoscript/fileName/MigrateCollabProject.cs: af93695e471d9c8e4ad014c4165f2c3c -> 9f3487f03a783b35518405572f20ac9e
  custom:scripting/monoscript/fileName/ProgressControlsForViews.cs: 7d677c6df38ab15cf390062b5b0bb854 -> a8a18a90f46aa63848e1e45d8d7ff9af
  custom:scripting/monoscript/fileName/DrawAssetOverlay.cs: 04a46044def089f0abcdafdd281e3646 -> 
  custom:scripting/monoscript/fileName/ProjectWindow.cs: c62567a3d71fd74636bc783de5162474 -> 
  custom:scripting/monoscript/fileName/MergeLinksListView.cs: 826afb5fb5988163105086b4bf5027af -> c9488671ae9b14523680d0c19097baa0
  custom:scripting/monoscript/fileName/UnityCloudProjectLinkMonitor.cs: a6d5b729fcd63f578363f7929a986e8b -> 86b74508945daf368996ea82904ac8da
  custom:scripting/monoscript/fileName/EditorProgressBar.cs: 7418be9b22aaea32732f8a5f49569d1c -> 08c2f2b90ef64df631d46389f0e22c8e
  custom:scripting/monoscript/fileName/MeasureMaxWidth.cs: cd9322680ae61d38397008451b7ed0ed -> 1569e3f1dad91a9b01cba66ab6aa30b0
  custom:scripting/monoscript/fileName/ChangesetsListHeaderState.cs: 69fc4f1a2bc3782d7043ec48961a3616 -> fe1392f9b135da83e13fe8a5e5f39fc2
  custom:scripting/monoscript/fileName/PendingChangesTreeHeaderState.cs: 7d278b5569d28437d07554a3bbb56e1b -> 5d7f70d142c9ac67864ec14950523d62
  custom:scripting/monoscript/fileName/MissingEncryptionPasswordPromptHandler.cs: 7f5831fc8a41e9cadd84fcfd0e885072 -> 5d7b9646eb14a39b6d3d5bab19d266ff
  custom:scripting/monoscript/fileName/ChangelistMenu.cs: ca33bac56b3a337faa90a1b1bba632d6 -> c1bf5aeb760cc5eae584ea3944d6531b
  custom:scripting/monoscript/fileName/NotificationBar.cs: d1a4cf5e8103d80fd25347275f906aa8 -> 50f1a85fa18d94338418def78dcd8543
  custom:scripting/monoscript/fileName/EmptyCommentDialog.cs: c9c28ff22d24598d7e4856f434bb1b92 -> 99cc06133e502eab7998108e26fd5614
  custom:scripting/monoscript/fileName/UnityThreadWaiter.cs: dbd556f2802baab90a20da38c288d36c -> 99333406d92d10003984b4d1920de2f9
  custom:scripting/monoscript/fileName/CredentialsDialog.cs: 179b5e49656a1623c2e79d838f0f5876 -> c785d5e40f8d66b7ef7ba04ee7c324e0
  custom:scripting/monoscript/fileName/ProcessHubCommand.cs: 30630f626164e285c361aa64e681100e -> 8ab0fc63fa4d9d749198dd61b09d7e37
  custom:scripting/monoscript/fileName/GetRestorePathDialog.cs: e21eb9983f0b989125951478cd5e9b35 -> 353d1126ca2d2063d5bdbd06806ffc08
  custom:scripting/monoscript/fileName/UpdateReportListHeaderState.cs: 64a5bf775d221ad9a5ff8c78a1e0e1fa -> d6cbe54be2898ed2c96c2e79572c2e08
  custom:scripting/monoscript/fileName/LocksListView.cs: 8c6202774eebcf67be9c3b5a2926cc7c -> 7aa51ff93bcc98aa05dec8b46ec200c4
  custom:scripting/monoscript/fileName/DownloadAndInstallOperation.cs: b043b8d5921892e87f4566e00162cff6 -> 4f4065aeafda2af0ec272a3c228e27b2
  custom:scripting/monoscript/fileName/DiffTreeViewMenu.cs: 3e62bfc69ca7486976988e151b88922e -> 8039fc4ecf68b3e966e1f4822789e7fa
  custom:scripting/monoscript/fileName/UnityStyles.cs: 1a176026ce9da8057f3ec90dfe0bac74 -> bbbba3cda37678cfc74d71ffebf36e7f
  custom:scripting/monoscript/fileName/HistoryTab.cs: 4d086984813cd90d6be245dd8e03a2ba -> d57f000c65fde42a2228c7a105a836e5
  custom:scripting/monoscript/fileName/HistorySelection.cs: 7c3afcf345a55e8b77ea41ca0f570218 -> 3d07a3d1241e204b5420d71f1137eba4
  custom:scripting/monoscript/fileName/CreateWorkspace.cs: 7b3086384e5ddcd73cd5064a3ce31cd2 -> 5256205b5cf0570b6f698c7abe518f5a
  custom:scripting/monoscript/fileName/ShowWindow.cs: c731454122754eec192bc3c53fac3d95 -> a6bb1d20733c178256b38974418d7450
  custom:scripting/monoscript/fileName/LocksListHeaderState.cs: b80c5f044f18764adef2e9dbea5f0fb1 -> c7fe4d3b5f954615048f8e79925d29e3
  custom:scripting/monoscript/fileName/CreateRepositoryDialog.cs: 1e1c5399cf3d0b071c7982c565a710ce -> 5cec3e66b09e0dbe1f805953c5c64af9
  custom:scripting/monoscript/fileName/RenameBranchDialog.cs: a3111a345c6451ee64cd16f1989c2313 -> e5c89c05c87517babb3730e87196a494
  custom:scripting/monoscript/fileName/EncryptionConfigurationDialog.cs: 6423045767c07e6360ff314ec741c601 -> 19e9c54aff6ffc68d60fe11f80578947
  custom:scripting/monoscript/fileName/CheckinProgress.cs: 298ac58365579798eb3b4defc181ccaf -> 75b93dbc5ef307111f0647f735640420
  custom:scripting/monoscript/fileName/AssetCopyPathOperation.cs: 571ede78b6298606a236918df9df62d5 -> 633a9d130b72ba594756844b628f0ae2
  custom:scripting/monoscript/fileName/PendingChangesSelection.cs: 766664749a54eea9ecce5dff917430ef -> 1721ad72d074757364587c71b49d9382
  custom:scripting/monoscript/fileName/LoadAsset.cs: 9042eb334fc462cf466672445be1d4c2 -> 5e4e082aa5b21c13b80eb237fe94d00b
  custom:scripting/monoscript/fileName/Images.cs: 0b0c14141950fed99e3ef33199b3b4c9 -> fbdd1e600315d249327f3effde045c9d
  custom:scripting/monoscript/fileName/DrawLocksListViewItem.cs: ce3a3d64ec2d84c3556ffd4141efc4f7 -> 6201c4d50383e970d554210505562d37
  custom:scripting/monoscript/fileName/DrawProgressForOperations.cs: ea9179848be98ee7719316b39339ef29 -> b544f18e6532ba53bbd1b691fa5cd571
  custom:scripting/monoscript/fileName/ViewSwitcher.cs: bb22cc2814598bf2511f6c811c1dc194 -> dd1f6d6bc6ad5beda69b13cdb560799f
  custom:scripting/monoscript/fileName/RepositoryListViewItem.cs: 2f16ba7694ec7934685021093e722c4e -> 3cabcd81911a2500dcd9e2b6ffae3f00
  custom:scripting/monoscript/fileName/InspectorAssetSelection.cs: 71ba78e42827a9b22a9a6016733d756f -> 4b3c1ae4c44d88205aef26229acfe022
  custom:scripting/monoscript/fileName/UVCPackageVersion.cs: c4d95cb84d9d8dff4727eba6b0a64378 -> 
  custom:scripting/monoscript/fileName/IncomingChangesTreeHeaderState.cs: f578f4545f0afb1f0a2de9a25e26e33b -> 9fcb97ef2da44c66332f5c6800c2e6ed
  custom:scripting/monoscript/fileName/DrawTextBlockWithLink.cs: d38f3ee197d9063693d0301d5157b32c -> 1d43814d810f0d56e2964ad3b72f271e
  custom:scripting/monoscript/fileName/WorkspaceOperationsMonitor.cs: 5f05751fd4d94e02e79a5bf200f98f9a -> 43dcc435c252a54bdaaf4d6588b7d66e
  custom:CustomObjectIndexerAttribute: 232f87dd983dbecb2a4e21e08eb2cef8 -> 
  custom:scripting/monoscript/fileName/ShelvesSelection.cs: 05891c88858e4ac7776c0c0c49b5b74f -> 8a3e11e7cd7bbf10b24988c7bf636dea
  custom:scripting/monoscript/fileName/MacOSConfigWorkaround.cs: 8634a542fc5c45ea8cd9a8244bf2c871 -> 9fe61e763da506601651f6c451cecb0a
  custom:scripting/monoscript/fileName/IncomingChangesSelection.cs: a96a5a084d59fe3917a3831b68fa9479 -> d86f9f4463e6f9d99bb815e1f018ccf1
  custom:scripting/monoscript/fileName/AddMoveMenu.cs: 07e842d83dd343358454fef0a7927a0d -> e681c3341f01390e9c1d636ae93280df
  custom:scripting/monoscript/fileName/PlasticProjectSettingsProvider.cs: c126b47f9f934d48f0646c249a5bfcca -> 8c4ae1aeb34c51d2a5a8924265075ff2
  custom:scripting/monoscript/fileName/AssetMenuItems.cs: 9ce81cedb8e568c6b7b646aa6263645b -> 
  custom:scripting/monoscript/fileName/ToolConstants.cs: a088b027c7b0922429c756f12b0507ea -> 3b0d2490617bc7f94a0bdab65a399e1d
  custom:scripting/monoscript/fileName/MergeTab.cs: f39dce5bbfdc053d284a55fc102a8be9 -> f0a9f00e065364eb63b070091ade67f8
  custom:scripting/monoscript/fileName/GetSelectedPaths.cs: 02423a81496d6c63598b5cdc203f4354 -> be35dd49dddd53fc840b9febf21b4d0d
  custom:scripting/monoscript/fileName/TokenExchangeResponse.cs: 0dd9138dbeab6f132711a5b608de5c13 -> f20183d4cf939766d3c1e15cc3bec2e3
  custom:scripting/monoscript/fileName/ChangesetsTab_Operations.cs: eca44847b108faefa69f8c525242c965 -> 3290c4c0cd248666e01a08ee6d621249
  custom:scripting/monoscript/fileName/OverlayRect.cs: 59d6887e4803f8a44ffaa0409470e410 -> 
  custom:scripting/monoscript/fileName/ConfigurePartialWorkspace.cs: 309d4276b0164b05348aedbd51cc0b2f -> 10fcc6b6d43dd5ed36c43c6f7b5906c4
  custom:scripting/monoscript/fileName/ValidRepositoryName.cs: 43c262be3f66a970816e3d3a3ee8872a -> 56bcf92a3678f6ad6215cae2e4914cfd
  custom:scripting/monoscript/fileName/OtherOptionsFoldout.cs: eea27b9873519c1ea7c35b8afc1b7947 -> cc8f3a7680050422963ebd2bf169a841
  custom:container-demuxer-webm: 4f35f7cbe854078d1ac9338744f61a02 -> 
  custom:scripting/monoscript/fileName/GetPlasticShortcut.cs: 2a84c035152261f00e7e66eb44cd0ffa -> 5c2b7bf07ddd2284efc64b09ef0f1f72
  custom:scripting/monoscript/fileName/ApplyShelveWithConflictsQuestionerBuilder.cs: e109c624745dcc4304c557872b253808 -> 02e4256f31bc905362a382e31c3387eb
  custom:scripting/monoscript/fileName/GuiEnabled.cs: 1b1658fd7715b5cc664c10a130c6b629 -> 7bb13fcc8d8cbd392e00f7232841f086
  custom:scripting/monoscript/fileName/BuildPathDictionary.cs: 943911b84162d26cea47f964f9a0a399 -> 9fabc7cc73fcfc50b8a3307c6aa6ec4d
  custom:scripting/monoscript/fileName/FindEditorWindow.cs: 2bb64182aef631315344623cf583c78a -> 8c3c78bb7e82ac5008f8a2b8a0d68cff
  custom:scripting/monoscript/fileName/ShelvePendingChangesDialog.cs: 47aa4c07d31152c0c1eff64d2ba76cc6 -> 86b1f48b5fbaffa67e939e7f404062e6
  custom:scripting/monoscript/fileName/DrawProgressForViews.cs: c153245b67af73b7ee03f693a1127796 -> 068a172cb549ad77d9873d721698bd0d
  custom:scripting/monoscript/fileName/UpdateReportDialog.cs: 706e7e86547c339cdb3a4462e3f7a54d -> 087837d8f73228f1a817d0de82c77260
  custom:scripting/monoscript/fileName/UnityMergeTree.cs: f81f2d7551ab855fe9dc724f3f2e2892 -> 59edaa0a4669bbcb540a261166adc144
  custom:scripting/monoscript/fileName/CycleMoveMenu.cs: 91c21a0be9b3727d7673f94321029c52 -> b3993a7306fc941f55ca963833965729
  custom:scripting/monoscript/fileName/HistoryListView.cs: 527da2d093462f1c4a278d6957e7d5ac -> 7b2d1d2c12ab43d9d244e35197127919
  custom:scripting/monoscript/fileName/ChangeTreeViewItem.cs: 506ed128854137d9f75f9e3d2576a06b -> b0a38ce0a620643c776a3db4fd91bc4c
  custom:scripting/monoscript/fileName/BringWindowToFront.cs: 88b20f2a2881db6a013f54923d68cdee -> a30c7c1ba746c6d277a5aedd3057d15e
  custom:scripting/monoscript/fileName/ShelvesViewMenu.cs: 947ea245959bf421539573511c3a0058 -> da5dc74b3444288f443961ecab7245d6
  custom:scripting/monoscript/fileName/LaunchCheckinConflictsDialog.cs: 4417eba1591eccb2221bfdce0106c1e0 -> e2c1e3f8f4e14a62e4363fe6259adbc2
  custom:scripting/monoscript/fileName/ParseArguments.cs: 03c1a4d7e357164ca313a0019713c3db -> ae915d9f5fe287ced40627c9ca8bfafd
  custom:scripting/monoscript/fileName/ExternalLink.cs: 685ff1dd6f55eb61a1fd8af84a2aa7f5 -> a8ff952d8c27d10f226ab92b7aa83b69
  custom:scripting/monoscript/fileName/WaitingSignInPanel.cs: 247680fcfc6a176b9fa28a3df600a754 -> 7585e1c7111b6b900784e6d1c9454258
  custom:scripting/monoscript/fileName/OperationProgressData.cs: 0db72349eeecbe9449a517b1d79cc760 -> 15f68712baaea535af36d9e0333c0a6e
  custom:scripting/monoscript/fileName/RepositoriesListHeaderState.cs: c0353a1af15ae4fd3d5a2a3cac816423 -> fb71b961ab7c924511a6b0e8680b60ee
  custom:scripting/monoscript/fileName/ClientDiffTreeViewItem.cs: 56be9d3aa410e770e75de2d8b93be89d -> 43bdd7aa5bf1aa039a5b572c119c38d0
  custom:scripting/monoscript/fileName/CreateWorkspaceView.cs: c40bc4c8524ef3e2374ef997beb2e4a6 -> 9ae2295080d141c0f12d02a71014e11c
  custom:scripting/monoscript/fileName/CommandLineArguments.cs: 0d20ca25f94249586a7c1484c469d8a2 -> 48a62ad3f817c0269ea7fc4a53799594
  custom:scripting/monoscript/fileName/DownloadRepository.cs: 46fc68d9cc4da8e8ed765ff28b2dd438 -> 5bad8d3f76a3fcb41a94637e37c11ab0
  custom:scripting/monoscript/fileName/ParentWindow.cs: 2476d8a6ba9c3055f984ac9792cae61a -> d6aa079e592e01701c5baa3ab98898bc
  custom:scripting/monoscript/fileName/OperationParams.cs: 091a140b35535b91c773ddf98925322d -> 3312c7a4424a66ffbf2f88f056f329aa
  custom:scripting/monoscript/fileName/SignInWithEmailPanel.cs: a5823728eb62cf6dbd8c933c1cb26f53 -> 6e8957c0ed7609303e68389067e72d72
  custom:scripting/monoscript/fileName/LaunchInstaller.cs: f9b7c99441bc32980ce9b95be066824b -> b75efdf5909b501e06cacd9c66f75981
  custom:scripting/monoscript/fileName/GetWindowIfOpened.cs: 84a2356c61155912908cf98a62600c22 -> fd8bfd1a9b371371ebbff48e377726f9
  custom:scripting/monoscript/fileName/AvatarImages.cs: ea6dca998cf0ec5122553a9e010ef687 -> 3aa8c25a350843151ec4070c820c411a
  custom:scripting/monoscript/fileName/DrawUserIcon.cs: 2f65feb9bed897237f97fbf9c5479092 -> 7d5385bf780ae84e648a8b49f8fe0825
  custom:scripting/monoscript/fileName/TreeViewItemExtensions.cs: d22abf8de7a9ab0e852b869a652f100d -> 6849c47ffa8623d630ef12f76bd49905
  custom:scripting/monoscript/fileName/AssetStatus.cs: b9ea657347f2c22e8e401cdb256c516c -> e017010009bdb28bcb0d7d8ef05e7dd9
  custom:scripting/monoscript/fileName/BranchesListView.cs: 334a3fb302f855f71fb71520fb442a71 -> 3f5ed9fe5a1bca512014ae1600ee1666
  custom:scripting/monoscript/fileName/DrawGuiModeSwitcher.cs: 363adc150c5f1c5059a678f179906090 -> d3be34a3134d3fe80ef6b14d0d519128
  custom:scripting/monoscript/fileName/UnityMenuItem.cs: 5f445176ad3735e69769d93250663be7 -> 73f3c859f1b5092ad362c09e23b3a922
  custom:scripting/monoscript/fileName/WebRestApiClient.cs: 8ab6ae74a3793a3375cc48f328048a82 -> 746756fd499dddd02a4e7ccdbac48be3
  custom:scripting/monoscript/fileName/ShelveListViewItem.cs: a37862556d04b25f75804d991e109d87 -> 373418f0ae11fc25a26ff7fe4f472006
  custom:scripting/monoscript/fileName/OpenPlasticProjectSettings.cs: 5a86fd454f7c9f74b62653e269818d3f -> 
  custom:scripting/monoscript/fileName/PendingChangesOptionsFoldout.cs: 2a2f5a0ba87bd75c4475236a9a012016 -> f9e651bcc5d4441496c88ab59a32f360
  custom:scripting/monoscript/fileName/IncomingChangesTreeView.cs: d8c19bc81b07c04d7721396d2821d297 -> 96479648d4498738733254eb4e4c6fb5
  custom:scripting/monoscript/fileName/GenericProgress.cs: 11287c7d038c487f32d0c8edc476a32d -> 8492ec26f01fc248d3eb3c2f5b3b6c0f
  custom:scripting/monoscript/fileName/ShelvesListView.cs: 0763e4076b11a683fa148282680085c0 -> 01c1f087b2f83b458da6b8ad18736606
  custom:scripting/monoscript/fileName/MergeCategoryTreeViewItem.cs: c1ecd9dc0cd73eb7eb129994dedc1a91 -> 6bd59fcbfeafe06987a54631991d755b
  custom:scripting/monoscript/fileName/CheckinDialog.cs: 1709b78fae1329cc05fd4f39334b25f5 -> 702fdb8d0a3b4bfcb9ba109e71325cad
  custom:scripting/monoscript/fileName/SortOrderComparer.cs: 8f6297df34271fdb1ce2d9607ec6261d -> 90647cc400823b41df847a6cbfc29026
  custom:scripting/monoscript/fileName/GUIActionRunner.cs: 69af7de0762ed6d085feb4cc4b5101b3 -> 4a0608de635b0d82868d57923d68eff7
  custom:scripting/monoscript/fileName/PlasticMenuItem.cs: 30c3a785b4c2607e2ae9aad693d5f604 -> 
  custom:scripting/monoscript/fileName/PendingChangesTreeView.cs: f3722f38014385705913f17dbe0f90c1 -> 17142d220a0a50a3f3d184c4718a0da7
  custom:scripting/monoscript/fileName/VCSPlugin.cs: 69c1b7249af35f35848ae707bd5e7113 -> 
  custom:scripting/monoscript/fileName/GetClientDiffInfos.cs: 4ae14b15e2cf5177a84735548a44cdc9 -> f8db8e637ded2d5e935a953a13b85ebe
  custom:scripting/monoscript/fileName/DrawActionButtonWithMenu.cs: d7f31944358aed2f3ed3982246fca039 -> 8d4f5edd02a1dd0f38c4f2baf5ee8a33
  custom:scripting/monoscript/fileName/ErrorListViewItem.cs: 9bf59c82e9c9992a012a3eb2b6c2bfe5 -> 509edc26860f8be303ec97d68aabc30d
  custom:container-muxer-webm: aa71ff27fc2769a1b78a27578f13a17b -> 
  custom:scripting/monoscript/fileName/EditorProgressControls.cs: b1f133fa38afd918d537a72574fc93a0 -> 2e606eb01a6e6a567f3de9a0379ed3ae
  custom:scripting/monoscript/fileName/BranchesListHeaderState.cs: d47f1164fa7093137db851c4c16ffba3 -> 82eab21603f4efc696334ee80641c2c9
  custom:scripting/monoscript/fileName/DrawSearchField.cs: b11b864a92c7d76f85d4ec87d6faf61c -> 3de70beba9f4447205d50241d95b066a
  custom:scripting/monoscript/fileName/PendingChangesTab.cs: c99065f3c85ec85c85ece2a1a30665af -> 15ae6787065f4af65778e981f418a60b
  custom:scripting/monoscript/fileName/MergeTreeHeaderState.cs: d266e9dd03ced7ec66ad3688e5f18f26 -> 6293ca7f65e9641fcbe12100e705a990
  custom:scripting/monoscript/fileName/BuildGetEventExtraInfoFunction.cs: 1308a6936e8051866a117b3b7c2c7b77 -> 74bfc8c01f931108a3c2b127aa04cc8d
  custom:scripting/monoscript/fileName/ShelvesTab.cs: 88e0da7511313c57d3f51ba183c4d3fc -> fca0a219bdad45e636bd34724e5dc89d
  custom:video-decoder-webm-vp8: 9c59270c3fd7afecdb556c50c9e8de78 -> 
  custom:scripting/monoscript/fileName/WelcomeView.cs: 07e35bfe1faa2c52c049eb30958acd54 -> f06c185659ea2f4a75f9397861dc6096
  custom:scripting/monoscript/fileName/DeleteMoveMenu.cs: 39c593e854a9a8ae0e6d34ceb587fce1 -> 4d026cbabd8105e38661f97da078042a
  custom:scripting/monoscript/fileName/PlasticApp.cs: c440a0fb380601a77ad475d6c15d4fa1 -> c57de230d90beac7b586f10b9c7c6cb5
  custom:scripting/monoscript/fileName/ChangesetsTab.cs: ef408d8aaf89e01b17643ed0c836680d -> 46dde8f7856048792ad2e75490bb8c5e
  custom:scripting/monoscript/fileName/DeleteBranchDialog.cs: efbbc070bfeda2b746e8b15a4380cb26 -> 8549b0fc52962c89115fd78724fee578
  custom:scripting/monoscript/fileName/IncomingChangesNotification.cs: d7ac4b8f9ea939309b8ceb7f729100a2 -> caa8ea2c7336b9227381f0971759e01a
  custom:scripting/monoscript/fileName/DrawTreeViewEmptyState.cs: d4c16fd6aad8161eda7d99fd74cbb08e -> 
  custom:scripting/monoscript/fileName/ErrorsListView.cs: cc3142391037796392fcd3fe860891dd -> cd35171982f17897dd5148dda46e0956
  custom:scripting/monoscript/fileName/UnityPendingChangesTree.cs: fd6f0a038401268983bd9328d10dec93 -> f391d9a00dc9e202cee4d4ebcf6d21c0
  custom:scripting/monoscript/fileName/ClientConfiguration.cs: 5f5e47bfb7cedc7420d7e59c6d7ae6f0 -> 01b18b09a6dbb3756e1f42a5b64aab0f
  custom:scripting/monoscript/fileName/AssetVcsOperations.cs: 50ee89e011ba3d800b4e7a9a24aca7e1 -> 
  custom:scripting/monoscript/fileName/PlasticDialog.cs: b0aae1bf1889af041741f324070b7b84 -> 63a17a2b696bc2a13c9046aa16f8cea4
  custom:SearchIndexIgnoredProperties: e643bd26f0fe6173181afceb89e7c659 -> 
  custom:scripting/monoscript/fileName/AutoRefresh.cs: 9d30d5d3f0e8985355be1ab597da1dbb -> 0a8afde180a876655ad16caa14493409
  custom:scripting/monoscript/fileName/PlasticPluginIsEnabledPreference.cs: 7953272c37f4a828a3d1096e7479f346 -> 
  custom:scripting/monoscript/fileName/GetRelativePath.cs: 9b16eb2de9e98b392077181cc34243c1 -> ab04ae5e0cafb93ebf5c96148bb52df0
  custom:scripting/monoscript/fileName/UnityEvents.cs: 253411328de37811883aded592b97268 -> c830e584565fcd66ca0d5a23ad8b9bd6
  custom:AudioImporter_EditorPlatform: 2f0ff77a95e0ac474e3e8eeba4e2f7cb -> 
  custom:scripting/monoscript/fileName/DeleteChangeMenu.cs: 540c783b689e4d6a4a383862455d5d39 -> bfa368dc06e11abcc107d6f80c7c19c5
  custom:scripting/monoscript/fileName/SelectNewCodeReviewBehavior.cs: df6e8e132199ea6ec467c9bced11011d -> a16edf3a8c3e5ac26863e890f68fd937
  custom:scripting/monoscript/fileName/DockEditorWindow.cs: 581124d5e19667105f2446d6dfbf7982 -> a9e5e467234133af999283610b6e84e6
  custom:scripting/monoscript/fileName/ProjectPackages.cs: e247c98bd45807b228765f9a94d82145 -> 9e9e13e39b2e9718b602503b87245c18
  custom:scripting/monoscript/fileName/BranchesSelection.cs: 7eb1fcb556f0fad697e4ec9d989be099 -> 33b36e7b03910960966036894ec90c7c
  custom:scripting/monoscript/fileName/SaveAction.cs: b68fbb4319dbb368959c40781b39fdf8 -> 27c387bb58f3a69b0c9ff60d2209e18f
  custom:scripting/monoscript/fileName/AutoConfig.cs: 6c4e7f9dc55323aa1299debfe9723aa6 -> bf4bbd2f2e752464ef51dbf102faed17
  custom:scripting/monoscript/fileName/DiffPanel.cs: 02288a38bd14cc2b52a25b302a6f154e -> 210366dab3631628227b9406f87a9b7f
  custom:scripting/monoscript/fileName/PlasticAssetsProcessor.cs: ff731c8aacf4a537dc74c7cf9eaeaed0 -> 
  custom:scripting/monoscript/fileName/DrawActionToolbar.cs: 52293cb82089e0370f52e257f41c0869 -> e05748a99799f26304c1bbafd90f703b
  custom:scripting/monoscript/fileName/EditorVersion.cs: 70953c9eccf7726f70c672a9a51619e9 -> 698aba075b19a52a056d67a7b809d179
  custom:scripting/monoscript/fileName/TeamEditionConfigurationWindow.cs: d06f049421c16e5927ec29f770917e09 -> e53b1ca5561894aaeff930afb696d001
  custom:scripting/monoscript/fileName/TreeViewItemIds.cs: 7d654a2b5b3a10da3e7d8472196e96d1 -> 0cdf409b5aa8d4c25876d72b5c6a3b60
  custom:scripting/monoscript/fileName/ProgressOperationHandler.cs: 5fbb4e0f656dcfaa4498bd2e492e4710 -> ec62666c0ca1649dd33cc6bc6834c6f7
  custom:scripting/monoscript/fileName/UnityPlasticTimer.cs: 961fdb6492c99b4a3eadbed28e78c4b0 -> 6c887e722e951c2964523825cad70c4c
  custom:scripting/monoscript/fileName/TreeHeaderColumns.cs: 9fc4a0396a421346b8aa3b7788860851 -> 316e5ea62e66b20fd6e687a6b9e5958e
  custom:scripting/monoscript/fileName/MergeOptionsDialog.cs: 25ac62df73845405e13f44e4dfdcf0d1 -> 9250ce23d260ab84f87bd5899c6cf983
  custom:scripting/monoscript/fileName/AssetFilesFilterPatternsMenuBuilder.cs: 8fe5de6e5dc3d42fb7e95de2aaedbf5a -> 0d99e7514c6a33cda8314deed8f34bc5
  custom:scripting/monoscript/fileName/MergeTreeView.cs: 143a828a1a236483d3cdc1d010ce9d51 -> 3feb38cec50d3fc7576ddbf07a9a9ce8
  custom:scripting/monoscript/fileName/PlasticNotification.cs: 3629fdff9f054b2013702f5b131b2c47 -> 
  custom:scripting/monoscript/fileName/ConfirmContinueWithPendingChangesDialog.cs: c0e147ff008a0b77c9337132a3ea70af -> 77462b1904ad8f6fee2f8da4523d59fe
  custom:scripting/monoscript/fileName/ShelvesListHeaderState.cs: d3cea237aa496a145829475430d90f29 -> 287f23cbe09ecb9b28ec8dd05ede8846
  custom:scripting/monoscript/fileName/ChangelistTreeViewItem.cs: a4a6f6169cdb3afe249e104e2b7b1a2c -> 87f69636be8bd1a264ec4eac1bffa701
  custom:scripting/monoscript/fileName/CollabPlugin.cs: bda741ff77a19affbf276298e29313ec -> ca276d65e7cd77c5c99d9f119ffdb215
  custom:scripting/monoscript/fileName/TabButton.cs: 757146b89ed597b1d75c77241e5d5f63 -> 
  custom:scripting/monoscript/fileName/LaunchTool.cs: 3ac53c8af1f56365aad9e1ae5366d98d -> 60773d78646dc188d4b2caca77f20b17
  custom:scripting/monoscript/fileName/RunModal.cs: 33b931100ee477e6812324eabaa2e837 -> c83ee2ef642c5d8b8dfd32f033bfc438
  custom:scripting/monoscript/fileName/BranchListViewItem.cs: 8fdaa5aa842f5a70237affa304b9d506 -> 55028f4aef24d6227589aaa95582b2ff
  custom:scripting/monoscript/fileName/GetAvatar.cs: 07c98163f75f0b7c672bd453fc82bf61 -> 04ffae2a9e5a4c32a119f93144f558d2
  custom:scripting/monoscript/fileName/MoveAddMenu.cs: 81d47caeb9f49803adfe1627c8ce5bf4 -> 1fbfab870b2e95fdd8a81f6019f764df
  custom:scripting/monoscript/fileName/FindTool.cs: fc3b0710b24078288fe829d0bb041dd0 -> 2f9d82566cfb01fb68fc30111fb47624
  custom:scripting/monoscript/fileName/ChannelCertificateUiImpl.cs: 75d7831ab5da75cc0082e28863abb142 -> cefccf1e13b7bcf15e3c9f2dd4cd2fc8
  custom:scripting/monoscript/fileName/ApplyCircleMask.cs: 02eb67e485278e7c9b719fee5ff90f4a -> b955b378d261fdcbd6272fe8711d1e4f
  custom:scripting/monoscript/fileName/AssetMenuOperations.cs: 131bfc7279b97eba576abe13a47f8f91 -> ebcce67603e288b4a84d49287db6ef5a
  custom:scripting/monoscript/fileName/ShelveAndSwitchOptionsFoldout.cs: 676902ec49ff9c5abb2a832f067966e8 -> e7b216a23869eafb9aecd00a8905fafa
  custom:scripting/monoscript/fileName/VisualElementExtensions.cs: cd98f4a51563fccdfc39eed097290325 -> 0aad2728225c469038631668406aebb3
  custom:scripting/monoscript/fileName/LocksSelector.cs: 70b046a562568fd78d093736e68a3a58 -> 7b0f4fc5552c1d92ba7f4648526ceb21
  custom:scripting/monoscript/fileName/ListViewItemIds.cs: 8f6297df34271fdb1ce2d9607ec6261d -> 90647cc400823b41df847a6cbfc29026
  custom:scripting/monoscript/fileName/CreateWorkspaceViewState.cs: 1deb37b3c17c224d9a7dca9c990ea191 -> 0fe23b7cca9336b31a27790c714de652
  custom:scripting/monoscript/fileName/MergeLinkListViewItem.cs: ebc1e6f9e3a3005d8f4c51a794adfdaa -> 3fa407d29597803190dd374d88ed170d
  custom:scripting/monoscript/fileName/DrawCommentTextArea.cs: ad5449f632fd412ac0f7ba0d171fd453 -> c58c26552f95f108a8d9610eaf001fbc
  custom:scripting/monoscript/fileName/ErrorsListHeaderState.cs: 9141660c9776c5dac5f980fd03a672a8 -> b961336a4a43551eb826f97c57673007
  custom:scripting/monoscript/fileName/MergeViewDirectoryConflictMenu.cs: d45972e8b5f74223c607a4daa895ff3d -> fad8e1937fc14fd75ca21a68ee1037b8
  custom:scripting/monoscript/fileName/RefreshAsset.cs: 4479d2949a66a97f66d1e550067f3767 -> 5a15c606785f1f54a697bb0d0d846dfb
  custom:scripting/monoscript/fileName/BoolSetting.cs: d67f952c3a5976591f3e9a9e7356bbab -> 12bf039ccd38b0f4ccfffbec3cbbf108
  custom:scripting/monoscript/fileName/CreateChangelistDialog.cs: 774371d4233cc1d394d98dc80507a1f8 -> 386b03e27c951c5f1d63daf7aae486ca
  custom:scripting/monoscript/fileName/HistoryListViewMenu.cs: 15a489e494f04a7ea37a587c7601070e -> 29770348599c8d5473b78d72e5741b40
  custom:scripting/monoscript/fileName/MergeViewFileConflictMenu.cs: d7362b83d6b320a0f0ceaf99dbe21727 -> 8fc0f292158abfa71c2c7b3b6f38d32a
  custom:scripting/monoscript/fileName/FilterRulesConfirmationDialog.cs: 5186d89f21d03764f0cca01c2a0122d7 -> 9c91c6c91f20e6d013a753f32343b327
  custom:scripting/monoscript/fileName/ChangesetsSelection.cs: d154d1782ed752b83834c54a0bde3df9 -> 8b9d539af9f7e269bac4e3d79e9ffab8
  custom:scripting/monoscript/fileName/AssetPostprocessor.cs: 96208057b904410715a8df295ba4f8f4 -> 
  custom:scripting/monoscript/fileName/IsResolved.cs: 67a72533af97b9ab7830798057ab806c -> f54a3e2c5134aa4306f9ad150b1911a9
  custom:scripting/monoscript/fileName/LocalStatusCache.cs: a558fcf5f34357bab4cfc7b75e2bb356 -> 30974ea30517fbfd1b93153f6c849a76
  custom:scripting/monoscript/fileName/RepositoryExplorerDialog.cs: 143e7416b576681e1f2ea71288e530e6 -> eea34924da79ad7254f3e141a891c78d
  custom:scripting/monoscript/fileName/WorkspaceWindow.cs: ff52e13cd29dacd66db0169e14f71a23 -> b042f06133312d3bfed176231d97d77c
  custom:scripting/monoscript/fileName/BranchesTab_Operations.cs: 764cb17e9337c58ad4f5304b60b2042e -> 57c33f76c527a5aba4d269245ffff188
  custom:scripting/monoscript/fileName/DiffAndMergeOptionsFoldout.cs: 080cbf9242c0571bafa2e45ef8932448 -> 2810bae564e92b04bc7ebe4e47a2880b
  custom:scripting/monoscript/fileName/PlasticShutdown.cs: a8df8eeeed98372d06e446171a192a6d -> 
  custom:scripting/monoscript/fileName/FilesFilterPatternsMenuBuilder.cs: 28072cd275c96994687e6d4d0d6e1dff -> cf716a8d336c8113475a9ca67a799ec1
  custom:scripting/monoscript/fileName/HistoryListViewItem.cs: 2d3b1fc954b6bdbae298ec250ade0663 -> 96f2b67ec620b83e35d13f11877e1ac1
  custom:scripting/monoscript/fileName/RemoteStatusCache.cs: 00463e6b90cfe7da080d7c266f783980 -> 402d5663f3675e9324c129274b0c00f2
  custom:scripting/monoscript/fileName/EditorWindowFocus.cs: 1012e4e2e29e9b29bdcc03d8b92762a8 -> f258b0cf85078a7435d001e522d5e8e3
  custom:scripting/monoscript/fileName/EnumExtensions.cs: 24df84756ec75feecd53a80a0991ea16 -> 872fcb89b813d64606e680211dede528
  custom:scripting/monoscript/fileName/NewIncomingChanges.cs: fc48261878ef7e4b956e7172f5803aee -> 
  custom:scripting/monoscript/fileName/IsExeVersion.cs: 093723a3ef9cbad630dfdc60c764eff0 -> 9ef63354090e3419637bfe79e3489687
  custom:video-encoder-webm-vp8: eb34c28f22e8b96e1ab97ce403110664 -> 
  custom:scripting/monoscript/fileName/UnityIncomingChangesTree.cs: f774bb8bf0bd45a254894c795843c695 -> 42967773c43d3de5d23be4ddc6dfd9c4
  custom:scripting/monoscript/fileName/UnityDiffTree.cs: 447fc3a8922f56330f4bae8c9dc9a8be -> 1029ffd567bc0e646e6b119719dcb2ff
  custom:scripting/monoscript/fileName/TreeHeaderSettings.cs: 114eb9e27124403e8e111494b8eaf987 -> 662b1714c0fce36da72bbfe60201987a
  custom:scripting/monoscript/fileName/UnityConstants.cs: 323df5e3c80d05e06517581c776fde34 -> e3d3c3e11a194da9e5bbbfb97087a7bd
  custom:scripting/monoscript/fileName/IsExeAvailable.cs: 3e4283303610c884e542b8f6d3e922d4 -> 4a3dbc5ded94087064afd97407f26631
  custom:scripting/monoscript/fileName/LoadedTwiceMenu.cs: 961f9b82936caa7937046ac23d323c2c -> b54aa2e14eb740621bb6f926af7cb8ef
  custom:scripting/monoscript/fileName/AutoLogin.cs: e67ed70aada38469aeb667115929c368 -> b4cb98371fc38cca00d7123b7e649e12
  custom:scripting/monoscript/fileName/DrawMergeOverview.cs: 1db93bf179b38015949e3a3cb6ef1bd3 -> 49e0e525c3c170f79c20dc6779b7ead8
  custom:audio-decoder-ogg-vorbis: bf7c407c2cedff20999df2af8eb42d56 -> 
  custom:scripting/monoscript/fileName/UpdateReportLineListViewItem.cs: a101f0ba5292fc139445870b3f4af838 -> 9f63395e1ea590dbbab4d59cd0032ac4
  custom:scripting/monoscript/fileName/DrawSplitter.cs: ec7e8739eacabcca3e2946d9833eea0f -> d2f114a8e8e4167f7762d835a83b2f55
  custom:scripting/monoscript/fileName/LaunchDependenciesDialog.cs: e1c527862a66e73f0417ae177d7fdfb5 -> 2cabf22eb95430074b6c730a84e03493
  custom:scripting/monoscript/fileName/CredentialsResponse.cs: 96b135ae1c4ea541dc762170ea524fa9 -> 3dd2507693e56dac75ee7783f598cbb9
  custom:scripting/monoscript/fileName/LaunchDiffOperations.cs: aeae601320588a70eea7590a2f7e0f69 -> 871a0804a9fe2d9f2ad088303a89a63e
  custom:scripting/monoscript/fileName/PlasticSplitterGUILayout.cs: 111849f67dfbfea65ad2a9298ad1654d -> 
  custom:scripting/monoscript/fileName/CheckinDialogOperations.cs: 0b2a2cd4c41cf1865a29cf91b2a96a48 -> d032d69e8060311c06b88286e8f22ddd
  custom:scripting/monoscript/fileName/PendingChangesViewMenu.cs: 68fab310addfd7068cfd7920070496ff -> 9b0019b6df6bb14eb3a2dbafa53fb54b
  custom:scripting/monoscript/fileName/AssetsSelection.cs: 35cec24e81f0cb1de51daeb356abc4ff -> 0227d7ff4d5687932d10967a945a9b06
  custom:scripting/monoscript/fileName/EnumPopupSetting.cs: 8f6297df34271fdb1ce2d9607ec6261d -> 90647cc400823b41df847a6cbfc29026
  custom:scripting/monoscript/fileName/PlasticConnectionMonitor.cs: 920e8e381bfc94da8bb69d336dda57ca -> 
  custom:scripting/monoscript/fileName/HistoryListHeaderState.cs: 6226ef13a567fa81584864f8698be331 -> a87e0364d14866c369ad50d669bdfa85
  custom:scripting/monoscript/fileName/EnableSwitchAndShelveFeatureDialog.cs: 2cb9334d072aaff777efab2d72a2583e -> 03bdf2f298649e7c429ac90c7a3c461a
  custom:scripting/monoscript/fileName/CloudEditionWelcomeWindow.cs: c886fdb39f4b8787e6ea3701a8f88f4a -> b1721e471183956468462f6b64901640
  custom:scripting/monoscript/fileName/AssetsPath.cs: 367269acf8f676d2cdd30fdc387b3920 -> e0e986124adc46d913f0683c34b88c9f
  custom:scripting/monoscript/fileName/MetaPath.cs: 1f80313a7ce6ec6ece505285578f5745 -> 417a84eb354831f828a6752b26c8592d
  custom:scripting/monoscript/fileName/CredentialsUIImpl.cs: 90e9c2de8d7bdd8424e0d89c415108ae -> dbacf67c37819fd95562fe169e706732
  custom:scripting/monoscript/fileName/ChangesetsViewMenu.cs: b720f0168f4ce1b1e0d358a6d5ec9a42 -> 7d1a2de81910b5990e71a0bfff26fdca
  custom:scripting/monoscript/fileName/UnityPlasticGuiMessage.cs: 2a7f71f59c0d7dc731fd345a3713957c -> 24eef0792e3802809607a7f9d04b8f1d
  custom:scripting/monoscript/fileName/OrganizationCredentials.cs: ee462057b3bd23cc3dab953ac4d656e2 -> 0b123406cadd651e9adc01c85fab5124
  custom:scripting/monoscript/fileName/StatusBar.cs: 2c8c488a8bbfe924f6b53b202ff6aadd -> 
  custom:scripting/monoscript/fileName/IsCurrent.cs: 7343ceec4312304bb8b398eeb6c375fa -> cf1fd01890d0fd9f011c1a1a491e2cf0
  custom:scripting/monoscript/fileName/ChangesetFromCollabCommitResponse.cs: b986ab8b1acd322b0367812e2d541734 -> ba336e4117e1b7ee28e4c17197bc3d0e
  custom:scripting/monoscript/fileName/MoveToChangelistMenuBuilder.cs: 3a2ef8cb0baf69e5dadeafc731fe32a9 -> a90b3e388d3e1316fa104d4c9a03e2d1
  custom:scripting/monoscript/fileName/LoadingSpinner.cs: b3299af90b664a9f42123e7df43fae24 -> 6aff0ac022d117a8e24a7b5e4b11904c
  custom:scripting/monoscript/fileName/LocksTab.cs: 134c512484ae73354c15c06a6dc69f9f -> 00ffb5a39c16fdc2d733c7e53471a3a9
  custom:scripting/monoscript/fileName/BranchesTab.cs: 764cb17e9337c58ad4f5304b60b2042e -> 57c33f76c527a5aba4d269245ffff188
  custom:scripting/monoscript/fileName/ToolConfig.cs: 18b1ea271ce5e7b6deea7b4e8e175269 -> fcffc3165b047f54ed6ccafa4c8760dd
  custom:scripting/monoscript/fileName/DropDownTextField.cs: e66e7314096900597993d2b353757d8d -> c8fc484ce140049ff31ebc2c6cbebf28
  custom:scripting/monoscript/fileName/AssetsProcessor.cs: 47679a6e15b70f4fef48eb1b2df31b19 -> 18737889e95cd4088e8dfd4153fa8f40
  custom:scripting/monoscript/fileName/DrawActionButton.cs: d847a7d82ac92cab2b3d0ae268cefb3d -> 81e6708d2b8fa199354e53f85db731a8
  custom:scripting/monoscript/fileName/TableViewOperations.cs: ddc7b903e0dbd6bd109f2bd709b95f0e -> bef3a31deb1fe794a90f767d16e4c868
  custom:scripting/monoscript/fileName/UpdateProgress.cs: 5b04f01bf199310f09ab9522f89c78f4 -> 281e1e05168d6a30be1d8d2f6200bef8
  custom:scripting/monoscript/fileName/OrganizationsInformation.cs: b3f0758c6655b2dad1161792812992fa -> 5f067ea8d90fc79055a3dcfd58ae6dca
  custom:scripting/monoscript/fileName/ChangeDeleteMenu.cs: 652dcd6f863c509bfa0376b6d95ab1ec -> 4fefe66d6e279ce0ac2fdc57d409f232
  custom:scripting/monoscript/fileName/SubscriptionDetailsResponse.cs: e10e0299ef716630c63b8cf5f792cda0 -> e5121cec860a6d1097cc809217b3d8fe
  custom:scripting/monoscript/fileName/DrawProgressForDialogs.cs: 5f8d39e3ea7c4a42148c6b1a7b4ca061 -> a5f2abd8875e7a6afbc171fabfbae81f
  custom:scripting/monoscript/fileName/ToolbarButton.cs: 47dc767626bbd94d66707af31ddc5eb6 -> 
  custom:scripting/monoscript/fileName/ProjectViewAssetSelection.cs: 349dc288d32791de51156d4e59000b7b -> 2560eadaf6a13a74a46a4a207cd5a8b6
  custom:scripting/monoscript/fileName/DrawTreeViewItem.cs: cceebc4f1185658619e40964f29acb08 -> 0921a62a588ab864253743d1f07afb5a
  custom:scripting/monoscript/fileName/DrawSceneOperations.cs: 2426c0c2ee58cd28be59874f6425940c -> d87f46f9fb97181a2f51490ea2e1efc3
  custom:audio-encoder-webm-vorbis: bf7c407c2cedff20999df2af8eb42d56 -> 
  custom:scripting/monoscript/fileName/DrawActionHelpBox.cs: dcd6ec2e7fb1b44f22c4a79ff87b70cd -> c8f6be9dab1e6f8d71e0c63c29679186
  custom:scripting/monoscript/fileName/PendingChangesMultiColumnHeader.cs: 21802cc6929e0e180fb4f0be8e34d9d0 -> 722de7d6e07a79981d750438e6febb8f
  custom:scripting/monoscript/fileName/EditorDispatcher.cs: c739e073a8c38dbcf59192f45d1004c5 -> 3c402eae57d73cc54863f3f6a13096ae
  custom:scripting/monoscript/fileName/MovedEvilTwinMenu.cs: ce111941dc7264d29598ce7fd2770927 -> d480b839850d28c1c9526cb587fc752d
  custom:scripting/monoscript/fileName/IIncomingChangesTab.cs: d4ceabdc48d8a1872bbe87f04d89a4ff -> 40644cd18074db84684b9e437bf8fa77
  custom:scripting/monoscript/fileName/GetChangesOverlayIcon.cs: f00e4b795697c6cf3092760f3b6fc49d -> d599d6efdee28305661bc0cf6683858a
  custom:scripting/monoscript/fileName/ShelvedChangesNotification.cs: 13b6a2ccd8b4ac1f5ee30c8404cea3b0 -> a27e9e7b242b904f41fc1b16d3a1b3fd
  custom:scripting/monoscript/fileName/EvilTwinMenu.cs: 475a88947051822ca4915306469f9bcc -> 919e4faae0573e49949f6dfbb5a733da
  custom:scripting/monoscript/fileName/ChangesetsListView.cs: caae0aefb36c869f50691482a5cd0944 -> 87b74e0d80cf59010f55e2baaeb6679d
  custom:scripting/monoscript/fileName/UpdateReportListView.cs: 2d8fccdaad50bbd7454b52cf9cb4a0f9 -> 08d26df1ab6c3a7628addc5e54e50b08
  custom:scripting/monoscript/fileName/UnityConfigurationChecker.cs: 59a8f0715a7c89a752351bf42f94abbd -> 874cd65cce0384fef4b60e71fb08a429
  custom:scripting/monoscript/fileName/CheckWorkspaceTreeNodeStatus.cs: 5e11ff64963669981115eb58dc2b6e8b -> 1e1255b803bf7cbc935bb804bf0dbe7b
  custom:scripting/monoscript/fileName/TreeViewSessionState.cs: 8333273b312d475b653610e2871c20a5 -> 9f39a2ca55a7481b8ba078d3a2b6815e
  custom:scripting/monoscript/fileName/ErrorsPanel.cs: 21fc210ee17d5e95782397ef8c7dafab -> 515b7ba9af5e7885ba3068b1d63c6104
  custom:scripting/monoscript/fileName/PlasticPlugin.cs: a57c142b98ca3d4daad221737fd72924 -> c64561980f26020cc3206ae8b1047268
  custom:scripting/monoscript/fileName/SwitchModeConfirmationDialog.cs: 4d9c02587760213784bfe53d012122b4 -> 30cd71d0b3ee4b2689cde689908d301e
  custom:scripting/monoscript/fileName/PlasticWindow.cs: fc467478941f610919bc69526ba2c215 -> 
  custom:scripting/monoscript/fileName/PlasticExeLauncher.cs: caa0b5dda5df50c85bb19d27252d16b9 -> f1da27253760250030952f02cb54965a
  custom:scripting/monoscript/fileName/BranchesViewMenu.cs: 8089f11c30784e2e57775dd6cdbae898 -> 7bfc83e917c9b0b5aa423bb947ce2a38
  custom:scripting/monoscript/fileName/CooldownWindowDelayer.cs: 7816cfcad485500dbac9993c4502ea69 -> 4c95e39c8dd4cfa1bca106097fdb6524
  custom:scripting/monoscript/fileName/GetInstallerTmpFileName.cs: fa7bda723ac795b48e38504727f44981 -> d09e0b5c7a9af5874530e17ef23025f0
  custom:scripting/monoscript/fileName/AssetModificationProcessor.cs: a602c9e59e7db185e3a0d68d986e6fef -> 
  custom:scripting/monoscript/fileName/IsCollabProjectMigratedResponse.cs: 4c3294c6a51e6f42161d191230692016 -> af2b76c693935deee55cfcaed2aa7568
========================================================================
Received Import Request.
  Time since last request: 997.441029 seconds.
  path: Assets/DefaultPrefabObjects.asset
  artifactKey: Guid(5677f779c346723889f1d1ce1da11d85) Importer(815301076,1909f56bfc062723c751e8b465ee728b)
Start importing Assets/DefaultPrefabObjects.asset using Guid(5677f779c346723889f1d1ce1da11d85) Importer(815301076,1909f56bfc062723c751e8b465ee728b) [PhysX] Initialized MultithreadedTaskDispatcher with 8 workers.
 -> (artifact id: '3ce08eb0bc1ad46152548b9b29fd5823') in 0.068304 seconds
Number of updated asset objects reloaded before import = 0
Number of asset objects unloaded after import = 178
========================================================================
Received Import Request.
  Time since last request: 126.200344 seconds.
  path: Assets/Spaceflight Controls
  artifactKey: Guid(c75417a8b050eb488bdbb536d2acee24) Importer(815301076,1909f56bfc062723c751e8b465ee728b)
Start importing Assets/Spaceflight Controls using Guid(c75417a8b050eb488bdbb536d2acee24) Importer(815301076,1909f56bfc062723c751e8b465ee728b) [PhysX] Initialized MultithreadedTaskDispatcher with 8 workers.
 -> (artifact id: 'd1a23ee903cb82ba63327433da03b49a') in 0.001360 seconds
Number of updated asset objects reloaded before import = 0
Number of asset objects unloaded after import = 0
========================================================================
Received Import Request.
  Time since last request: 8.134810 seconds.
  path: Assets/Spaceflight Controls/Scenes
  artifactKey: Guid(28659880bcd3c77a38a68b772234dffe) Importer(815301076,1909f56bfc062723c751e8b465ee728b)
Start importing Assets/Spaceflight Controls/Scenes using Guid(28659880bcd3c77a38a68b772234dffe) Importer(815301076,1909f56bfc062723c751e8b465ee728b) [PhysX] Initialized MultithreadedTaskDispatcher with 8 workers.
 -> (artifact id: 'b77130b018d8881f42fb80db51705f54') in 0.001309 seconds
Number of updated asset objects reloaded before import = 0
Number of asset objects unloaded after import = 0
========================================================================
Received Import Request.
  Time since last request: 3.096853 seconds.
  path: Assets/Spaceflight Controls/Scenes/First Person Example.unity
  artifactKey: Guid(df0eeae173199904c8c0dc3853f303ce) Importer(815301076,1909f56bfc062723c751e8b465ee728b)
Start importing Assets/Spaceflight Controls/Scenes/First Person Example.unity using Guid(df0eeae173199904c8c0dc3853f303ce) Importer(815301076,1909f56bfc062723c751e8b465ee728b) [PhysX] Initialized MultithreadedTaskDispatcher with 8 workers.
 -> (artifact id: '300df841cf99f88e28fab10db248dab5') in 0.001737 seconds
Number of updated asset objects reloaded before import = 0
Number of asset objects unloaded after import = 0
========================================================================
Received Import Request.
  Time since last request: 1.730670 seconds.
  path: Assets/Spaceflight Controls/Scenes/Example 3.unity
  artifactKey: Guid(c04f5e5092e5d9b41aca04c23241ee6f) Importer(815301076,1909f56bfc062723c751e8b465ee728b)
Start importing Assets/Spaceflight Controls/Scenes/Example 3.unity using Guid(c04f5e5092e5d9b41aca04c23241ee6f) Importer(815301076,1909f56bfc062723c751e8b465ee728b) [PhysX] Initialized MultithreadedTaskDispatcher with 8 workers.
 -> (artifact id: 'd6cf47b3c2a40a640bd79933676df961') in 0.001649 seconds
Number of updated asset objects reloaded before import = 0
Number of asset objects unloaded after import = 0
========================================================================
Received Import Request.
  Time since last request: 11.186515 seconds.
  path: Assets/Scenes
  artifactKey: Guid(d3b0fc45d4431a63d91ba277024752f6) Importer(815301076,1909f56bfc062723c751e8b465ee728b)
Start importing Assets/Scenes using Guid(d3b0fc45d4431a63d91ba277024752f6) Importer(815301076,1909f56bfc062723c751e8b465ee728b) [PhysX] Initialized MultithreadedTaskDispatcher with 8 workers.
 -> (artifact id: '650567a32d36eb513629c061a7c4d6c6') in 0.001310 seconds
Number of updated asset objects reloaded before import = 0
Number of asset objects unloaded after import = 0
========================================================================
Received Import Request.
  Time since last request: 13.422923 seconds.
  path: Assets/Scenes/Example 1.unity
  artifactKey: Guid(e897aa91a21d9e7458b575f50589f41f) Importer(815301076,1909f56bfc062723c751e8b465ee728b)
Start importing Assets/Scenes/Example 1.unity using Guid(e897aa91a21d9e7458b575f50589f41f) Importer(815301076,1909f56bfc062723c751e8b465ee728b) [PhysX] Initialized MultithreadedTaskDispatcher with 8 workers.
 -> (artifact id: '71e39f923b91feff0c0b890a0ecda0fa') in 0.001217 seconds
Number of updated asset objects reloaded before import = 0
Number of asset objects unloaded after import = 0
========================================================================
Received Import Request.
  Time since last request: 8.632556 seconds.
  path: Assets/Scenes/SampleScene.unity
  artifactKey: Guid(9fc0d4010bbf28b4594072e72b8655ab) Importer(815301076,1909f56bfc062723c751e8b465ee728b)
Start importing Assets/Scenes/SampleScene.unity using Guid(9fc0d4010bbf28b4594072e72b8655ab) Importer(815301076,1909f56bfc062723c751e8b465ee728b) [PhysX] Initialized MultithreadedTaskDispatcher with 8 workers.
 -> (artifact id: '2418d44e161e3ce2e8daeaa5c00c20e4') in 0.001666 seconds
Number of updated asset objects reloaded before import = 0
Number of asset objects unloaded after import = 0
========================================================================
Received Prepare
Caller must complete domain reload
Begin MonoManager ReloadAssembly
- Loaded All Assemblies, in  1.441 seconds
Native extension for LinuxStandalone target not found
Native extension for WindowsStandalone target not found
Native extension for iOS target not found
Native extension for Android target not found
Native extension for WebGL target not found
Mono: successfully reloaded assembly
- Finished resetting the current domain, in  4.108 seconds
Domain Reload Profiling: 5520ms
	BeginReloadAssembly (228ms)
		ExecutionOrderSort (0ms)
		DisableScriptedObjects (9ms)
		BackupInstance (0ms)
		ReleaseScriptingObjects (0ms)
		CreateAndSetChildDomain (62ms)
	RebuildCommonClasses (60ms)
	RebuildNativeTypeToScriptingClass (14ms)
	initialDomainReloadingComplete (90ms)
	LoadAllAssembliesAndSetupDomain (1019ms)
		LoadAssemblies (1078ms)
		RebuildTransferFunctionScriptingTraits (0ms)
		AnalyzeDomain (25ms)
			TypeCache.Refresh (9ms)
				TypeCache.ScanAssembly (0ms)
			ScanForSourceGeneratedMonoScriptInfo (0ms)
			ResolveRequiredComponents (13ms)
	FinalizeReload (4109ms)
		ReleaseScriptCaches (0ms)
		RebuildScriptCaches (0ms)
		SetupLoadedEditorAssemblies (846ms)
			LogAssemblyErrors (0ms)
			InitializePlatformSupportModulesInManaged (95ms)
			SetLoadedEditorAssemblies (8ms)
			RefreshPlugins (0ms)
			BeforeProcessingInitializeOnLoad (208ms)
			ProcessInitializeOnLoadAttributes (481ms)
			ProcessInitializeOnLoadMethodAttributes (43ms)
			AfterProcessingInitializeOnLoad (12ms)
			EditorAssembliesLoaded (1ms)
		ExecutionOrderSort2 (0ms)
		AwakeInstancesAfterBackupRestoration (7ms)
Refreshing native plugins compatible for Editor in 61.58 ms, found 0 plugins.
Preloading 0 native plugins for Editor in 0.00 ms.
Unloading 4205 Unused Serialized files (Serialized files now loaded: 0)
Unloading 22 unused Assets / (32.2 KB). Loaded Objects now: 4686.
Memory consumption went from 136.8 MB to 136.8 MB.
Total: 6.332437 ms (FindLiveObjects: 0.506092 ms CreateObjectMapping: 0.434256 ms MarkObjects: 5.207301 ms  DeleteObjects: 0.182794 ms)

Prepare: number of updated asset objects reloaded= 0
AssetImportParameters requested are different than current active one (requested -> active):
  custom:scripting/monoscript/fileName/BuildMergeTabParameters.cs: 2c923f29302a39560b4301c3fd163a7b -> 
  custom:scripting/monoscript/fileName/IncomingChangesTab.cs: 8a20aca125f6d4b837670edb6e36bc05 -> 82bff1d960538992d4e618d909869d2e
  custom:scripting/monoscript/fileName/DiffSelection.cs: 34faf7c86f7e0c9a01162e930679d82f -> 1460aaba4240ef35322cb9c198487990
  custom:scripting/monoscript/fileName/DrawStaticElement.cs: 6cbd346d4a1be2ee84c9ebe55a7f9f79 -> 5765d84d60602f16f5577bf0b7fc6b96
  custom:scripting/monoscript/fileName/MoveDeleteMenu.cs: f1a7b8a8be76c035d934c51863f3b934 -> c4ad4528e772c33a6167006886a8d1da
  custom:scripting/monoscript/fileName/DialogWithCheckBox.cs: 738e3e0af97e826e16805dda77e5f009 -> 
  custom:scripting/monoscript/fileName/DateFilter.cs: de3aab0283a2b4a1d4d64145b14132d5 -> 3a6cb8c2e3ffbb5a9052e322ee5bf411
  custom:scripting/monoscript/fileName/PerformInitialCheckin.cs: be22d181e456c0a8a5713675f29ac72a -> 8ef9a9f407b8b94b2b5fad9d24e61f79
  custom:scripting/monoscript/fileName/ConflictResolutionState.cs: d9394655856a9fc1a0b280bc997bac16 -> 74a230000ff2fd58c5a60ab4258207dc
  custom:scripting/monoscript/fileName/FindWorkspace.cs: 39bbd18bfe6bf4a99f5c185dcda4dd4a -> 6af6c9e9382fef881c020ab184e6f7f5
  custom:container-demuxer-ogg: 62fdf1f143b41e24485cea50d1cbac27 -> 
  custom:scripting/monoscript/fileName/CheckinConflictsDialog.cs: d3af1d70d3f60a9847d2942647274222 -> e13fa04a97fb675842c94586fc602871
  custom:scripting/monoscript/fileName/AuthToken.cs: d22b2893825e943bc1389be142abd57e -> 0fba7e8eb1ec8b699f274cdc956451b2
  custom:scripting/monoscript/fileName/ProgressControlsForDialogs.cs: 6bf8e69ac7dc2163fe988e5d8181ce88 -> 7e6bd1727985204e3b64e1946e589b1c
  custom:scripting/monoscript/fileName/AssetStatusCache.cs: beede06d8a6d93e7907fd192ad653f2b -> 260d5f85663ac58b2a7e9553c453bc3e
  custom:scripting/monoscript/fileName/OrganizationPanel.cs: d7ac1288bef1b15a05bb26d201a4d87f -> 57a57e6a345dbd536e91c348b70943a9
  custom:scripting/monoscript/fileName/ChangeCategoryTreeViewItem.cs: efd70108e1f6ff61ed2723220486adfc -> fd14db176fff061715c8ec88ced1902f
  custom:scripting/monoscript/fileName/CurrentUserAdminCheckResponse.cs: cec2f173fe8732108711c497674c6f66 -> d57c2dcace740834acd59fdfbc5023b8
  custom:scripting/monoscript/fileName/UIElementsExtensions.cs: a191d7293be4538b0adb29dfe5b06a46 -> 52e0d612ab032e4d22e9558b90396b99
  custom:scripting/monoscript/fileName/CreateBranchDialog.cs: c429477092287209232592c8cde1a615 -> 9eb29fda08033b4f847247136c412db6
  custom:scripting/monoscript/fileName/DrawCreateWorkspaceView.cs: 6422239d8f649480614f0dd4f018b7f2 -> c6039ac84d85ab3926aa94de163a9f7d
  custom:scripting/monoscript/fileName/ProjectPath.cs: 5634ebdbea8ca94089eb9622d1b60497 -> 2007f972d3a73eeb86dfe05e849c7f69
  custom:scripting/monoscript/fileName/SSOCredentialsDialog.cs: 8967ceae1bc195ea8dd32b23c42dd852 -> e140ede12a96f68f30062138385171c3
  custom:scripting/monoscript/fileName/DownloadPlasticExeDialog.cs: 2dd40c53d0303d041a27a44a95c331cb -> 093cfe0607c2346a88cdfdfe1435614f
  custom:scripting/monoscript/fileName/GetOperationDelegate.cs: e719058321e4f2be94be212e42f097c8 -> 
  custom:scripting/monoscript/fileName/PendingChangesTab_Operations.cs: c99065f3c85ec85c85ece2a1a30665af -> 15ae6787065f4af65778e981f418a60b
  custom:scripting/monoscript/fileName/LocksListViewItem.cs: cc9cd24c5be4f7363367cba72f12aad4 -> f4a19fabbec093eb3d6a7e1cd4f42611
  custom:scripting/monoscript/fileName/PendingChangesViewPendingChangeMenu.cs: 561ad0f702e1db14300a4a5f810051f9 -> 9a6ef2277212bf26d647c7f12f946287
  custom:scripting/monoscript/fileName/SignInPanel.cs: f7e82045994d4eefe3b021faa87b55c6 -> bac0318ce35e37bed3a2cc8137452435
  custom:scripting/monoscript/fileName/DrawInspectorOperations.cs: 61c4a6a6507d8f84ef5bdf5cba3f0aee -> 8c94fe642e98309082411f46db89106b
  custom:scripting/monoscript/fileName/DrawDirectoryResolutionPanel.cs: b77d9918f02a8eac64394aaf99fa4b28 -> e4e3c9b4bc511687802b504b71016540
  custom:scripting/monoscript/fileName/CloseWindowIfOpened.cs: d820344e932a12600b5fe6fb7e9f1563 -> ce229ef3b7461ff17e2c1af0695a6657
  custom:scripting/monoscript/fileName/SaveAssets.cs: e472a52843752df7d7ad4ca6b2c8da98 -> b56abea3d51c742ac29e4aec958afad6
  custom:scripting/monoscript/fileName/MergeViewMenu.cs: 93bc40369a2f104c249cef1d685ad358 -> c1676e16bdcf215f6595ea9de7a1fc33
  custom:scripting/monoscript/fileName/RepositoriesListView.cs: 9f95c83dc460fb03fb0916472f14b8a7 -> 95287f65338ca0073ad04002a16eaaf7
  custom:scripting/monoscript/fileName/HandleMenuItem.cs: 740e54c5f6dca1acc88cad87af74b744 -> b4ad1ecc5243212c5967125ad5e41b1f
  custom:scripting/monoscript/fileName/ScreenResolution.cs: 5c975132cf4e36dcc261bd0acd604271 -> 7bb7bb5b955671820101b322f0a7bf3d
  custom:scripting/monoscript/fileName/ApplicationDataPath.cs: 8e4094e28762fb76a1baecfe90c6b65e -> 3e8c4ea8debfda8013fed860ac233d22
  custom:scripting/monoscript/fileName/MergeSelection.cs: 6deb9bc55c10a7ac7c9f905a7b92dbe8 -> 630eecd27cae3311e65e09d9c63da8b7
  custom:video-decoder-ogg-theora: a1e56fd34408186e4bbccfd4996cb3dc -> 
  custom:scripting/monoscript/fileName/RepaintInspector.cs: f134606300316994850c28a68d0cb5a3 -> 
  custom:scripting/monoscript/fileName/LockStatusCache.cs: 5e3725e03dc21c716034553589a67eae -> e99b3f34c5cd3eb73ec19439af1f7f80
  custom:scripting/monoscript/fileName/DiffTreeView.cs: 68195907d129ef826aa6b6df7202696d -> 49f46fd2a65ea674a218eead75f27aac
  custom:scripting/monoscript/fileName/DependenciesDialog.cs: 82d30fc8d5e1a73ec0d1ee9acc00fbc2 -> c8902186ab2f4e6471b5dd147afb01b6
  custom:scripting/monoscript/fileName/ChangesetListViewItem.cs: 95a197949f1e777703db60eea8cc21b3 -> d742a4910e302777daa1ccb9c8e92cb9
  custom:scripting/monoscript/fileName/LocksViewMenu.cs: fda08381fa9abca53b6eaf3bf55f14f8 -> 186d8514e824865b191ba1829afe4b33
  custom:scripting/monoscript/fileName/IncomingChangesViewMenu.cs: 5f96afa82d3e2a8078206b7f6d3b0752 -> 13196979a03411533716f6775c9a624b
  custom:scripting/monoscript/fileName/DivergentMoveMenu.cs: 5b146ed65a6a030ab7d86a0d711244f7 -> 98d76b5791494212a0c25aa6a4af7288
  custom:scripting/monoscript/fileName/QueryVisualElementsExtensions.cs: 75ea535788abf9c38ba9341c984a6241 -> a49740b6efbb934f55475cc70b864a4c
  custom:scripting/monoscript/fileName/WriteLogConfiguration.cs: 1a8401f47b522f631a3dc005105719f5 -> 1589212d1638ae91a029ea3ddf9999f2
  custom:scripting/monoscript/fileName/FileSystemOperation.cs: c31a686e69e66801c204a11be56c950a -> f0ccbe91654279794a85bf6f1c034716
  custom:scripting/monoscript/fileName/MigrateCollabProject.cs: af93695e471d9c8e4ad014c4165f2c3c -> 9f3487f03a783b35518405572f20ac9e
  custom:scripting/monoscript/fileName/ProgressControlsForViews.cs: 7d677c6df38ab15cf390062b5b0bb854 -> a8a18a90f46aa63848e1e45d8d7ff9af
  custom:scripting/monoscript/fileName/DrawAssetOverlay.cs: 04a46044def089f0abcdafdd281e3646 -> 
  custom:scripting/monoscript/fileName/ProjectWindow.cs: c62567a3d71fd74636bc783de5162474 -> 
  custom:scripting/monoscript/fileName/MergeLinksListView.cs: 826afb5fb5988163105086b4bf5027af -> c9488671ae9b14523680d0c19097baa0
  custom:scripting/monoscript/fileName/UnityCloudProjectLinkMonitor.cs: a6d5b729fcd63f578363f7929a986e8b -> 86b74508945daf368996ea82904ac8da
  custom:scripting/monoscript/fileName/EditorProgressBar.cs: 7418be9b22aaea32732f8a5f49569d1c -> 08c2f2b90ef64df631d46389f0e22c8e
  custom:scripting/monoscript/fileName/MeasureMaxWidth.cs: cd9322680ae61d38397008451b7ed0ed -> 1569e3f1dad91a9b01cba66ab6aa30b0
  custom:scripting/monoscript/fileName/ChangesetsListHeaderState.cs: 69fc4f1a2bc3782d7043ec48961a3616 -> fe1392f9b135da83e13fe8a5e5f39fc2
  custom:scripting/monoscript/fileName/PendingChangesTreeHeaderState.cs: 7d278b5569d28437d07554a3bbb56e1b -> 5d7f70d142c9ac67864ec14950523d62
  custom:scripting/monoscript/fileName/MissingEncryptionPasswordPromptHandler.cs: 7f5831fc8a41e9cadd84fcfd0e885072 -> 5d7b9646eb14a39b6d3d5bab19d266ff
  custom:scripting/monoscript/fileName/ChangelistMenu.cs: ca33bac56b3a337faa90a1b1bba632d6 -> c1bf5aeb760cc5eae584ea3944d6531b
  custom:scripting/monoscript/fileName/NotificationBar.cs: d1a4cf5e8103d80fd25347275f906aa8 -> 50f1a85fa18d94338418def78dcd8543
  custom:scripting/monoscript/fileName/EmptyCommentDialog.cs: c9c28ff22d24598d7e4856f434bb1b92 -> 99cc06133e502eab7998108e26fd5614
  custom:scripting/monoscript/fileName/UnityThreadWaiter.cs: dbd556f2802baab90a20da38c288d36c -> 99333406d92d10003984b4d1920de2f9
  custom:scripting/monoscript/fileName/CredentialsDialog.cs: 179b5e49656a1623c2e79d838f0f5876 -> c785d5e40f8d66b7ef7ba04ee7c324e0
  custom:scripting/monoscript/fileName/ProcessHubCommand.cs: 30630f626164e285c361aa64e681100e -> 8ab0fc63fa4d9d749198dd61b09d7e37
  custom:scripting/monoscript/fileName/GetRestorePathDialog.cs: e21eb9983f0b989125951478cd5e9b35 -> 353d1126ca2d2063d5bdbd06806ffc08
  custom:scripting/monoscript/fileName/UpdateReportListHeaderState.cs: 64a5bf775d221ad9a5ff8c78a1e0e1fa -> d6cbe54be2898ed2c96c2e79572c2e08
  custom:scripting/monoscript/fileName/LocksListView.cs: 8c6202774eebcf67be9c3b5a2926cc7c -> 7aa51ff93bcc98aa05dec8b46ec200c4
  custom:scripting/monoscript/fileName/DownloadAndInstallOperation.cs: b043b8d5921892e87f4566e00162cff6 -> 4f4065aeafda2af0ec272a3c228e27b2
  custom:scripting/monoscript/fileName/DiffTreeViewMenu.cs: 3e62bfc69ca7486976988e151b88922e -> 8039fc4ecf68b3e966e1f4822789e7fa
  custom:scripting/monoscript/fileName/UnityStyles.cs: 1a176026ce9da8057f3ec90dfe0bac74 -> bbbba3cda37678cfc74d71ffebf36e7f
  custom:scripting/monoscript/fileName/HistoryTab.cs: 4d086984813cd90d6be245dd8e03a2ba -> d57f000c65fde42a2228c7a105a836e5
  custom:scripting/monoscript/fileName/HistorySelection.cs: 7c3afcf345a55e8b77ea41ca0f570218 -> 3d07a3d1241e204b5420d71f1137eba4
  custom:scripting/monoscript/fileName/CreateWorkspace.cs: 7b3086384e5ddcd73cd5064a3ce31cd2 -> 5256205b5cf0570b6f698c7abe518f5a
  custom:scripting/monoscript/fileName/ShowWindow.cs: c731454122754eec192bc3c53fac3d95 -> a6bb1d20733c178256b38974418d7450
  custom:scripting/monoscript/fileName/LocksListHeaderState.cs: b80c5f044f18764adef2e9dbea5f0fb1 -> c7fe4d3b5f954615048f8e79925d29e3
  custom:scripting/monoscript/fileName/CreateRepositoryDialog.cs: 1e1c5399cf3d0b071c7982c565a710ce -> 5cec3e66b09e0dbe1f805953c5c64af9
  custom:scripting/monoscript/fileName/RenameBranchDialog.cs: a3111a345c6451ee64cd16f1989c2313 -> e5c89c05c87517babb3730e87196a494
  custom:scripting/monoscript/fileName/EncryptionConfigurationDialog.cs: 6423045767c07e6360ff314ec741c601 -> 19e9c54aff6ffc68d60fe11f80578947
  custom:scripting/monoscript/fileName/CheckinProgress.cs: 298ac58365579798eb3b4defc181ccaf -> 75b93dbc5ef307111f0647f735640420
  custom:scripting/monoscript/fileName/AssetCopyPathOperation.cs: 571ede78b6298606a236918df9df62d5 -> 633a9d130b72ba594756844b628f0ae2
  custom:scripting/monoscript/fileName/PendingChangesSelection.cs: 766664749a54eea9ecce5dff917430ef -> 1721ad72d074757364587c71b49d9382
  custom:scripting/monoscript/fileName/LoadAsset.cs: 9042eb334fc462cf466672445be1d4c2 -> 5e4e082aa5b21c13b80eb237fe94d00b
  custom:scripting/monoscript/fileName/Images.cs: 0b0c14141950fed99e3ef33199b3b4c9 -> fbdd1e600315d249327f3effde045c9d
  custom:scripting/monoscript/fileName/DrawLocksListViewItem.cs: ce3a3d64ec2d84c3556ffd4141efc4f7 -> 6201c4d50383e970d554210505562d37
  custom:scripting/monoscript/fileName/DrawProgressForOperations.cs: ea9179848be98ee7719316b39339ef29 -> b544f18e6532ba53bbd1b691fa5cd571
  custom:scripting/monoscript/fileName/ViewSwitcher.cs: bb22cc2814598bf2511f6c811c1dc194 -> dd1f6d6bc6ad5beda69b13cdb560799f
  custom:scripting/monoscript/fileName/RepositoryListViewItem.cs: 2f16ba7694ec7934685021093e722c4e -> 3cabcd81911a2500dcd9e2b6ffae3f00
  custom:scripting/monoscript/fileName/InspectorAssetSelection.cs: 71ba78e42827a9b22a9a6016733d756f -> 4b3c1ae4c44d88205aef26229acfe022
  custom:scripting/monoscript/fileName/UVCPackageVersion.cs: c4d95cb84d9d8dff4727eba6b0a64378 -> 
  custom:scripting/monoscript/fileName/IncomingChangesTreeHeaderState.cs: f578f4545f0afb1f0a2de9a25e26e33b -> 9fcb97ef2da44c66332f5c6800c2e6ed
  custom:scripting/monoscript/fileName/DrawTextBlockWithLink.cs: d38f3ee197d9063693d0301d5157b32c -> 1d43814d810f0d56e2964ad3b72f271e
  custom:scripting/monoscript/fileName/WorkspaceOperationsMonitor.cs: 5f05751fd4d94e02e79a5bf200f98f9a -> 43dcc435c252a54bdaaf4d6588b7d66e
  custom:CustomObjectIndexerAttribute: 232f87dd983dbecb2a4e21e08eb2cef8 -> 
  custom:scripting/monoscript/fileName/ShelvesSelection.cs: 05891c88858e4ac7776c0c0c49b5b74f -> 8a3e11e7cd7bbf10b24988c7bf636dea
  custom:scripting/monoscript/fileName/MacOSConfigWorkaround.cs: 8634a542fc5c45ea8cd9a8244bf2c871 -> 9fe61e763da506601651f6c451cecb0a
  custom:scripting/monoscript/fileName/IncomingChangesSelection.cs: a96a5a084d59fe3917a3831b68fa9479 -> d86f9f4463e6f9d99bb815e1f018ccf1
  custom:scripting/monoscript/fileName/AddMoveMenu.cs: 07e842d83dd343358454fef0a7927a0d -> e681c3341f01390e9c1d636ae93280df
  custom:scripting/monoscript/fileName/PlasticProjectSettingsProvider.cs: c126b47f9f934d48f0646c249a5bfcca -> 8c4ae1aeb34c51d2a5a8924265075ff2
  custom:scripting/monoscript/fileName/AssetMenuItems.cs: 9ce81cedb8e568c6b7b646aa6263645b -> 
  custom:scripting/monoscript/fileName/ToolConstants.cs: a088b027c7b0922429c756f12b0507ea -> 3b0d2490617bc7f94a0bdab65a399e1d
  custom:scripting/monoscript/fileName/MergeTab.cs: f39dce5bbfdc053d284a55fc102a8be9 -> f0a9f00e065364eb63b070091ade67f8
  custom:scripting/monoscript/fileName/GetSelectedPaths.cs: 02423a81496d6c63598b5cdc203f4354 -> be35dd49dddd53fc840b9febf21b4d0d
  custom:scripting/monoscript/fileName/TokenExchangeResponse.cs: 0dd9138dbeab6f132711a5b608de5c13 -> f20183d4cf939766d3c1e15cc3bec2e3
  custom:scripting/monoscript/fileName/ChangesetsTab_Operations.cs: eca44847b108faefa69f8c525242c965 -> 3290c4c0cd248666e01a08ee6d621249
  custom:scripting/monoscript/fileName/OverlayRect.cs: 59d6887e4803f8a44ffaa0409470e410 -> 
  custom:scripting/monoscript/fileName/ConfigurePartialWorkspace.cs: 309d4276b0164b05348aedbd51cc0b2f -> 10fcc6b6d43dd5ed36c43c6f7b5906c4
  custom:scripting/monoscript/fileName/ValidRepositoryName.cs: 43c262be3f66a970816e3d3a3ee8872a -> 56bcf92a3678f6ad6215cae2e4914cfd
  custom:scripting/monoscript/fileName/OtherOptionsFoldout.cs: eea27b9873519c1ea7c35b8afc1b7947 -> cc8f3a7680050422963ebd2bf169a841
  custom:container-demuxer-webm: 4f35f7cbe854078d1ac9338744f61a02 -> 
  custom:scripting/monoscript/fileName/GetPlasticShortcut.cs: 2a84c035152261f00e7e66eb44cd0ffa -> 5c2b7bf07ddd2284efc64b09ef0f1f72
  custom:scripting/monoscript/fileName/ApplyShelveWithConflictsQuestionerBuilder.cs: e109c624745dcc4304c557872b253808 -> 02e4256f31bc905362a382e31c3387eb
  custom:scripting/monoscript/fileName/GuiEnabled.cs: 1b1658fd7715b5cc664c10a130c6b629 -> 7bb13fcc8d8cbd392e00f7232841f086
  custom:scripting/monoscript/fileName/BuildPathDictionary.cs: 943911b84162d26cea47f964f9a0a399 -> 9fabc7cc73fcfc50b8a3307c6aa6ec4d
  custom:scripting/monoscript/fileName/FindEditorWindow.cs: 2bb64182aef631315344623cf583c78a -> 8c3c78bb7e82ac5008f8a2b8a0d68cff
  custom:scripting/monoscript/fileName/ShelvePendingChangesDialog.cs: 47aa4c07d31152c0c1eff64d2ba76cc6 -> 86b1f48b5fbaffa67e939e7f404062e6
  custom:scripting/monoscript/fileName/DrawProgressForViews.cs: c153245b67af73b7ee03f693a1127796 -> 068a172cb549ad77d9873d721698bd0d
  custom:scripting/monoscript/fileName/UpdateReportDialog.cs: 706e7e86547c339cdb3a4462e3f7a54d -> 087837d8f73228f1a817d0de82c77260
  custom:scripting/monoscript/fileName/UnityMergeTree.cs: f81f2d7551ab855fe9dc724f3f2e2892 -> 59edaa0a4669bbcb540a261166adc144
  custom:scripting/monoscript/fileName/CycleMoveMenu.cs: 91c21a0be9b3727d7673f94321029c52 -> b3993a7306fc941f55ca963833965729
  custom:scripting/monoscript/fileName/HistoryListView.cs: 527da2d093462f1c4a278d6957e7d5ac -> 7b2d1d2c12ab43d9d244e35197127919
  custom:scripting/monoscript/fileName/ChangeTreeViewItem.cs: 506ed128854137d9f75f9e3d2576a06b -> b0a38ce0a620643c776a3db4fd91bc4c
  custom:scripting/monoscript/fileName/BringWindowToFront.cs: 88b20f2a2881db6a013f54923d68cdee -> a30c7c1ba746c6d277a5aedd3057d15e
  custom:scripting/monoscript/fileName/ShelvesViewMenu.cs: 947ea245959bf421539573511c3a0058 -> da5dc74b3444288f443961ecab7245d6
  custom:scripting/monoscript/fileName/LaunchCheckinConflictsDialog.cs: 4417eba1591eccb2221bfdce0106c1e0 -> e2c1e3f8f4e14a62e4363fe6259adbc2
  custom:scripting/monoscript/fileName/ParseArguments.cs: 03c1a4d7e357164ca313a0019713c3db -> ae915d9f5fe287ced40627c9ca8bfafd
  custom:scripting/monoscript/fileName/ExternalLink.cs: 685ff1dd6f55eb61a1fd8af84a2aa7f5 -> a8ff952d8c27d10f226ab92b7aa83b69
  custom:scripting/monoscript/fileName/WaitingSignInPanel.cs: 247680fcfc6a176b9fa28a3df600a754 -> 7585e1c7111b6b900784e6d1c9454258
  custom:scripting/monoscript/fileName/OperationProgressData.cs: 0db72349eeecbe9449a517b1d79cc760 -> 15f68712baaea535af36d9e0333c0a6e
  custom:scripting/monoscript/fileName/RepositoriesListHeaderState.cs: c0353a1af15ae4fd3d5a2a3cac816423 -> fb71b961ab7c924511a6b0e8680b60ee
  custom:scripting/monoscript/fileName/ClientDiffTreeViewItem.cs: 56be9d3aa410e770e75de2d8b93be89d -> 43bdd7aa5bf1aa039a5b572c119c38d0
  custom:scripting/monoscript/fileName/CreateWorkspaceView.cs: c40bc4c8524ef3e2374ef997beb2e4a6 -> 9ae2295080d141c0f12d02a71014e11c
  custom:scripting/monoscript/fileName/CommandLineArguments.cs: 0d20ca25f94249586a7c1484c469d8a2 -> 48a62ad3f817c0269ea7fc4a53799594
  custom:scripting/monoscript/fileName/DownloadRepository.cs: 46fc68d9cc4da8e8ed765ff28b2dd438 -> 5bad8d3f76a3fcb41a94637e37c11ab0
  custom:scripting/monoscript/fileName/ParentWindow.cs: 2476d8a6ba9c3055f984ac9792cae61a -> d6aa079e592e01701c5baa3ab98898bc
  custom:scripting/monoscript/fileName/OperationParams.cs: 091a140b35535b91c773ddf98925322d -> 3312c7a4424a66ffbf2f88f056f329aa
  custom:scripting/monoscript/fileName/SignInWithEmailPanel.cs: a5823728eb62cf6dbd8c933c1cb26f53 -> 6e8957c0ed7609303e68389067e72d72
  custom:scripting/monoscript/fileName/LaunchInstaller.cs: f9b7c99441bc32980ce9b95be066824b -> b75efdf5909b501e06cacd9c66f75981
  custom:scripting/monoscript/fileName/GetWindowIfOpened.cs: 84a2356c61155912908cf98a62600c22 -> fd8bfd1a9b371371ebbff48e377726f9
  custom:scripting/monoscript/fileName/AvatarImages.cs: ea6dca998cf0ec5122553a9e010ef687 -> 3aa8c25a350843151ec4070c820c411a
  custom:scripting/monoscript/fileName/DrawUserIcon.cs: 2f65feb9bed897237f97fbf9c5479092 -> 7d5385bf780ae84e648a8b49f8fe0825
  custom:scripting/monoscript/fileName/TreeViewItemExtensions.cs: d22abf8de7a9ab0e852b869a652f100d -> 6849c47ffa8623d630ef12f76bd49905
  custom:scripting/monoscript/fileName/AssetStatus.cs: b9ea657347f2c22e8e401cdb256c516c -> e017010009bdb28bcb0d7d8ef05e7dd9
  custom:scripting/monoscript/fileName/BranchesListView.cs: 334a3fb302f855f71fb71520fb442a71 -> 3f5ed9fe5a1bca512014ae1600ee1666
  custom:scripting/monoscript/fileName/DrawGuiModeSwitcher.cs: 363adc150c5f1c5059a678f179906090 -> d3be34a3134d3fe80ef6b14d0d519128
  custom:scripting/monoscript/fileName/UnityMenuItem.cs: 5f445176ad3735e69769d93250663be7 -> 73f3c859f1b5092ad362c09e23b3a922
  custom:scripting/monoscript/fileName/WebRestApiClient.cs: 8ab6ae74a3793a3375cc48f328048a82 -> 746756fd499dddd02a4e7ccdbac48be3
  custom:scripting/monoscript/fileName/ShelveListViewItem.cs: a37862556d04b25f75804d991e109d87 -> 373418f0ae11fc25a26ff7fe4f472006
  custom:scripting/monoscript/fileName/OpenPlasticProjectSettings.cs: 5a86fd454f7c9f74b62653e269818d3f -> 
  custom:scripting/monoscript/fileName/PendingChangesOptionsFoldout.cs: 2a2f5a0ba87bd75c4475236a9a012016 -> f9e651bcc5d4441496c88ab59a32f360
  custom:scripting/monoscript/fileName/IncomingChangesTreeView.cs: d8c19bc81b07c04d7721396d2821d297 -> 96479648d4498738733254eb4e4c6fb5
  custom:scripting/monoscript/fileName/GenericProgress.cs: 11287c7d038c487f32d0c8edc476a32d -> 8492ec26f01fc248d3eb3c2f5b3b6c0f
  custom:scripting/monoscript/fileName/ShelvesListView.cs: 0763e4076b11a683fa148282680085c0 -> 01c1f087b2f83b458da6b8ad18736606
  custom:scripting/monoscript/fileName/MergeCategoryTreeViewItem.cs: c1ecd9dc0cd73eb7eb129994dedc1a91 -> 6bd59fcbfeafe06987a54631991d755b
  custom:scripting/monoscript/fileName/CheckinDialog.cs: 1709b78fae1329cc05fd4f39334b25f5 -> 702fdb8d0a3b4bfcb9ba109e71325cad
  custom:scripting/monoscript/fileName/SortOrderComparer.cs: 8f6297df34271fdb1ce2d9607ec6261d -> 90647cc400823b41df847a6cbfc29026
  custom:scripting/monoscript/fileName/GUIActionRunner.cs: 69af7de0762ed6d085feb4cc4b5101b3 -> 4a0608de635b0d82868d57923d68eff7
  custom:scripting/monoscript/fileName/PlasticMenuItem.cs: 30c3a785b4c2607e2ae9aad693d5f604 -> 
  custom:scripting/monoscript/fileName/PendingChangesTreeView.cs: f3722f38014385705913f17dbe0f90c1 -> 17142d220a0a50a3f3d184c4718a0da7
  custom:scripting/monoscript/fileName/VCSPlugin.cs: 69c1b7249af35f35848ae707bd5e7113 -> 
  custom:scripting/monoscript/fileName/GetClientDiffInfos.cs: 4ae14b15e2cf5177a84735548a44cdc9 -> f8db8e637ded2d5e935a953a13b85ebe
  custom:scripting/monoscript/fileName/DrawActionButtonWithMenu.cs: d7f31944358aed2f3ed3982246fca039 -> 8d4f5edd02a1dd0f38c4f2baf5ee8a33
  custom:scripting/monoscript/fileName/ErrorListViewItem.cs: 9bf59c82e9c9992a012a3eb2b6c2bfe5 -> 509edc26860f8be303ec97d68aabc30d
  custom:container-muxer-webm: aa71ff27fc2769a1b78a27578f13a17b -> 
  custom:scripting/monoscript/fileName/EditorProgressControls.cs: b1f133fa38afd918d537a72574fc93a0 -> 2e606eb01a6e6a567f3de9a0379ed3ae
  custom:scripting/monoscript/fileName/BranchesListHeaderState.cs: d47f1164fa7093137db851c4c16ffba3 -> 82eab21603f4efc696334ee80641c2c9
  custom:scripting/monoscript/fileName/DrawSearchField.cs: b11b864a92c7d76f85d4ec87d6faf61c -> 3de70beba9f4447205d50241d95b066a
  custom:scripting/monoscript/fileName/PendingChangesTab.cs: c99065f3c85ec85c85ece2a1a30665af -> 15ae6787065f4af65778e981f418a60b
  custom:scripting/monoscript/fileName/MergeTreeHeaderState.cs: d266e9dd03ced7ec66ad3688e5f18f26 -> 6293ca7f65e9641fcbe12100e705a990
  custom:scripting/monoscript/fileName/BuildGetEventExtraInfoFunction.cs: 1308a6936e8051866a117b3b7c2c7b77 -> 74bfc8c01f931108a3c2b127aa04cc8d
  custom:scripting/monoscript/fileName/ShelvesTab.cs: 88e0da7511313c57d3f51ba183c4d3fc -> fca0a219bdad45e636bd34724e5dc89d
  custom:video-decoder-webm-vp8: 9c59270c3fd7afecdb556c50c9e8de78 -> 
  custom:scripting/monoscript/fileName/WelcomeView.cs: 07e35bfe1faa2c52c049eb30958acd54 -> f06c185659ea2f4a75f9397861dc6096
  custom:scripting/monoscript/fileName/DeleteMoveMenu.cs: 39c593e854a9a8ae0e6d34ceb587fce1 -> 4d026cbabd8105e38661f97da078042a
  custom:scripting/monoscript/fileName/PlasticApp.cs: c440a0fb380601a77ad475d6c15d4fa1 -> c57de230d90beac7b586f10b9c7c6cb5
  custom:scripting/monoscript/fileName/ChangesetsTab.cs: ef408d8aaf89e01b17643ed0c836680d -> 46dde8f7856048792ad2e75490bb8c5e
  custom:scripting/monoscript/fileName/DeleteBranchDialog.cs: efbbc070bfeda2b746e8b15a4380cb26 -> 8549b0fc52962c89115fd78724fee578
  custom:scripting/monoscript/fileName/IncomingChangesNotification.cs: d7ac4b8f9ea939309b8ceb7f729100a2 -> caa8ea2c7336b9227381f0971759e01a
  custom:scripting/monoscript/fileName/DrawTreeViewEmptyState.cs: d4c16fd6aad8161eda7d99fd74cbb08e -> 
  custom:scripting/monoscript/fileName/ErrorsListView.cs: cc3142391037796392fcd3fe860891dd -> cd35171982f17897dd5148dda46e0956
  custom:scripting/monoscript/fileName/UnityPendingChangesTree.cs: fd6f0a038401268983bd9328d10dec93 -> f391d9a00dc9e202cee4d4ebcf6d21c0
  custom:scripting/monoscript/fileName/ClientConfiguration.cs: 5f5e47bfb7cedc7420d7e59c6d7ae6f0 -> 01b18b09a6dbb3756e1f42a5b64aab0f
  custom:scripting/monoscript/fileName/AssetVcsOperations.cs: 50ee89e011ba3d800b4e7a9a24aca7e1 -> 
  custom:scripting/monoscript/fileName/PlasticDialog.cs: b0aae1bf1889af041741f324070b7b84 -> 63a17a2b696bc2a13c9046aa16f8cea4
  custom:SearchIndexIgnoredProperties: e643bd26f0fe6173181afceb89e7c659 -> 
  custom:scripting/monoscript/fileName/AutoRefresh.cs: 9d30d5d3f0e8985355be1ab597da1dbb -> 0a8afde180a876655ad16caa14493409
  custom:scripting/monoscript/fileName/PlasticPluginIsEnabledPreference.cs: 7953272c37f4a828a3d1096e7479f346 -> 
  custom:scripting/monoscript/fileName/GetRelativePath.cs: 9b16eb2de9e98b392077181cc34243c1 -> ab04ae5e0cafb93ebf5c96148bb52df0
  custom:scripting/monoscript/fileName/UnityEvents.cs: 253411328de37811883aded592b97268 -> c830e584565fcd66ca0d5a23ad8b9bd6
  custom:AudioImporter_EditorPlatform: 2f0ff77a95e0ac474e3e8eeba4e2f7cb -> 
  custom:scripting/monoscript/fileName/DeleteChangeMenu.cs: 540c783b689e4d6a4a383862455d5d39 -> bfa368dc06e11abcc107d6f80c7c19c5
  custom:scripting/monoscript/fileName/SelectNewCodeReviewBehavior.cs: df6e8e132199ea6ec467c9bced11011d -> a16edf3a8c3e5ac26863e890f68fd937
  custom:scripting/monoscript/fileName/DockEditorWindow.cs: 581124d5e19667105f2446d6dfbf7982 -> a9e5e467234133af999283610b6e84e6
  custom:scripting/monoscript/fileName/ProjectPackages.cs: e247c98bd45807b228765f9a94d82145 -> 9e9e13e39b2e9718b602503b87245c18
  custom:scripting/monoscript/fileName/BranchesSelection.cs: 7eb1fcb556f0fad697e4ec9d989be099 -> 33b36e7b03910960966036894ec90c7c
  custom:scripting/monoscript/fileName/SaveAction.cs: b68fbb4319dbb368959c40781b39fdf8 -> 27c387bb58f3a69b0c9ff60d2209e18f
  custom:scripting/monoscript/fileName/AutoConfig.cs: 6c4e7f9dc55323aa1299debfe9723aa6 -> bf4bbd2f2e752464ef51dbf102faed17
  custom:scripting/monoscript/fileName/DiffPanel.cs: 02288a38bd14cc2b52a25b302a6f154e -> 210366dab3631628227b9406f87a9b7f
  custom:scripting/monoscript/fileName/PlasticAssetsProcessor.cs: ff731c8aacf4a537dc74c7cf9eaeaed0 -> 
  custom:scripting/monoscript/fileName/DrawActionToolbar.cs: 52293cb82089e0370f52e257f41c0869 -> e05748a99799f26304c1bbafd90f703b
  custom:scripting/monoscript/fileName/EditorVersion.cs: 70953c9eccf7726f70c672a9a51619e9 -> 698aba075b19a52a056d67a7b809d179
  custom:scripting/monoscript/fileName/TeamEditionConfigurationWindow.cs: d06f049421c16e5927ec29f770917e09 -> e53b1ca5561894aaeff930afb696d001
  custom:scripting/monoscript/fileName/TreeViewItemIds.cs: 7d654a2b5b3a10da3e7d8472196e96d1 -> 0cdf409b5aa8d4c25876d72b5c6a3b60
  custom:scripting/monoscript/fileName/ProgressOperationHandler.cs: 5fbb4e0f656dcfaa4498bd2e492e4710 -> ec62666c0ca1649dd33cc6bc6834c6f7
  custom:scripting/monoscript/fileName/UnityPlasticTimer.cs: 961fdb6492c99b4a3eadbed28e78c4b0 -> 6c887e722e951c2964523825cad70c4c
  custom:scripting/monoscript/fileName/TreeHeaderColumns.cs: 9fc4a0396a421346b8aa3b7788860851 -> 316e5ea62e66b20fd6e687a6b9e5958e
  custom:scripting/monoscript/fileName/MergeOptionsDialog.cs: 25ac62df73845405e13f44e4dfdcf0d1 -> 9250ce23d260ab84f87bd5899c6cf983
  custom:scripting/monoscript/fileName/AssetFilesFilterPatternsMenuBuilder.cs: 8fe5de6e5dc3d42fb7e95de2aaedbf5a -> 0d99e7514c6a33cda8314deed8f34bc5
  custom:scripting/monoscript/fileName/MergeTreeView.cs: 143a828a1a236483d3cdc1d010ce9d51 -> 3feb38cec50d3fc7576ddbf07a9a9ce8
  custom:scripting/monoscript/fileName/PlasticNotification.cs: 3629fdff9f054b2013702f5b131b2c47 -> 
  custom:scripting/monoscript/fileName/ConfirmContinueWithPendingChangesDialog.cs: c0e147ff008a0b77c9337132a3ea70af -> 77462b1904ad8f6fee2f8da4523d59fe
  custom:scripting/monoscript/fileName/ShelvesListHeaderState.cs: d3cea237aa496a145829475430d90f29 -> 287f23cbe09ecb9b28ec8dd05ede8846
  custom:scripting/monoscript/fileName/ChangelistTreeViewItem.cs: a4a6f6169cdb3afe249e104e2b7b1a2c -> 87f69636be8bd1a264ec4eac1bffa701
  custom:scripting/monoscript/fileName/CollabPlugin.cs: bda741ff77a19affbf276298e29313ec -> ca276d65e7cd77c5c99d9f119ffdb215
  custom:scripting/monoscript/fileName/TabButton.cs: 757146b89ed597b1d75c77241e5d5f63 -> 
  custom:scripting/monoscript/fileName/LaunchTool.cs: 3ac53c8af1f56365aad9e1ae5366d98d -> 60773d78646dc188d4b2caca77f20b17
  custom:scripting/monoscript/fileName/RunModal.cs: 33b931100ee477e6812324eabaa2e837 -> c83ee2ef642c5d8b8dfd32f033bfc438
  custom:scripting/monoscript/fileName/BranchListViewItem.cs: 8fdaa5aa842f5a70237affa304b9d506 -> 55028f4aef24d6227589aaa95582b2ff
  custom:scripting/monoscript/fileName/GetAvatar.cs: 07c98163f75f0b7c672bd453fc82bf61 -> 04ffae2a9e5a4c32a119f93144f558d2
  custom:scripting/monoscript/fileName/MoveAddMenu.cs: 81d47caeb9f49803adfe1627c8ce5bf4 -> 1fbfab870b2e95fdd8a81f6019f764df
  custom:scripting/monoscript/fileName/FindTool.cs: fc3b0710b24078288fe829d0bb041dd0 -> 2f9d82566cfb01fb68fc30111fb47624
  custom:scripting/monoscript/fileName/ChannelCertificateUiImpl.cs: 75d7831ab5da75cc0082e28863abb142 -> cefccf1e13b7bcf15e3c9f2dd4cd2fc8
  custom:scripting/monoscript/fileName/ApplyCircleMask.cs: 02eb67e485278e7c9b719fee5ff90f4a -> b955b378d261fdcbd6272fe8711d1e4f
  custom:scripting/monoscript/fileName/AssetMenuOperations.cs: 131bfc7279b97eba576abe13a47f8f91 -> ebcce67603e288b4a84d49287db6ef5a
  custom:scripting/monoscript/fileName/ShelveAndSwitchOptionsFoldout.cs: 676902ec49ff9c5abb2a832f067966e8 -> e7b216a23869eafb9aecd00a8905fafa
  custom:scripting/monoscript/fileName/VisualElementExtensions.cs: cd98f4a51563fccdfc39eed097290325 -> 0aad2728225c469038631668406aebb3
  custom:scripting/monoscript/fileName/LocksSelector.cs: 70b046a562568fd78d093736e68a3a58 -> 7b0f4fc5552c1d92ba7f4648526ceb21
  custom:scripting/monoscript/fileName/ListViewItemIds.cs: 8f6297df34271fdb1ce2d9607ec6261d -> 90647cc400823b41df847a6cbfc29026
  custom:scripting/monoscript/fileName/CreateWorkspaceViewState.cs: 1deb37b3c17c224d9a7dca9c990ea191 -> 0fe23b7cca9336b31a27790c714de652
  custom:scripting/monoscript/fileName/MergeLinkListViewItem.cs: ebc1e6f9e3a3005d8f4c51a794adfdaa -> 3fa407d29597803190dd374d88ed170d
  custom:scripting/monoscript/fileName/DrawCommentTextArea.cs: ad5449f632fd412ac0f7ba0d171fd453 -> c58c26552f95f108a8d9610eaf001fbc
  custom:scripting/monoscript/fileName/ErrorsListHeaderState.cs: 9141660c9776c5dac5f980fd03a672a8 -> b961336a4a43551eb826f97c57673007
  custom:scripting/monoscript/fileName/MergeViewDirectoryConflictMenu.cs: d45972e8b5f74223c607a4daa895ff3d -> fad8e1937fc14fd75ca21a68ee1037b8
  custom:scripting/monoscript/fileName/RefreshAsset.cs: 4479d2949a66a97f66d1e550067f3767 -> 5a15c606785f1f54a697bb0d0d846dfb
  custom:scripting/monoscript/fileName/BoolSetting.cs: d67f952c3a5976591f3e9a9e7356bbab -> 12bf039ccd38b0f4ccfffbec3cbbf108
  custom:scripting/monoscript/fileName/CreateChangelistDialog.cs: 774371d4233cc1d394d98dc80507a1f8 -> 386b03e27c951c5f1d63daf7aae486ca
  custom:scripting/monoscript/fileName/HistoryListViewMenu.cs: 15a489e494f04a7ea37a587c7601070e -> 29770348599c8d5473b78d72e5741b40
  custom:scripting/monoscript/fileName/MergeViewFileConflictMenu.cs: d7362b83d6b320a0f0ceaf99dbe21727 -> 8fc0f292158abfa71c2c7b3b6f38d32a
  custom:scripting/monoscript/fileName/FilterRulesConfirmationDialog.cs: 5186d89f21d03764f0cca01c2a0122d7 -> 9c91c6c91f20e6d013a753f32343b327
  custom:scripting/monoscript/fileName/ChangesetsSelection.cs: d154d1782ed752b83834c54a0bde3df9 -> 8b9d539af9f7e269bac4e3d79e9ffab8
  custom:scripting/monoscript/fileName/AssetPostprocessor.cs: 96208057b904410715a8df295ba4f8f4 -> 
  custom:scripting/monoscript/fileName/IsResolved.cs: 67a72533af97b9ab7830798057ab806c -> f54a3e2c5134aa4306f9ad150b1911a9
  custom:scripting/monoscript/fileName/LocalStatusCache.cs: a558fcf5f34357bab4cfc7b75e2bb356 -> 30974ea30517fbfd1b93153f6c849a76
  custom:scripting/monoscript/fileName/RepositoryExplorerDialog.cs: 143e7416b576681e1f2ea71288e530e6 -> eea34924da79ad7254f3e141a891c78d
  custom:scripting/monoscript/fileName/WorkspaceWindow.cs: ff52e13cd29dacd66db0169e14f71a23 -> b042f06133312d3bfed176231d97d77c
  custom:scripting/monoscript/fileName/BranchesTab_Operations.cs: 764cb17e9337c58ad4f5304b60b2042e -> 57c33f76c527a5aba4d269245ffff188
  custom:scripting/monoscript/fileName/DiffAndMergeOptionsFoldout.cs: 080cbf9242c0571bafa2e45ef8932448 -> 2810bae564e92b04bc7ebe4e47a2880b
  custom:scripting/monoscript/fileName/PlasticShutdown.cs: a8df8eeeed98372d06e446171a192a6d -> 
  custom:scripting/monoscript/fileName/FilesFilterPatternsMenuBuilder.cs: 28072cd275c96994687e6d4d0d6e1dff -> cf716a8d336c8113475a9ca67a799ec1
  custom:scripting/monoscript/fileName/HistoryListViewItem.cs: 2d3b1fc954b6bdbae298ec250ade0663 -> 96f2b67ec620b83e35d13f11877e1ac1
  custom:scripting/monoscript/fileName/RemoteStatusCache.cs: 00463e6b90cfe7da080d7c266f783980 -> 402d5663f3675e9324c129274b0c00f2
  custom:scripting/monoscript/fileName/EditorWindowFocus.cs: 1012e4e2e29e9b29bdcc03d8b92762a8 -> f258b0cf85078a7435d001e522d5e8e3
  custom:scripting/monoscript/fileName/EnumExtensions.cs: 24df84756ec75feecd53a80a0991ea16 -> 872fcb89b813d64606e680211dede528
  custom:scripting/monoscript/fileName/NewIncomingChanges.cs: fc48261878ef7e4b956e7172f5803aee -> 
  custom:scripting/monoscript/fileName/IsExeVersion.cs: 093723a3ef9cbad630dfdc60c764eff0 -> 9ef63354090e3419637bfe79e3489687
  custom:video-encoder-webm-vp8: eb34c28f22e8b96e1ab97ce403110664 -> 
  custom:scripting/monoscript/fileName/UnityIncomingChangesTree.cs: f774bb8bf0bd45a254894c795843c695 -> 42967773c43d3de5d23be4ddc6dfd9c4
  custom:scripting/monoscript/fileName/UnityDiffTree.cs: 447fc3a8922f56330f4bae8c9dc9a8be -> 1029ffd567bc0e646e6b119719dcb2ff
  custom:scripting/monoscript/fileName/TreeHeaderSettings.cs: 114eb9e27124403e8e111494b8eaf987 -> 662b1714c0fce36da72bbfe60201987a
  custom:scripting/monoscript/fileName/UnityConstants.cs: 323df5e3c80d05e06517581c776fde34 -> e3d3c3e11a194da9e5bbbfb97087a7bd
  custom:scripting/monoscript/fileName/IsExeAvailable.cs: 3e4283303610c884e542b8f6d3e922d4 -> 4a3dbc5ded94087064afd97407f26631
  custom:scripting/monoscript/fileName/LoadedTwiceMenu.cs: 961f9b82936caa7937046ac23d323c2c -> b54aa2e14eb740621bb6f926af7cb8ef
  custom:scripting/monoscript/fileName/AutoLogin.cs: e67ed70aada38469aeb667115929c368 -> b4cb98371fc38cca00d7123b7e649e12
  custom:scripting/monoscript/fileName/DrawMergeOverview.cs: 1db93bf179b38015949e3a3cb6ef1bd3 -> 49e0e525c3c170f79c20dc6779b7ead8
  custom:audio-decoder-ogg-vorbis: bf7c407c2cedff20999df2af8eb42d56 -> 
  custom:scripting/monoscript/fileName/UpdateReportLineListViewItem.cs: a101f0ba5292fc139445870b3f4af838 -> 9f63395e1ea590dbbab4d59cd0032ac4
  custom:scripting/monoscript/fileName/DrawSplitter.cs: ec7e8739eacabcca3e2946d9833eea0f -> d2f114a8e8e4167f7762d835a83b2f55
  custom:scripting/monoscript/fileName/LaunchDependenciesDialog.cs: e1c527862a66e73f0417ae177d7fdfb5 -> 2cabf22eb95430074b6c730a84e03493
  custom:scripting/monoscript/fileName/CredentialsResponse.cs: 96b135ae1c4ea541dc762170ea524fa9 -> 3dd2507693e56dac75ee7783f598cbb9
  custom:scripting/monoscript/fileName/LaunchDiffOperations.cs: aeae601320588a70eea7590a2f7e0f69 -> 871a0804a9fe2d9f2ad088303a89a63e
  custom:scripting/monoscript/fileName/PlasticSplitterGUILayout.cs: 111849f67dfbfea65ad2a9298ad1654d -> 
  custom:scripting/monoscript/fileName/CheckinDialogOperations.cs: 0b2a2cd4c41cf1865a29cf91b2a96a48 -> d032d69e8060311c06b88286e8f22ddd
  custom:scripting/monoscript/fileName/PendingChangesViewMenu.cs: 68fab310addfd7068cfd7920070496ff -> 9b0019b6df6bb14eb3a2dbafa53fb54b
  custom:scripting/monoscript/fileName/AssetsSelection.cs: 35cec24e81f0cb1de51daeb356abc4ff -> 0227d7ff4d5687932d10967a945a9b06
  custom:scripting/monoscript/fileName/EnumPopupSetting.cs: 8f6297df34271fdb1ce2d9607ec6261d -> 90647cc400823b41df847a6cbfc29026
  custom:scripting/monoscript/fileName/PlasticConnectionMonitor.cs: 920e8e381bfc94da8bb69d336dda57ca -> 
  custom:scripting/monoscript/fileName/HistoryListHeaderState.cs: 6226ef13a567fa81584864f8698be331 -> a87e0364d14866c369ad50d669bdfa85
  custom:scripting/monoscript/fileName/EnableSwitchAndShelveFeatureDialog.cs: 2cb9334d072aaff777efab2d72a2583e -> 03bdf2f298649e7c429ac90c7a3c461a
  custom:scripting/monoscript/fileName/CloudEditionWelcomeWindow.cs: c886fdb39f4b8787e6ea3701a8f88f4a -> b1721e471183956468462f6b64901640
  custom:scripting/monoscript/fileName/AssetsPath.cs: 367269acf8f676d2cdd30fdc387b3920 -> e0e986124adc46d913f0683c34b88c9f
  custom:scripting/monoscript/fileName/MetaPath.cs: 1f80313a7ce6ec6ece505285578f5745 -> 417a84eb354831f828a6752b26c8592d
  custom:scripting/monoscript/fileName/CredentialsUIImpl.cs: 90e9c2de8d7bdd8424e0d89c415108ae -> dbacf67c37819fd95562fe169e706732
  custom:scripting/monoscript/fileName/ChangesetsViewMenu.cs: b720f0168f4ce1b1e0d358a6d5ec9a42 -> 7d1a2de81910b5990e71a0bfff26fdca
  custom:scripting/monoscript/fileName/UnityPlasticGuiMessage.cs: 2a7f71f59c0d7dc731fd345a3713957c -> 24eef0792e3802809607a7f9d04b8f1d
  custom:scripting/monoscript/fileName/OrganizationCredentials.cs: ee462057b3bd23cc3dab953ac4d656e2 -> 0b123406cadd651e9adc01c85fab5124
  custom:scripting/monoscript/fileName/StatusBar.cs: 2c8c488a8bbfe924f6b53b202ff6aadd -> 
  custom:scripting/monoscript/fileName/IsCurrent.cs: 7343ceec4312304bb8b398eeb6c375fa -> cf1fd01890d0fd9f011c1a1a491e2cf0
  custom:scripting/monoscript/fileName/ChangesetFromCollabCommitResponse.cs: b986ab8b1acd322b0367812e2d541734 -> ba336e4117e1b7ee28e4c17197bc3d0e
  custom:scripting/monoscript/fileName/MoveToChangelistMenuBuilder.cs: 3a2ef8cb0baf69e5dadeafc731fe32a9 -> a90b3e388d3e1316fa104d4c9a03e2d1
  custom:scripting/monoscript/fileName/LoadingSpinner.cs: b3299af90b664a9f42123e7df43fae24 -> 6aff0ac022d117a8e24a7b5e4b11904c
  custom:scripting/monoscript/fileName/LocksTab.cs: 134c512484ae73354c15c06a6dc69f9f -> 00ffb5a39c16fdc2d733c7e53471a3a9
  custom:scripting/monoscript/fileName/BranchesTab.cs: 764cb17e9337c58ad4f5304b60b2042e -> 57c33f76c527a5aba4d269245ffff188
  custom:scripting/monoscript/fileName/ToolConfig.cs: 18b1ea271ce5e7b6deea7b4e8e175269 -> fcffc3165b047f54ed6ccafa4c8760dd
  custom:scripting/monoscript/fileName/DropDownTextField.cs: e66e7314096900597993d2b353757d8d -> c8fc484ce140049ff31ebc2c6cbebf28
  custom:scripting/monoscript/fileName/AssetsProcessor.cs: 47679a6e15b70f4fef48eb1b2df31b19 -> 18737889e95cd4088e8dfd4153fa8f40
  custom:scripting/monoscript/fileName/DrawActionButton.cs: d847a7d82ac92cab2b3d0ae268cefb3d -> 81e6708d2b8fa199354e53f85db731a8
  custom:scripting/monoscript/fileName/TableViewOperations.cs: ddc7b903e0dbd6bd109f2bd709b95f0e -> bef3a31deb1fe794a90f767d16e4c868
  custom:scripting/monoscript/fileName/UpdateProgress.cs: 5b04f01bf199310f09ab9522f89c78f4 -> 281e1e05168d6a30be1d8d2f6200bef8
  custom:scripting/monoscript/fileName/OrganizationsInformation.cs: b3f0758c6655b2dad1161792812992fa -> 5f067ea8d90fc79055a3dcfd58ae6dca
  custom:scripting/monoscript/fileName/ChangeDeleteMenu.cs: 652dcd6f863c509bfa0376b6d95ab1ec -> 4fefe66d6e279ce0ac2fdc57d409f232
  custom:scripting/monoscript/fileName/SubscriptionDetailsResponse.cs: e10e0299ef716630c63b8cf5f792cda0 -> e5121cec860a6d1097cc809217b3d8fe
  custom:scripting/monoscript/fileName/DrawProgressForDialogs.cs: 5f8d39e3ea7c4a42148c6b1a7b4ca061 -> a5f2abd8875e7a6afbc171fabfbae81f
  custom:scripting/monoscript/fileName/ToolbarButton.cs: 47dc767626bbd94d66707af31ddc5eb6 -> 
  custom:scripting/monoscript/fileName/ProjectViewAssetSelection.cs: 349dc288d32791de51156d4e59000b7b -> 2560eadaf6a13a74a46a4a207cd5a8b6
  custom:scripting/monoscript/fileName/DrawTreeViewItem.cs: cceebc4f1185658619e40964f29acb08 -> 0921a62a588ab864253743d1f07afb5a
  custom:scripting/monoscript/fileName/DrawSceneOperations.cs: 2426c0c2ee58cd28be59874f6425940c -> d87f46f9fb97181a2f51490ea2e1efc3
  custom:audio-encoder-webm-vorbis: bf7c407c2cedff20999df2af8eb42d56 -> 
  custom:scripting/monoscript/fileName/DrawActionHelpBox.cs: dcd6ec2e7fb1b44f22c4a79ff87b70cd -> c8f6be9dab1e6f8d71e0c63c29679186
  custom:scripting/monoscript/fileName/PendingChangesMultiColumnHeader.cs: 21802cc6929e0e180fb4f0be8e34d9d0 -> 722de7d6e07a79981d750438e6febb8f
  custom:scripting/monoscript/fileName/EditorDispatcher.cs: c739e073a8c38dbcf59192f45d1004c5 -> 3c402eae57d73cc54863f3f6a13096ae
  custom:scripting/monoscript/fileName/MovedEvilTwinMenu.cs: ce111941dc7264d29598ce7fd2770927 -> d480b839850d28c1c9526cb587fc752d
  custom:scripting/monoscript/fileName/IIncomingChangesTab.cs: d4ceabdc48d8a1872bbe87f04d89a4ff -> 40644cd18074db84684b9e437bf8fa77
  custom:scripting/monoscript/fileName/GetChangesOverlayIcon.cs: f00e4b795697c6cf3092760f3b6fc49d -> d599d6efdee28305661bc0cf6683858a
  custom:scripting/monoscript/fileName/ShelvedChangesNotification.cs: 13b6a2ccd8b4ac1f5ee30c8404cea3b0 -> a27e9e7b242b904f41fc1b16d3a1b3fd
  custom:scripting/monoscript/fileName/EvilTwinMenu.cs: 475a88947051822ca4915306469f9bcc -> 919e4faae0573e49949f6dfbb5a733da
  custom:scripting/monoscript/fileName/ChangesetsListView.cs: caae0aefb36c869f50691482a5cd0944 -> 87b74e0d80cf59010f55e2baaeb6679d
  custom:scripting/monoscript/fileName/UpdateReportListView.cs: 2d8fccdaad50bbd7454b52cf9cb4a0f9 -> 08d26df1ab6c3a7628addc5e54e50b08
  custom:scripting/monoscript/fileName/UnityConfigurationChecker.cs: 59a8f0715a7c89a752351bf42f94abbd -> 874cd65cce0384fef4b60e71fb08a429
  custom:scripting/monoscript/fileName/CheckWorkspaceTreeNodeStatus.cs: 5e11ff64963669981115eb58dc2b6e8b -> 1e1255b803bf7cbc935bb804bf0dbe7b
  custom:scripting/monoscript/fileName/TreeViewSessionState.cs: 8333273b312d475b653610e2871c20a5 -> 9f39a2ca55a7481b8ba078d3a2b6815e
  custom:scripting/monoscript/fileName/ErrorsPanel.cs: 21fc210ee17d5e95782397ef8c7dafab -> 515b7ba9af5e7885ba3068b1d63c6104
  custom:scripting/monoscript/fileName/PlasticPlugin.cs: a57c142b98ca3d4daad221737fd72924 -> c64561980f26020cc3206ae8b1047268
  custom:scripting/monoscript/fileName/SwitchModeConfirmationDialog.cs: 4d9c02587760213784bfe53d012122b4 -> 30cd71d0b3ee4b2689cde689908d301e
  custom:scripting/monoscript/fileName/PlasticWindow.cs: fc467478941f610919bc69526ba2c215 -> 
  custom:scripting/monoscript/fileName/PlasticExeLauncher.cs: caa0b5dda5df50c85bb19d27252d16b9 -> f1da27253760250030952f02cb54965a
  custom:scripting/monoscript/fileName/BranchesViewMenu.cs: 8089f11c30784e2e57775dd6cdbae898 -> 7bfc83e917c9b0b5aa423bb947ce2a38
  custom:scripting/monoscript/fileName/CooldownWindowDelayer.cs: 7816cfcad485500dbac9993c4502ea69 -> 4c95e39c8dd4cfa1bca106097fdb6524
  custom:scripting/monoscript/fileName/GetInstallerTmpFileName.cs: fa7bda723ac795b48e38504727f44981 -> d09e0b5c7a9af5874530e17ef23025f0
  custom:scripting/monoscript/fileName/AssetModificationProcessor.cs: a602c9e59e7db185e3a0d68d986e6fef -> 
  custom:scripting/monoscript/fileName/IsCollabProjectMigratedResponse.cs: 4c3294c6a51e6f42161d191230692016 -> af2b76c693935deee55cfcaed2aa7568
========================================================================
Received Import Request.
  Time since last request: 72.171168 seconds.
  path: Assets/DefaultPrefabObjects.asset
  artifactKey: Guid(5677f779c346723889f1d1ce1da11d85) Importer(2089858483,0ecaa5967403d082aa24f35e1b516d23)
Start importing Assets/DefaultPrefabObjects.asset using Guid(5677f779c346723889f1d1ce1da11d85) Importer(2089858483,0ecaa5967403d082aa24f35e1b516d23) [PhysX] Initialized MultithreadedTaskDispatcher with 8 workers.
 -> (artifact id: 'ccf4c5a57bbe37af8a326dccf0acadc9') in 0.174482 seconds
Number of updated asset objects reloaded before import = 0
Number of asset objects unloaded after import = 178
========================================================================
Received Import Request.
  Time since last request: 0.000039 seconds.
  path: Assets/FishNet/CodeGenerating/Extension/FieldReferenceExtensions.cs
  artifactKey: Guid(6d983ebd0c9e1b745902030c2f7a8e99) Importer(2089858483,0ecaa5967403d082aa24f35e1b516d23)
Start importing Assets/FishNet/CodeGenerating/Extension/FieldReferenceExtensions.cs using Guid(6d983ebd0c9e1b745902030c2f7a8e99) Importer(2089858483,0ecaa5967403d082aa24f35e1b516d23) [PhysX] Initialized MultithreadedTaskDispatcher with 8 workers.
 -> (artifact id: 'f79cd850b9cd133a8922830d8459f9e8') in 0.028515 seconds
Number of updated asset objects reloaded before import = 0
Number of asset objects unloaded after import = 1
========================================================================
Received Import Request.
  Time since last request: 0.000038 seconds.
  path: Assets/FishNet/CodeGenerating/cecil-0.11.4/Mono.Cecil.nuspec
  artifactKey: Guid(9ab5a3af6caf6d14da0bad821a809a27) Importer(2089858483,0ecaa5967403d082aa24f35e1b516d23)
Start importing Assets/FishNet/CodeGenerating/cecil-0.11.4/Mono.Cecil.nuspec using Guid(9ab5a3af6caf6d14da0bad821a809a27) Importer(2089858483,0ecaa5967403d082aa24f35e1b516d23) [PhysX] Initialized MultithreadedTaskDispatcher with 8 workers.
 -> (artifact id: '80bc2e67c27089d8765631a03771c190') in 0.009165 seconds
Number of updated asset objects reloaded before import = 0
Number of asset objects unloaded after import = 1
========================================================================
Received Import Request.
  Time since last request: 0.000030 seconds.
  path: Assets/FishNet/Runtime/Connection/OldTickOption.cs
  artifactKey: Guid(139cb2731a4787e47919ef19010d7953) Importer(2089858483,0ecaa5967403d082aa24f35e1b516d23)
Start importing Assets/FishNet/Runtime/Connection/OldTickOption.cs using Guid(139cb2731a4787e47919ef19010d7953) Importer(2089858483,0ecaa5967403d082aa24f35e1b516d23) [PhysX] Initialized MultithreadedTaskDispatcher with 8 workers.
 -> (artifact id: '9bc227c4d602333449bae19f3da669d9') in 0.012645 seconds
Number of updated asset objects reloaded before import = 0
Number of asset objects unloaded after import = 1
========================================================================
Received Import Request.
  Time since last request: 0.000026 seconds.
  path: Assets/FishNet/Runtime/InstanceFinder.cs
  artifactKey: Guid(528668525d755164d989cddc73e3eee5) Importer(2089858483,0ecaa5967403d082aa24f35e1b516d23)
Start importing Assets/FishNet/Runtime/InstanceFinder.cs using Guid(528668525d755164d989cddc73e3eee5) Importer(2089858483,0ecaa5967403d082aa24f35e1b516d23) [PhysX] Initialized MultithreadedTaskDispatcher with 8 workers.
 -> (artifact id: '4786fc610663c20878e9e523bd9684a3') in 0.012495 seconds
Number of updated asset objects reloaded before import = 0
Number of asset objects unloaded after import = 1
========================================================================
Received Import Request.
  Time since last request: 0.000029 seconds.
  path: Assets/FishNet/CodeGenerating/Helpers/PhysicsHelper.cs
  artifactKey: Guid(28ae27f7bc8e89547a606262508fdd36) Importer(2089858483,0ecaa5967403d082aa24f35e1b516d23)
Start importing Assets/FishNet/CodeGenerating/Helpers/PhysicsHelper.cs using Guid(28ae27f7bc8e89547a606262508fdd36) Importer(2089858483,0ecaa5967403d082aa24f35e1b516d23) [PhysX] Initialized MultithreadedTaskDispatcher with 8 workers.
 -> (artifact id: 'f134e20fe59e5c2e6f99b3f4220d7823') in 0.011301 seconds
Number of updated asset objects reloaded before import = 0
Number of asset objects unloaded after import = 1
========================================================================
Received Import Request.
  Time since last request: 0.000054 seconds.
  path: Assets/Spaceflight Controls/Scripts/CameraFlightFollow.cs
  artifactKey: Guid(558f791b0ffe35843a4f202585a772ad) Importer(2089858483,0ecaa5967403d082aa24f35e1b516d23)
Start importing Assets/Spaceflight Controls/Scripts/CameraFlightFollow.cs using Guid(558f791b0ffe35843a4f202585a772ad) Importer(2089858483,0ecaa5967403d082aa24f35e1b516d23) [PhysX] Initialized MultithreadedTaskDispatcher with 8 workers.
 -> (artifact id: 'f75c9af1e2ace0b15b9913f83c64fb88') in 0.010415 seconds
Number of updated asset objects reloaded before import = 0
Number of asset objects unloaded after import = 1
========================================================================
Received Import Request.
  Time since last request: 0.000089 seconds.
  path: Assets/Scenes/First Person Example.unity
  artifactKey: Guid(df0eeae173199904c8c0dc3853f303ce) Importer(2089858483,0ecaa5967403d082aa24f35e1b516d23)
Start importing Assets/Scenes/First Person Example.unity using Guid(df0eeae173199904c8c0dc3853f303ce) Importer(2089858483,0ecaa5967403d082aa24f35e1b516d23) [PhysX] Initialized MultithreadedTaskDispatcher with 8 workers.
 -> (artifact id: 'af79c4d2bdbd33e93c68412dc7118ad4') in 0.010533 seconds
Number of updated asset objects reloaded before import = 0
Number of asset objects unloaded after import = 1
========================================================================
Received Import Request.
  Time since last request: 0.000211 seconds.
  path: Assets/FishNet/Demos/FishNet.Demos.asmdef
  artifactKey: Guid(0bb35fc3181999548a4abea731e00e89) Importer(2089858483,0ecaa5967403d082aa24f35e1b516d23)
Start importing Assets/FishNet/Demos/FishNet.Demos.asmdef using Guid(0bb35fc3181999548a4abea731e00e89) Importer(2089858483,0ecaa5967403d082aa24f35e1b516d23) [PhysX] Initialized MultithreadedTaskDispatcher with 8 workers.
 -> (artifact id: '2d8ebae0922ab1ebd76e4cba2daf7949') in 0.012962 seconds
Number of updated asset objects reloaded before import = 0
Number of asset objects unloaded after import = 1
========================================================================
Received Import Request.
  Time since last request: 0.000026 seconds.
  path: Assets/FishNet/CodeGenerating/FN_README.txt
  artifactKey: Guid(9133eb285bd7f3c4f89f4d7a2a079c6b) Importer(2089858483,0ecaa5967403d082aa24f35e1b516d23)
Start importing Assets/FishNet/CodeGenerating/FN_README.txt using Guid(9133eb285bd7f3c4f89f4d7a2a079c6b) Importer(2089858483,0ecaa5967403d082aa24f35e1b516d23) [PhysX] Initialized MultithreadedTaskDispatcher with 8 workers.
 -> (artifact id: '86bbaa56d31004e1db1dd8cc4b478e14') in 0.011506 seconds
Number of updated asset objects reloaded before import = 0
Number of asset objects unloaded after import = 1
========================================================================
Received Import Request.
  Time since last request: 0.000110 seconds.
  path: Assets/Spaceflight Controls/Resources/Explosion.prefab
  artifactKey: Guid(7315bd7efd619ac4e86bd4f5c3c5e44d) Importer(2089858483,0ecaa5967403d082aa24f35e1b516d23)
Start importing Assets/Spaceflight Controls/Resources/Explosion.prefab using Guid(7315bd7efd619ac4e86bd4f5c3c5e44d) Importer(2089858483,0ecaa5967403d082aa24f35e1b516d23) [PhysX] Initialized MultithreadedTaskDispatcher with 8 workers.
 -> (artifact id: 'b2a760c47bee9134558d9e949c91ee76') in 0.177143 seconds
Number of updated asset objects reloaded before import = 0
Number of asset objects unloaded after import = 7
========================================================================
Received Import Request.
  Time since last request: 0.000033 seconds.
  path: Assets/FishNet/Demos/Prefabs/NetworkManager.prefab
  artifactKey: Guid(0b650fca685f2eb41a86538aa883e4c1) Importer(2089858483,0ecaa5967403d082aa24f35e1b516d23)
Start importing Assets/FishNet/Demos/Prefabs/NetworkManager.prefab using Guid(0b650fca685f2eb41a86538aa883e4c1) Importer(2089858483,0ecaa5967403d082aa24f35e1b516d23) [PhysX] Initialized MultithreadedTaskDispatcher with 8 workers.
 -> (artifact id: 'cac16147395777d5a540fe56bab6eb07') in 0.088989 seconds
Number of updated asset objects reloaded before import = 0
Number of asset objects unloaded after import = 40
========================================================================
Received Import Request.
  Time since last request: 0.000050 seconds.
  path: Assets/FishNet/Upgrading/UpgradeFromMirrorMenu.cs
  artifactKey: Guid(55cd1de3399bf564a9545f089421a88d) Importer(2089858483,0ecaa5967403d082aa24f35e1b516d23)
Start importing Assets/FishNet/Upgrading/UpgradeFromMirrorMenu.cs using Guid(55cd1de3399bf564a9545f089421a88d) Importer(2089858483,0ecaa5967403d082aa24f35e1b516d23) [PhysX] Initialized MultithreadedTaskDispatcher with 8 workers.
 -> (artifact id: '326bfbc7f878fce95eaf5ce35d574991') in 0.013643 seconds
Number of updated asset objects reloaded before import = 0
Number of asset objects unloaded after import = 1
========================================================================
Received Import Request.
  Time since last request: 0.000072 seconds.
  path: Assets/FishNet/Demos/SceneManager/SceneManager Event Diagram.png
  artifactKey: Guid(f2231de60d345664cb1831a2e2ebe776) Importer(2089858483,0ecaa5967403d082aa24f35e1b516d23)
Start importing Assets/FishNet/Demos/SceneManager/SceneManager Event Diagram.png using Guid(f2231de60d345664cb1831a2e2ebe776) Importer(2089858483,0ecaa5967403d082aa24f35e1b516d23) [PhysX] Initialized MultithreadedTaskDispatcher with 8 workers.
 -> (artifact id: 'a6fe7d33b30dbc054f24e51b395f6cf2') in 0.117724 seconds
Number of updated asset objects reloaded before import = 0
Number of asset objects unloaded after import = 1
========================================================================
Received Import Request.
  Time since last request: 0.000026 seconds.
  path: Assets/FishNet/Runtime/Documenting/Attributes.cs
  artifactKey: Guid(9d101aaaeb244ac48bfe2d7d05308c1c) Importer(2089858483,0ecaa5967403d082aa24f35e1b516d23)
Start importing Assets/FishNet/Runtime/Documenting/Attributes.cs using Guid(9d101aaaeb244ac48bfe2d7d05308c1c) Importer(2089858483,0ecaa5967403d082aa24f35e1b516d23) [PhysX] Initialized MultithreadedTaskDispatcher with 8 workers.
 -> (artifact id: 'b1993d6759517c4f8fd1b0150032faf7') in 0.011109 seconds
Number of updated asset objects reloaded before import = 0
Number of asset objects unloaded after import = 1
========================================================================
Received Import Request.
  Time since last request: 0.000029 seconds.
  path: Assets/Spaceflight Controls/Scripts/bullet.cs
  artifactKey: Guid(dba0bbb5447110d42b2814461493adbb) Importer(2089858483,0ecaa5967403d082aa24f35e1b516d23)
Start importing Assets/Spaceflight Controls/Scripts/bullet.cs using Guid(dba0bbb5447110d42b2814461493adbb) Importer(2089858483,0ecaa5967403d082aa24f35e1b516d23) [PhysX] Initialized MultithreadedTaskDispatcher with 8 workers.
 -> (artifact id: 'ab9031904c9bad2bcb947790d3e47d92') in 0.011014 seconds
Number of updated asset objects reloaded before import = 0
Number of asset objects unloaded after import = 1
========================================================================
Received Import Request.
  Time since last request: 0.000021 seconds.
  path: Assets/FishNet/CodeGenerating/Processing/CustomSerializerProcessor.cs
  artifactKey: Guid(9269fd8a62199e24c965b4c99b641244) Importer(2089858483,0ecaa5967403d082aa24f35e1b516d23)
Start importing Assets/FishNet/CodeGenerating/Processing/CustomSerializerProcessor.cs using Guid(9269fd8a62199e24c965b4c99b641244) Importer(2089858483,0ecaa5967403d082aa24f35e1b516d23) [PhysX] Initialized MultithreadedTaskDispatcher with 8 workers.
 -> (artifact id: 'f5f89929449aab1b67507eb8a0273fb8') in 0.013493 seconds
Number of updated asset objects reloaded before import = 0
Number of asset objects unloaded after import = 1
========================================================================
Received Import Request.
  Time since last request: 0.000190 seconds.
  path: Assets/FishNet/CodeGenerating/cecil-0.11.4/Mono.Cecil.Tests.props
  artifactKey: Guid(4304d9110a6c73049a70f3d001e1ac37) Importer(2089858483,0ecaa5967403d082aa24f35e1b516d23)
Start importing Assets/FishNet/CodeGenerating/cecil-0.11.4/Mono.Cecil.Tests.props using Guid(4304d9110a6c73049a70f3d001e1ac37) Importer(2089858483,0ecaa5967403d082aa24f35e1b516d23) [PhysX] Initialized MultithreadedTaskDispatcher with 8 workers.
 -> (artifact id: '15dd668873834b7d2909931445fd24e8') in 0.010125 seconds
Number of updated asset objects reloaded before import = 0
Number of asset objects unloaded after import = 1
========================================================================
Received Import Request.
  Time since last request: 0.000027 seconds.
  path: Assets/Spaceflight Controls/Scripts/PlayerFlightControl.cs
  artifactKey: Guid(b2bfa72b8825cbe40ae2877700f6e437) Importer(2089858483,0ecaa5967403d082aa24f35e1b516d23)
Start importing Assets/Spaceflight Controls/Scripts/PlayerFlightControl.cs using Guid(b2bfa72b8825cbe40ae2877700f6e437) Importer(2089858483,0ecaa5967403d082aa24f35e1b516d23) [PhysX] Initialized MultithreadedTaskDispatcher with 8 workers.
 -> (artifact id: 'f49c56f30c80b089096cc36499949732') in 0.014199 seconds
Number of updated asset objects reloaded before import = 0
Number of asset objects unloaded after import = 1
========================================================================
Received Import Request.
  Time since last request: 0.000035 seconds.
  path: Assets/FishNet/CodeGenerating/Processing/CodegenBase.cs
  artifactKey: Guid(8462034e5255191499a018bd8fbbf751) Importer(2089858483,0ecaa5967403d082aa24f35e1b516d23)
Start importing Assets/FishNet/CodeGenerating/Processing/CodegenBase.cs using Guid(8462034e5255191499a018bd8fbbf751) Importer(2089858483,0ecaa5967403d082aa24f35e1b516d23) [PhysX] Initialized MultithreadedTaskDispatcher with 8 workers.
 -> (artifact id: 'c3af6540e41f6c97c78982f1ddfe115c') in 0.013085 seconds
Number of updated asset objects reloaded before import = 0
Number of asset objects unloaded after import = 1
========================================================================
Received Import Request.
  Time since last request: 0.000046 seconds.
  path: Assets/FishNet/Runtime/Connection/EstimatedTick.cs
  artifactKey: Guid(36df408e03d0cab4ab728897541c2bf2) Importer(2089858483,0ecaa5967403d082aa24f35e1b516d23)
Start importing Assets/FishNet/Runtime/Connection/EstimatedTick.cs using Guid(36df408e03d0cab4ab728897541c2bf2) Importer(2089858483,0ecaa5967403d082aa24f35e1b516d23) [PhysX] Initialized MultithreadedTaskDispatcher with 8 workers.
 -> (artifact id: '5f1e3dce1ae8057acea8731b47bc2b57') in 0.011006 seconds
Number of updated asset objects reloaded before import = 0
Number of asset objects unloaded after import = 1
========================================================================
Received Import Request.
  Time since last request: 0.000035 seconds.
  path: Assets/Spaceflight Controls/Scenes/Example 3Settings.lighting
  artifactKey: Guid(f7652f8c6b70caed0bbf4136889dfbc7) Importer(2089858483,0ecaa5967403d082aa24f35e1b516d23)
Start importing Assets/Spaceflight Controls/Scenes/Example 3Settings.lighting using Guid(f7652f8c6b70caed0bbf4136889dfbc7) Importer(2089858483,0ecaa5967403d082aa24f35e1b516d23) [PhysX] Initialized MultithreadedTaskDispatcher with 8 workers.
LightingSettings: switching bake backend from 1 to 0.
 -> (artifact id: '80d3155d0dbb5942d686dead7ec79276') in 0.032979 seconds
Number of updated asset objects reloaded before import = 0
Number of asset objects unloaded after import = 1
========================================================================
Received Import Request.
  Time since last request: 0.000032 seconds.
  path: Assets/Spaceflight Controls/Resources/Example Container.prefab
  artifactKey: Guid(33501270f9f922a4aa61bd1e392814bf) Importer(2089858483,0ecaa5967403d082aa24f35e1b516d23)
Start importing Assets/Spaceflight Controls/Resources/Example Container.prefab using Guid(33501270f9f922a4aa61bd1e392814bf) Importer(2089858483,0ecaa5967403d082aa24f35e1b516d23) [PhysX] Initialized MultithreadedTaskDispatcher with 8 workers.
 -> (artifact id: '3ff117ca10c611450e49e7d8a3c16082') in 0.030011 seconds
Number of updated asset objects reloaded before import = 0
Number of asset objects unloaded after import = 57
========================================================================
Received Import Request.
  Time since last request: 0.000028 seconds.
  path: Assets/FishNet/Runtime/Connection/NetworkConnection.Prediction.cs
  artifactKey: Guid(a0068eb93a417a44b9151b61a08d8547) Importer(2089858483,0ecaa5967403d082aa24f35e1b516d23)
Start importing Assets/FishNet/Runtime/Connection/NetworkConnection.Prediction.cs using Guid(a0068eb93a417a44b9151b61a08d8547) Importer(2089858483,0ecaa5967403d082aa24f35e1b516d23) [PhysX] Initialized MultithreadedTaskDispatcher with 8 workers.
 -> (artifact id: '00bae7c15adebe71c22e12bb20e0ba00') in 0.011076 seconds
Number of updated asset objects reloaded before import = 0
Number of asset objects unloaded after import = 1
========================================================================
Received Import Request.
  Time since last request: 0.000023 seconds.
  path: Assets/Spaceflight Controls/Documentation/Tutorial Images.zip
  artifactKey: Guid(8afe781576f6bc54db54332b5cd69a48) Importer(2089858483,0ecaa5967403d082aa24f35e1b516d23)
Start importing Assets/Spaceflight Controls/Documentation/Tutorial Images.zip using Guid(8afe781576f6bc54db54332b5cd69a48) Importer(2089858483,0ecaa5967403d082aa24f35e1b516d23) [PhysX] Initialized MultithreadedTaskDispatcher with 8 workers.
 -> (artifact id: 'c484236898f24b32a2d79849072e47cb') in 0.009595 seconds
Number of updated asset objects reloaded before import = 0
Number of asset objects unloaded after import = 1
========================================================================
Received Import Request.
  Time since last request: 0.000037 seconds.
  path: Assets/FishNet/Runtime/Serializing/GenericWriter.cs
  artifactKey: Guid(9c79ac203808e16489cbc2072fad75db) Importer(2089858483,0ecaa5967403d082aa24f35e1b516d23)
Start importing Assets/FishNet/Runtime/Serializing/GenericWriter.cs using Guid(9c79ac203808e16489cbc2072fad75db) Importer(2089858483,0ecaa5967403d082aa24f35e1b516d23) [PhysX] Initialized MultithreadedTaskDispatcher with 8 workers.
 -> (artifact id: 'ce1fad52af6e33a7197d73e20b9e7c99') in 0.009940 seconds
Number of updated asset objects reloaded before import = 0
Number of asset objects unloaded after import = 1
========================================================================
Received Import Request.
  Time since last request: 0.000028 seconds.
  path: Assets/FishNet/Runtime/Serializing/WriterPool.cs
  artifactKey: Guid(99b13ccd24eb7264abf67780ef86e44a) Importer(2089858483,0ecaa5967403d082aa24f35e1b516d23)
Start importing Assets/FishNet/Runtime/Serializing/WriterPool.cs using Guid(99b13ccd24eb7264abf67780ef86e44a) Importer(2089858483,0ecaa5967403d082aa24f35e1b516d23) [PhysX] Initialized MultithreadedTaskDispatcher with 8 workers.
 -> (artifact id: '05b6435d0483aaa62be9eaa6817fbfd8') in 0.011781 seconds
Number of updated asset objects reloaded before import = 0
Number of asset objects unloaded after import = 1
========================================================================
Received Import Request.
  Time since last request: 0.000025 seconds.
  path: Assets/FishNet/Runtime/Managing/NetworkManager.cs
  artifactKey: Guid(d2c95dfde7d73b54dbbdc23155d35d36) Importer(2089858483,0ecaa5967403d082aa24f35e1b516d23)
Start importing Assets/FishNet/Runtime/Managing/NetworkManager.cs using Guid(d2c95dfde7d73b54dbbdc23155d35d36) Importer(2089858483,0ecaa5967403d082aa24f35e1b516d23) [PhysX] Initialized MultithreadedTaskDispatcher with 8 workers.
 -> (artifact id: '3ac7d2e7fe07222a0e3a30f6848d3ee7') in 0.016885 seconds
Number of updated asset objects reloaded before import = 0
Number of asset objects unloaded after import = 2
========================================================================
Received Import Request.
  Time since last request: 0.000025 seconds.
  path: Assets/FishNet/Runtime/Editor/Finding.cs
  artifactKey: Guid(b777233d19062274f9eec6a982d8ff37) Importer(2089858483,0ecaa5967403d082aa24f35e1b516d23)
Start importing Assets/FishNet/Runtime/Editor/Finding.cs using Guid(b777233d19062274f9eec6a982d8ff37) Importer(2089858483,0ecaa5967403d082aa24f35e1b516d23) [PhysX] Initialized MultithreadedTaskDispatcher with 8 workers.
 -> (artifact id: 'dba9f7b933137e54e9d52db11860afae') in 0.011860 seconds
Number of updated asset objects reloaded before import = 0
Number of asset objects unloaded after import = 1
========================================================================
Received Import Request.
  Time since last request: 0.000053 seconds.
  path: Assets/FishNet/Runtime/Serializing/Reader.Delta.cs
  artifactKey: Guid(90549173680239a48a3b0b61ecd47a77) Importer(2089858483,0ecaa5967403d082aa24f35e1b516d23)
Start importing Assets/FishNet/Runtime/Serializing/Reader.Delta.cs using Guid(90549173680239a48a3b0b61ecd47a77) Importer(2089858483,0ecaa5967403d082aa24f35e1b516d23) [PhysX] Initialized MultithreadedTaskDispatcher with 8 workers.
 -> (artifact id: 'ae640dc9656cced1c34e178496e510b9') in 0.012984 seconds
Number of updated asset objects reloaded before import = 0
Number of asset objects unloaded after import = 1
========================================================================
Received Import Request.
  Time since last request: 0.000037 seconds.
  path: Assets/FishNet/Runtime/Transporting/NetworkWriterLoop.cs
  artifactKey: Guid(2fed05d526ab23949bac6cd2bf041c35) Importer(2089858483,0ecaa5967403d082aa24f35e1b516d23)
Start importing Assets/FishNet/Runtime/Transporting/NetworkWriterLoop.cs using Guid(2fed05d526ab23949bac6cd2bf041c35) Importer(2089858483,0ecaa5967403d082aa24f35e1b516d23) [PhysX] Initialized MultithreadedTaskDispatcher with 8 workers.
 -> (artifact id: '42282e0259d3ae6bb28694d234b2ef6e') in 0.013050 seconds
Number of updated asset objects reloaded before import = 0
Number of asset objects unloaded after import = 1
========================================================================
Received Import Request.
  Time since last request: 0.000030 seconds.
  path: Assets/FishNet/Runtime/Observing/HostVisibilityUpdateTypes.cs
  artifactKey: Guid(dc90636a96cf14d47812768a9ce3a4d8) Importer(2089858483,0ecaa5967403d082aa24f35e1b516d23)
Start importing Assets/FishNet/Runtime/Observing/HostVisibilityUpdateTypes.cs using Guid(dc90636a96cf14d47812768a9ce3a4d8) Importer(2089858483,0ecaa5967403d082aa24f35e1b516d23) [PhysX] Initialized MultithreadedTaskDispatcher with 8 workers.
 -> (artifact id: '8ba2b148a38de288940f91422c423efe') in 0.011122 seconds
Number of updated asset objects reloaded before import = 0
Number of asset objects unloaded after import = 1
========================================================================
Received Import Request.
  Time since last request: 0.000030 seconds.
  path: Assets/FishNet/Runtime/Observing/ObserverCondition.cs
  artifactKey: Guid(7d496d4febcb07f4abbdc081eaa99234) Importer(2089858483,0ecaa5967403d082aa24f35e1b516d23)
Start importing Assets/FishNet/Runtime/Observing/ObserverCondition.cs using Guid(7d496d4febcb07f4abbdc081eaa99234) Importer(2089858483,0ecaa5967403d082aa24f35e1b516d23) [PhysX] Initialized MultithreadedTaskDispatcher with 8 workers.
 -> (artifact id: 'b16f74ffeb95198a7f3d5c9661b204a5') in 0.012405 seconds
Number of updated asset objects reloaded before import = 0
Number of asset objects unloaded after import = 1
========================================================================
Received Import Request.
  Time since last request: 0.000039 seconds.
  path: Assets/FishNet/CodeGenerating/Helpers/Extension/CustomAttributeExtensions.cs
  artifactKey: Guid(a66d771ab331fae408142a5c04abd74e) Importer(2089858483,0ecaa5967403d082aa24f35e1b516d23)
Start importing Assets/FishNet/CodeGenerating/Helpers/Extension/CustomAttributeExtensions.cs using Guid(a66d771ab331fae408142a5c04abd74e) Importer(2089858483,0ecaa5967403d082aa24f35e1b516d23) [PhysX] Initialized MultithreadedTaskDispatcher with 8 workers.
 -> (artifact id: '2813351ccdf3754572faed62be9fd8c6') in 0.014166 seconds
Number of updated asset objects reloaded before import = 0
Number of asset objects unloaded after import = 1
========================================================================
Received Import Request.
  Time since last request: 0.000026 seconds.
  path: Assets/FishNet/Runtime/Editor/ScriptingDefines.cs
  artifactKey: Guid(893e5074d486a0e4aaf7803436fef791) Importer(2089858483,0ecaa5967403d082aa24f35e1b516d23)
Start importing Assets/FishNet/Runtime/Editor/ScriptingDefines.cs using Guid(893e5074d486a0e4aaf7803436fef791) Importer(2089858483,0ecaa5967403d082aa24f35e1b516d23) [PhysX] Initialized MultithreadedTaskDispatcher with 8 workers.
 -> (artifact id: 'f60074c2656597d47f8a61123cb04db2') in 0.012028 seconds
Number of updated asset objects reloaded before import = 0
Number of asset objects unloaded after import = 1
========================================================================
Received Import Request.
  Time since last request: 0.000092 seconds.
  path: Assets/FishNet/Runtime/Transporting/IPAddressType.cs
  artifactKey: Guid(11a2c7610ce4ce34a915683bd4607714) Importer(2089858483,0ecaa5967403d082aa24f35e1b516d23)
Start importing Assets/FishNet/Runtime/Transporting/IPAddressType.cs using Guid(11a2c7610ce4ce34a915683bd4607714) Importer(2089858483,0ecaa5967403d082aa24f35e1b516d23) [PhysX] Initialized MultithreadedTaskDispatcher with 8 workers.
 -> (artifact id: '08d2f3e0121f535c90c84227a017efca') in 0.011764 seconds
Number of updated asset objects reloaded before import = 0
Number of asset objects unloaded after import = 1
========================================================================
Received Import Request.
  Time since last request: 0.000025 seconds.
  path: Assets/FishNet/Runtime/Editor/PlayModeTracker.cs
  artifactKey: Guid(d4a1d20c6a03a524ab21c7aebed106d0) Importer(2089858483,0ecaa5967403d082aa24f35e1b516d23)
Start importing Assets/FishNet/Runtime/Editor/PlayModeTracker.cs using Guid(d4a1d20c6a03a524ab21c7aebed106d0) Importer(2089858483,0ecaa5967403d082aa24f35e1b516d23) [PhysX] Initialized MultithreadedTaskDispatcher with 8 workers.
 -> (artifact id: '289b7de5c3ffa60e662dfff2c46c46c2') in 0.013640 seconds
Number of updated asset objects reloaded before import = 0
Number of asset objects unloaded after import = 1
========================================================================
Received Import Request.
  Time since last request: 0.000026 seconds.
  path: Assets/FishNet/Runtime/Serializing/AutoPackType.cs
  artifactKey: Guid(2e94ebaa8f7024845a7e90ebd8246ac6) Importer(2089858483,0ecaa5967403d082aa24f35e1b516d23)
Start importing Assets/FishNet/Runtime/Serializing/AutoPackType.cs using Guid(2e94ebaa8f7024845a7e90ebd8246ac6) Importer(2089858483,0ecaa5967403d082aa24f35e1b516d23) [PhysX] Initialized MultithreadedTaskDispatcher with 8 workers.
 -> (artifact id: '12b83bbfd3b6f9fa9240df00b57783be') in 0.011705 seconds
Number of updated asset objects reloaded before import = 0
Number of asset objects unloaded after import = 1
========================================================================
Received Import Request.
  Time since last request: 0.000034 seconds.
  path: Assets/Spaceflight Controls/Meshes/Temp/ecniathus.obj
  artifactKey: Guid(88cd05f90f60a8c4db6e52803af9f115) Importer(2089858483,0ecaa5967403d082aa24f35e1b516d23)
Start importing Assets/Spaceflight Controls/Meshes/Temp/ecniathus.obj using Guid(88cd05f90f60a8c4db6e52803af9f115) Importer(2089858483,0ecaa5967403d082aa24f35e1b516d23) [PhysX] Initialized MultithreadedTaskDispatcher with 8 workers.
 -> (artifact id: '4331f7fb936983d7562e3a89fca6c352') in 0.088341 seconds
Number of updated asset objects reloaded before import = 0
Number of asset objects unloaded after import = 16
========================================================================
Received Import Request.
  Time since last request: 0.000027 seconds.
  path: Assets/FishNet/CodeGenerating/Helpers/Extension/InstructionExtensions.cs
  artifactKey: Guid(360667149f16b6c4aba61fd05427cbfb) Importer(2089858483,0ecaa5967403d082aa24f35e1b516d23)
Start importing Assets/FishNet/CodeGenerating/Helpers/Extension/InstructionExtensions.cs using Guid(360667149f16b6c4aba61fd05427cbfb) Importer(2089858483,0ecaa5967403d082aa24f35e1b516d23) [PhysX] Initialized MultithreadedTaskDispatcher with 8 workers.
 -> (artifact id: '3ced1e3c55cf8b90e81cf75826aad25a') in 0.016949 seconds
Number of updated asset objects reloaded before import = 0
Number of asset objects unloaded after import = 1
========================================================================
Received Import Request.
  Time since last request: 0.000023 seconds.
  path: Assets/FishNet/Runtime/Editor/DefaultPrefabsFinder.cs
  artifactKey: Guid(2bd002f6c85dd4341bcaf163eaaa3ddf) Importer(2089858483,0ecaa5967403d082aa24f35e1b516d23)
Start importing Assets/FishNet/Runtime/Editor/DefaultPrefabsFinder.cs using Guid(2bd002f6c85dd4341bcaf163eaaa3ddf) Importer(2089858483,0ecaa5967403d082aa24f35e1b516d23) [PhysX] Initialized MultithreadedTaskDispatcher with 8 workers.
 -> (artifact id: '0aaff0f709d4022963fcd954038807b6') in 0.010631 seconds
Number of updated asset objects reloaded before import = 0
Number of asset objects unloaded after import = 1
========================================================================
Received Import Request.
  Time since last request: 0.000025 seconds.
  path: Assets/FishNet/CodeGenerating/Helpers/Extension/ILProcessorExtensions.cs
  artifactKey: Guid(820cf8401d4d71c4196dda444559ef8a) Importer(2089858483,0ecaa5967403d082aa24f35e1b516d23)
Start importing Assets/FishNet/CodeGenerating/Helpers/Extension/ILProcessorExtensions.cs using Guid(820cf8401d4d71c4196dda444559ef8a) Importer(2089858483,0ecaa5967403d082aa24f35e1b516d23) [PhysX] Initialized MultithreadedTaskDispatcher with 8 workers.
 -> (artifact id: '81d3e5e04989f5ca465c0a4a56cebdd5') in 0.013143 seconds
Number of updated asset objects reloaded before import = 0
Number of asset objects unloaded after import = 1
========================================================================
Received Import Request.
  Time since last request: 0.000030 seconds.
  path: Assets/FishNet/Runtime/Transporting/NetworkReaderLoop.cs
  artifactKey: Guid(0d359d6ef33641f41a2ae67d1abdfdd3) Importer(2089858483,0ecaa5967403d082aa24f35e1b516d23)
Start importing Assets/FishNet/Runtime/Transporting/NetworkReaderLoop.cs using Guid(0d359d6ef33641f41a2ae67d1abdfdd3) Importer(2089858483,0ecaa5967403d082aa24f35e1b516d23) [PhysX] Initialized MultithreadedTaskDispatcher with 8 workers.
 -> (artifact id: '454058461f00a4683d56df1567a0d2db') in 0.012988 seconds
Number of updated asset objects reloaded before import = 0
Number of asset objects unloaded after import = 1
========================================================================
Received Import Request.
  Time since last request: 0.000039 seconds.
  path: Assets/FishNet/Runtime/Serializing/GenericReader.cs
  artifactKey: Guid(2a02167b94bcdd84da90bbcf5d6ad649) Importer(2089858483,0ecaa5967403d082aa24f35e1b516d23)
Start importing Assets/FishNet/Runtime/Serializing/GenericReader.cs using Guid(2a02167b94bcdd84da90bbcf5d6ad649) Importer(2089858483,0ecaa5967403d082aa24f35e1b516d23) [PhysX] Initialized MultithreadedTaskDispatcher with 8 workers.
 -> (artifact id: '1f65d6113a802d57bcdb59d33b7a9806') in 0.011620 seconds
Number of updated asset objects reloaded before import = 0
Number of asset objects unloaded after import = 1
========================================================================
Received Import Request.
  Time since last request: 0.000068 seconds.
  path: Assets/FishNet/Runtime/Managing/NetworkManager.Logging.cs
  artifactKey: Guid(4200d74f31ee8144fb606ce88ad1b747) Importer(2089858483,0ecaa5967403d082aa24f35e1b516d23)
Start importing Assets/FishNet/Runtime/Managing/NetworkManager.Logging.cs using Guid(4200d74f31ee8144fb606ce88ad1b747) Importer(2089858483,0ecaa5967403d082aa24f35e1b516d23) [PhysX] Initialized MultithreadedTaskDispatcher with 8 workers.
 -> (artifact id: '2681aa5eab9bab8e8927e966e6109c6b') in 0.013036 seconds
Number of updated asset objects reloaded before import = 0
Number of asset objects unloaded after import = 1
========================================================================
Received Import Request.
  Time since last request: 0.000028 seconds.
  path: Assets/FishNet/Runtime/Object/TransformProperties.cs
  artifactKey: Guid(8e4ce2bc25fe8364d8b443f5ac7591ae) Importer(2089858483,0ecaa5967403d082aa24f35e1b516d23)
Start importing Assets/FishNet/Runtime/Object/TransformProperties.cs using Guid(8e4ce2bc25fe8364d8b443f5ac7591ae) Importer(2089858483,0ecaa5967403d082aa24f35e1b516d23) [PhysX] Initialized MultithreadedTaskDispatcher with 8 workers.
 -> (artifact id: '6134d8fca8019d34df0dc34a19e0aafa') in 0.012727 seconds
Number of updated asset objects reloaded before import = 0
Number of asset objects unloaded after import = 1
========================================================================
Received Import Request.
  Time since last request: 0.000028 seconds.
  path: Assets/FishNet/Runtime/Serializing/ReaderPool.cs
  artifactKey: Guid(318b117dd2ebd1b4b9e2021796b45eee) Importer(2089858483,0ecaa5967403d082aa24f35e1b516d23)
Start importing Assets/FishNet/Runtime/Serializing/ReaderPool.cs using Guid(318b117dd2ebd1b4b9e2021796b45eee) Importer(2089858483,0ecaa5967403d082aa24f35e1b516d23) [PhysX] Initialized MultithreadedTaskDispatcher with 8 workers.
 -> (artifact id: '588e6938e6786d999830595527376b9b') in 0.012530 seconds
Number of updated asset objects reloaded before import = 0
Number of asset objects unloaded after import = 1
========================================================================
Received Import Request.
  Time since last request: 0.000028 seconds.
  path: Assets/FishNet/Runtime/Serializing/WriterStatics.cs
  artifactKey: Guid(264951af6d87de34e8809b550a7956b1) Importer(2089858483,0ecaa5967403d082aa24f35e1b516d23)
Start importing Assets/FishNet/Runtime/Serializing/WriterStatics.cs using Guid(264951af6d87de34e8809b550a7956b1) Importer(2089858483,0ecaa5967403d082aa24f35e1b516d23) [PhysX] Initialized MultithreadedTaskDispatcher with 8 workers.
 -> (artifact id: 'c53b0127788bb5f2842fe526ef5d7059') in 0.013280 seconds
Number of updated asset objects reloaded before import = 0
Number of asset objects unloaded after import = 1
========================================================================
Received Import Request.
  Time since last request: 0.000055 seconds.
  path: Assets/FishNet/CodeGenerating/ILCore/FNPostProcessorAssemblyResolver.cs
  artifactKey: Guid(2c247f4266b2864eb96e6a9ae6557d31) Importer(2089858483,0ecaa5967403d082aa24f35e1b516d23)
Start importing Assets/FishNet/CodeGenerating/ILCore/FNPostProcessorAssemblyResolver.cs using Guid(2c247f4266b2864eb96e6a9ae6557d31) Importer(2089858483,0ecaa5967403d082aa24f35e1b516d23) [PhysX] Initialized MultithreadedTaskDispatcher with 8 workers.
 -> (artifact id: '905d4e039796e4bf656390a759c64838') in 0.013795 seconds
Number of updated asset objects reloaded before import = 0
Number of asset objects unloaded after import = 1
========================================================================
Received Import Request.
  Time since last request: 0.000036 seconds.
  path: Assets/Spaceflight Controls/Scenes/Example 1Settings.lighting
  artifactKey: Guid(48853e7b5f2b1c76ebc91e5b491bf978) Importer(2089858483,0ecaa5967403d082aa24f35e1b516d23)
Start importing Assets/Spaceflight Controls/Scenes/Example 1Settings.lighting using Guid(48853e7b5f2b1c76ebc91e5b491bf978) Importer(2089858483,0ecaa5967403d082aa24f35e1b516d23) [PhysX] Initialized MultithreadedTaskDispatcher with 8 workers.
LightingSettings: switching bake backend from 1 to 0.
 -> (artifact id: '9fe8fb247b9976ef55138a7af90fe1d3') in 0.017463 seconds
Number of updated asset objects reloaded before import = 0
Number of asset objects unloaded after import = 1
========================================================================
Received Import Request.
  Time since last request: 0.000023 seconds.
  path: Assets/Spaceflight Controls/Documentation/Spaceflight Controls Setup Guide.txt
  artifactKey: Guid(274e4f61c49b5f647ab2d5bcb47ea19d) Importer(2089858483,0ecaa5967403d082aa24f35e1b516d23)
Start importing Assets/Spaceflight Controls/Documentation/Spaceflight Controls Setup Guide.txt using Guid(274e4f61c49b5f647ab2d5bcb47ea19d) Importer(2089858483,0ecaa5967403d082aa24f35e1b516d23) [PhysX] Initialized MultithreadedTaskDispatcher with 8 workers.
 -> (artifact id: 'bb2d9017dc3ae136419bafe32a518776') in 0.010907 seconds
Number of updated asset objects reloaded before import = 0
Number of asset objects unloaded after import = 1
========================================================================
Received Import Request.
  Time since last request: 0.000022 seconds.
  path: Assets/Spaceflight Controls/Documentation/Spaceflight Controls Setup Guide.rtf
  artifactKey: Guid(600ff2a4c6a0b3744bad30a27c916ee9) Importer(2089858483,0ecaa5967403d082aa24f35e1b516d23)
Start importing Assets/Spaceflight Controls/Documentation/Spaceflight Controls Setup Guide.rtf using Guid(600ff2a4c6a0b3744bad30a27c916ee9) Importer(2089858483,0ecaa5967403d082aa24f35e1b516d23) [PhysX] Initialized MultithreadedTaskDispatcher with 8 workers.
 -> (artifact id: '4ff7237a4aa7bdd6c35f77ebfbc49db5') in 0.010129 seconds
Number of updated asset objects reloaded before import = 0
Number of asset objects unloaded after import = 1
========================================================================
Received Import Request.
  Time since last request: 0.000028 seconds.
  path: Assets/FishNet/Runtime/Serializing/TransformPackingData.cs
  artifactKey: Guid(80a80dabe02daf6428cce0f16ea49877) Importer(2089858483,0ecaa5967403d082aa24f35e1b516d23)
Start importing Assets/FishNet/Runtime/Serializing/TransformPackingData.cs using Guid(80a80dabe02daf6428cce0f16ea49877) Importer(2089858483,0ecaa5967403d082aa24f35e1b516d23) [PhysX] Initialized MultithreadedTaskDispatcher with 8 workers.
 -> (artifact id: '48fe3004f6fe8eb19d87a84a00e45e69') in 0.015000 seconds
Number of updated asset objects reloaded before import = 0
Number of asset objects unloaded after import = 1
========================================================================
Received Import Request.
  Time since last request: 0.000123 seconds.
  path: Assets/FishNet/Runtime/CodeGenerating/Attributes.cs
  artifactKey: Guid(1581268482fee3b489c2ba9e8cd2b293) Importer(2089858483,0ecaa5967403d082aa24f35e1b516d23)
Start importing Assets/FishNet/Runtime/CodeGenerating/Attributes.cs using Guid(1581268482fee3b489c2ba9e8cd2b293) Importer(2089858483,0ecaa5967403d082aa24f35e1b516d23) [PhysX] Initialized MultithreadedTaskDispatcher with 8 workers.
 -> (artifact id: '30eb79ced04a556b3a0b85ab83933691') in 0.012171 seconds
Number of updated asset objects reloaded before import = 0
Number of asset objects unloaded after import = 1
========================================================================
Received Import Request.
  Time since last request: 0.000025 seconds.
  path: Assets/FishNet/Runtime/Observing/NetworkObserver.cs
  artifactKey: Guid(c71fd7f855ec523429999fc4e14a1928) Importer(2089858483,0ecaa5967403d082aa24f35e1b516d23)
Start importing Assets/FishNet/Runtime/Observing/NetworkObserver.cs using Guid(c71fd7f855ec523429999fc4e14a1928) Importer(2089858483,0ecaa5967403d082aa24f35e1b516d23) [PhysX] Initialized MultithreadedTaskDispatcher with 8 workers.
 -> (artifact id: 'bc04720976013fd31e4411f53362eed8') in 0.012999 seconds
Number of updated asset objects reloaded before import = 0
Number of asset objects unloaded after import = 2
========================================================================
Received Import Request.
  Time since last request: 0.000025 seconds.
  path: Assets/FishNet/Runtime/Connection/NetworkConnection.QOL.cs
  artifactKey: Guid(7d45abc242399194b85e6c16bcb3676b) Importer(2089858483,0ecaa5967403d082aa24f35e1b516d23)
Start importing Assets/FishNet/Runtime/Connection/NetworkConnection.QOL.cs using Guid(7d45abc242399194b85e6c16bcb3676b) Importer(2089858483,0ecaa5967403d082aa24f35e1b516d23) [PhysX] Initialized MultithreadedTaskDispatcher with 8 workers.
 -> (artifact id: 'c17daf0d7f2eee2c38c8dad05bb13c49') in 0.013611 seconds
Number of updated asset objects reloaded before import = 0
Number of asset objects unloaded after import = 1
========================================================================
Received Import Request.
  Time since last request: 0.000027 seconds.
  path: Assets/FishNet/Runtime/Transporting/Transport.cs
  artifactKey: Guid(78aba14618b37ea4bb067fa95ede84e0) Importer(2089858483,0ecaa5967403d082aa24f35e1b516d23)
Start importing Assets/FishNet/Runtime/Transporting/Transport.cs using Guid(78aba14618b37ea4bb067fa95ede84e0) Importer(2089858483,0ecaa5967403d082aa24f35e1b516d23) [PhysX] Initialized MultithreadedTaskDispatcher with 8 workers.
 -> (artifact id: '1f9f8494aa3b227456c2ddb0a1ab4982') in 0.011972 seconds
Number of updated asset objects reloaded before import = 0
Number of asset objects unloaded after import = 1
========================================================================
Received Import Request.
  Time since last request: 0.000035 seconds.
  path: Assets/Spaceflight Controls/Editor/FlightSysEditor.cs
  artifactKey: Guid(b58a9e7a47e9a5b47bf5d3894641e02a) Importer(2089858483,0ecaa5967403d082aa24f35e1b516d23)
Start importing Assets/Spaceflight Controls/Editor/FlightSysEditor.cs using Guid(b58a9e7a47e9a5b47bf5d3894641e02a) Importer(2089858483,0ecaa5967403d082aa24f35e1b516d23) [PhysX] Initialized MultithreadedTaskDispatcher with 8 workers.
 -> (artifact id: 'e087c015a9d63772798098174693807c') in 0.011466 seconds
Number of updated asset objects reloaded before import = 0
Number of asset objects unloaded after import = 1
========================================================================
Received Import Request.
  Time since last request: 0.000045 seconds.
  path: Assets/FishNet/Runtime/Editor/BuildIdentifier.cs
  artifactKey: Guid(390372a39ccc82a4d8bf9ca660da578a) Importer(2089858483,0ecaa5967403d082aa24f35e1b516d23)
Start importing Assets/FishNet/Runtime/Editor/BuildIdentifier.cs using Guid(390372a39ccc82a4d8bf9ca660da578a) Importer(2089858483,0ecaa5967403d082aa24f35e1b516d23) [PhysX] Initialized MultithreadedTaskDispatcher with 8 workers.
 -> (artifact id: '22d136431fce88401fa79d28887d663d') in 0.015068 seconds
Number of updated asset objects reloaded before import = 0
Number of asset objects unloaded after import = 1
========================================================================
Received Import Request.
  Time since last request: 0.000028 seconds.
  path: Assets/FishNet/Runtime/Connection/NetworkConnection.cs
  artifactKey: Guid(01c7bfc71e29621408451fa2fa6b1a0b) Importer(2089858483,0ecaa5967403d082aa24f35e1b516d23)
Start importing Assets/FishNet/Runtime/Connection/NetworkConnection.cs using Guid(01c7bfc71e29621408451fa2fa6b1a0b) Importer(2089858483,0ecaa5967403d082aa24f35e1b516d23) [PhysX] Initialized MultithreadedTaskDispatcher with 8 workers.
 -> (artifact id: '3916f509f3ec55ae3842a1ab75c4aa76') in 0.011932 seconds
Number of updated asset objects reloaded before import = 0
Number of asset objects unloaded after import = 1
========================================================================
Received Import Request.
  Time since last request: 0.000063 seconds.
  path: Assets/Spaceflight Controls/Scenes/First Person ExampleSettings.lighting
  artifactKey: Guid(227989b72e30b4fd7b1795d00aa828a0) Importer(2089858483,0ecaa5967403d082aa24f35e1b516d23)
Start importing Assets/Spaceflight Controls/Scenes/First Person ExampleSettings.lighting using Guid(227989b72e30b4fd7b1795d00aa828a0) Importer(2089858483,0ecaa5967403d082aa24f35e1b516d23) [PhysX] Initialized MultithreadedTaskDispatcher with 8 workers.
LightingSettings: switching bake backend from 1 to 0.
 -> (artifact id: 'dfa8a8871ba7c0b98c2ad62975b4da07') in 0.019249 seconds
Number of updated asset objects reloaded before import = 0
Number of asset objects unloaded after import = 1
========================================================================
Received Import Request.
  Time since last request: 0.000024 seconds.
  path: Assets/FishNet/Demos/Scripts/NetworkHudCanvases.cs
  artifactKey: Guid(6d3606bfdac5a4743890fc1a5ecd8f24) Importer(2089858483,0ecaa5967403d082aa24f35e1b516d23)
Start importing Assets/FishNet/Demos/Scripts/NetworkHudCanvases.cs using Guid(6d3606bfdac5a4743890fc1a5ecd8f24) Importer(2089858483,0ecaa5967403d082aa24f35e1b516d23) [PhysX] Initialized MultithreadedTaskDispatcher with 8 workers.
 -> (artifact id: '3654d02be7e382e1c763f700bcb8cad1') in 0.011545 seconds
Number of updated asset objects reloaded before import = 0
Number of asset objects unloaded after import = 1
========================================================================
Received Import Request.
  Time since last request: 0.000039 seconds.
  path: Assets/FishNet/Runtime/Managing/RemoteTimeoutType.cs
  artifactKey: Guid(b3df7f42da2f4f444952e23b5fa8aaa0) Importer(2089858483,0ecaa5967403d082aa24f35e1b516d23)
Start importing Assets/FishNet/Runtime/Managing/RemoteTimeoutType.cs using Guid(b3df7f42da2f4f444952e23b5fa8aaa0) Importer(2089858483,0ecaa5967403d082aa24f35e1b516d23) [PhysX] Initialized MultithreadedTaskDispatcher with 8 workers.
 -> (artifact id: '3bb2cbc94e62179d49675816ba18e6cc') in 0.011607 seconds
Number of updated asset objects reloaded before import = 0
Number of asset objects unloaded after import = 1
========================================================================
Received Import Request.
  Time since last request: 0.000029 seconds.
  path: Assets/FishNet/Runtime/Observing/ObserverStateChange.cs
  artifactKey: Guid(a4a8dca28b7d84548a918c5c32f684ad) Importer(2089858483,0ecaa5967403d082aa24f35e1b516d23)
Start importing Assets/FishNet/Runtime/Observing/ObserverStateChange.cs using Guid(a4a8dca28b7d84548a918c5c32f684ad) Importer(2089858483,0ecaa5967403d082aa24f35e1b516d23) [PhysX] Initialized MultithreadedTaskDispatcher with 8 workers.
 -> (artifact id: '52cc5edaf3f68ff4dc2a01687726d9f0') in 0.013512 seconds
Number of updated asset objects reloaded before import = 0
Number of asset objects unloaded after import = 1
========================================================================
Received Import Request.
  Time since last request: 0.000025 seconds.
  path: Assets/FishNet/Runtime/Transporting/EventStructures.cs
  artifactKey: Guid(718b9d27800e70848b50b2c7b0117e5c) Importer(2089858483,0ecaa5967403d082aa24f35e1b516d23)
Start importing Assets/FishNet/Runtime/Transporting/EventStructures.cs using Guid(718b9d27800e70848b50b2c7b0117e5c) Importer(2089858483,0ecaa5967403d082aa24f35e1b516d23) [PhysX] Initialized MultithreadedTaskDispatcher with 8 workers.
 -> (artifact id: '4ae76d32c1d661a045b25cfa386ac30d') in 0.011879 seconds
Number of updated asset objects reloaded before import = 0
Number of asset objects unloaded after import = 1
========================================================================
Received Import Request.
  Time since last request: 0.000042 seconds.
  path: Assets/FishNet/Runtime/Serializing/DeltaTypes.cs
  artifactKey: Guid(7d9187bce6e160143aa8f742a5f6e0e6) Importer(2089858483,0ecaa5967403d082aa24f35e1b516d23)
Start importing Assets/FishNet/Runtime/Serializing/DeltaTypes.cs using Guid(7d9187bce6e160143aa8f742a5f6e0e6) Importer(2089858483,0ecaa5967403d082aa24f35e1b516d23) [PhysX] Initialized MultithreadedTaskDispatcher with 8 workers.
 -> (artifact id: 'fbf0fc638a46a463a6e012646f102e40') in 0.012901 seconds
Number of updated asset objects reloaded before import = 0
Number of asset objects unloaded after import = 1
========================================================================
Received Import Request.
  Time since last request: 0.000029 seconds.
  path: Assets/FishNet/Runtime/Serializing/GenericDeltaWriter.cs
  artifactKey: Guid(7f5527790c602a447b437079b9262a90) Importer(2089858483,0ecaa5967403d082aa24f35e1b516d23)
Start importing Assets/FishNet/Runtime/Serializing/GenericDeltaWriter.cs using Guid(7f5527790c602a447b437079b9262a90) Importer(2089858483,0ecaa5967403d082aa24f35e1b516d23) [PhysX] Initialized MultithreadedTaskDispatcher with 8 workers.
 -> (artifact id: '6dd3dcc2b8f8e62628edf11750cbc571') in 0.013364 seconds
Number of updated asset objects reloaded before import = 0
Number of asset objects unloaded after import = 1
========================================================================
Received Import Request.
  Time since last request: 0.000050 seconds.
  path: Assets/FishNet/Runtime/Utility/AdaptiveInterpolationType.cs
  artifactKey: Guid(c9aaf062df354644098da9c46e2a9512) Importer(2089858483,0ecaa5967403d082aa24f35e1b516d23)
Start importing Assets/FishNet/Runtime/Utility/AdaptiveInterpolationType.cs using Guid(c9aaf062df354644098da9c46e2a9512) Importer(2089858483,0ecaa5967403d082aa24f35e1b516d23) [PhysX] Initialized MultithreadedTaskDispatcher with 8 workers.
 -> (artifact id: '69b9ed87a310c32d6ce14914706cb1fa') in 0.011142 seconds
Number of updated asset objects reloaded before import = 0
Number of asset objects unloaded after import = 1
========================================================================
Received Import Request.
  Time since last request: 0.000027 seconds.
  path: Assets/FishNet/Runtime/Observing/NetworkObserver.Rework.cs
  artifactKey: Guid(c8dfd3072b1d3414d8833438b8c2b258) Importer(2089858483,0ecaa5967403d082aa24f35e1b516d23)
Start importing Assets/FishNet/Runtime/Observing/NetworkObserver.Rework.cs using Guid(c8dfd3072b1d3414d8833438b8c2b258) Importer(2089858483,0ecaa5967403d082aa24f35e1b516d23) [PhysX] Initialized MultithreadedTaskDispatcher with 8 workers.
 -> (artifact id: '72e6c463630fea478ed13930745079f6') in 0.013002 seconds
Number of updated asset objects reloaded before import = 0
Number of asset objects unloaded after import = 2
========================================================================
Received Import Request.
  Time since last request: 0.000027 seconds.
  path: Assets/FishNet/Runtime/Serializing/WriterExtensions.cs
  artifactKey: Guid(493e880d63e9372449c0f0e63890aaef) Importer(2089858483,0ecaa5967403d082aa24f35e1b516d23)
Start importing Assets/FishNet/Runtime/Serializing/WriterExtensions.cs using Guid(493e880d63e9372449c0f0e63890aaef) Importer(2089858483,0ecaa5967403d082aa24f35e1b516d23) [PhysX] Initialized MultithreadedTaskDispatcher with 8 workers.
 -> (artifact id: 'a6bf94d1e64ecc635a230ace42de84b8') in 0.012232 seconds
Number of updated asset objects reloaded before import = 0
Number of asset objects unloaded after import = 1
========================================================================
Received Import Request.
  Time since last request: 0.000027 seconds.
  path: Assets/FishNet/CodeGenerating/Helpers/AttributeHelper.cs
  artifactKey: Guid(d32f3dc23b55598429c5cfe6156e6243) Importer(2089858483,0ecaa5967403d082aa24f35e1b516d23)
Start importing Assets/FishNet/CodeGenerating/Helpers/AttributeHelper.cs using Guid(d32f3dc23b55598429c5cfe6156e6243) Importer(2089858483,0ecaa5967403d082aa24f35e1b516d23) [PhysX] Initialized MultithreadedTaskDispatcher with 8 workers.
 -> (artifact id: 'a7487fe195b47b71c5f56d849d0eb328') in 0.012912 seconds
Number of updated asset objects reloaded before import = 0
Number of asset objects unloaded after import = 1
========================================================================
Received Import Request.
  Time since last request: 0.000026 seconds.
  path: Assets/FishNet/CodeGenerating/Helpers/WriterImports.cs
  artifactKey: Guid(425638e29bab6f1488e8865c9e3f8b57) Importer(2089858483,0ecaa5967403d082aa24f35e1b516d23)
Start importing Assets/FishNet/CodeGenerating/Helpers/WriterImports.cs using Guid(425638e29bab6f1488e8865c9e3f8b57) Importer(2089858483,0ecaa5967403d082aa24f35e1b516d23) [PhysX] Initialized MultithreadedTaskDispatcher with 8 workers.
 -> (artifact id: '6413d1254237819846e763b7c6f1de92') in 0.013314 seconds
Number of updated asset objects reloaded before import = 0
Number of asset objects unloaded after import = 1
========================================================================
Received Import Request.
  Time since last request: 0.000033 seconds.
  path: Assets/Spaceflight Controls/Meshes/Temp/eskf01.obj
  artifactKey: Guid(30ce66f05d2eb514d8ddcd2571c8857d) Importer(2089858483,0ecaa5967403d082aa24f35e1b516d23)
Start importing Assets/Spaceflight Controls/Meshes/Temp/eskf01.obj using Guid(30ce66f05d2eb514d8ddcd2571c8857d) Importer(2089858483,0ecaa5967403d082aa24f35e1b516d23) [PhysX] Initialized MultithreadedTaskDispatcher with 8 workers.
 -> (artifact id: 'a5014aa4f931cac2cfddf643d7f4d5f9') in 0.025927 seconds
Number of updated asset objects reloaded before import = 0
Number of asset objects unloaded after import = 12
========================================================================
Received Import Request.
  Time since last request: 0.000036 seconds.
  path: Assets/FishNet/CodeGenerating/Helpers/GeneralHelper.cs
  artifactKey: Guid(6139ff104f3c24442b26dbc4e40d5ce5) Importer(2089858483,0ecaa5967403d082aa24f35e1b516d23)
Start importing Assets/FishNet/CodeGenerating/Helpers/GeneralHelper.cs using Guid(6139ff104f3c24442b26dbc4e40d5ce5) Importer(2089858483,0ecaa5967403d082aa24f35e1b516d23) [PhysX] Initialized MultithreadedTaskDispatcher with 8 workers.
 -> (artifact id: '2b0ad24852d628d9ba53d080949d34dd') in 0.013031 seconds
Number of updated asset objects reloaded before import = 0
Number of asset objects unloaded after import = 1
========================================================================
Received Import Request.
  Time since last request: 0.000026 seconds.
  path: Assets/FishNet/CodeGenerating/Processing/Rpc/RpcProcessor.cs
  artifactKey: Guid(4d4adb5891ee44f4397cd07ac2df0ce0) Importer(2089858483,0ecaa5967403d082aa24f35e1b516d23)
Start importing Assets/FishNet/CodeGenerating/Processing/Rpc/RpcProcessor.cs using Guid(4d4adb5891ee44f4397cd07ac2df0ce0) Importer(2089858483,0ecaa5967403d082aa24f35e1b516d23) [PhysX] Initialized MultithreadedTaskDispatcher with 8 workers.
 -> (artifact id: 'f0af75fa803ee7cae0867fd70edd8d82') in 0.011865 seconds
Number of updated asset objects reloaded before import = 0
Number of asset objects unloaded after import = 1
========================================================================
Received Import Request.
  Time since last request: 0.000047 seconds.
  path: Assets/FishNet/CodeGenerating/cecil-0.11.4/Mono.Cecil/MethodImplAttributes.cs
  artifactKey: Guid(bbe7f8d150d8c6b48abd24ac7718c9f4) Importer(2089858483,0ecaa5967403d082aa24f35e1b516d23)
Start importing Assets/FishNet/CodeGenerating/cecil-0.11.4/Mono.Cecil/MethodImplAttributes.cs using Guid(bbe7f8d150d8c6b48abd24ac7718c9f4) Importer(2089858483,0ecaa5967403d082aa24f35e1b516d23) [PhysX] Initialized MultithreadedTaskDispatcher with 8 workers.
 -> (artifact id: '7e75d3678a8a6f440c059a687492246d') in 0.011354 seconds
Number of updated asset objects reloaded before import = 0
Number of asset objects unloaded after import = 1
========================================================================
Received Import Request.
  Time since last request: 0.000026 seconds.
  path: Assets/FishNet/CodeGenerating/cecil-0.11.4/Mono.Cecil/ParameterAttributes.cs
  artifactKey: Guid(dc153e8db6e9d1b4ca432cd66ecfe423) Importer(2089858483,0ecaa5967403d082aa24f35e1b516d23)
Start importing Assets/FishNet/CodeGenerating/cecil-0.11.4/Mono.Cecil/ParameterAttributes.cs using Guid(dc153e8db6e9d1b4ca432cd66ecfe423) Importer(2089858483,0ecaa5967403d082aa24f35e1b516d23) [PhysX] Initialized MultithreadedTaskDispatcher with 8 workers.
 -> (artifact id: 'fe48997441fd1a30b87b1ec65e54ff4a') in 0.012856 seconds
Number of updated asset objects reloaded before import = 0
Number of asset objects unloaded after import = 1
========================================================================
Received Import Request.
  Time since last request: 0.000027 seconds.
  path: Assets/FishNet/CodeGenerating/cecil-0.11.4/Mono.Cecil/MetadataResolver.cs
  artifactKey: Guid(fdd2c926d773ffd4692e2d042135fd2b) Importer(2089858483,0ecaa5967403d082aa24f35e1b516d23)
Start importing Assets/FishNet/CodeGenerating/cecil-0.11.4/Mono.Cecil/MetadataResolver.cs using Guid(fdd2c926d773ffd4692e2d042135fd2b) Importer(2089858483,0ecaa5967403d082aa24f35e1b516d23) [PhysX] Initialized MultithreadedTaskDispatcher with 8 workers.
 -> (artifact id: '94cb7501c762d628d508cf776796cc13') in 0.012069 seconds
Number of updated asset objects reloaded before import = 0
Number of asset objects unloaded after import = 1
========================================================================
Received Import Request.
  Time since last request: 0.000071 seconds.
  path: Assets/FishNet/CodeGenerating/cecil-0.11.4/Mono.Cecil/FileAttributes.cs
  artifactKey: Guid(56e662d580c0894489669cc8058a2783) Importer(2089858483,0ecaa5967403d082aa24f35e1b516d23)
Start importing Assets/FishNet/CodeGenerating/cecil-0.11.4/Mono.Cecil/FileAttributes.cs using Guid(56e662d580c0894489669cc8058a2783) Importer(2089858483,0ecaa5967403d082aa24f35e1b516d23) [PhysX] Initialized MultithreadedTaskDispatcher with 8 workers.
 -> (artifact id: '90675854387f3b707e42d6a84de7beb4') in 0.011044 seconds
Number of updated asset objects reloaded before import = 0
Number of asset objects unloaded after import = 1
========================================================================
Received Import Request.
  Time since last request: 0.000024 seconds.
  path: Assets/FishNet/CodeGenerating/cecil-0.11.4/Mono.Cecil/MemberDefinitionCollection.cs
  artifactKey: Guid(e5caa999f42a585459c62b7b65eefdd8) Importer(2089858483,0ecaa5967403d082aa24f35e1b516d23)
Start importing Assets/FishNet/CodeGenerating/cecil-0.11.4/Mono.Cecil/MemberDefinitionCollection.cs using Guid(e5caa999f42a585459c62b7b65eefdd8) Importer(2089858483,0ecaa5967403d082aa24f35e1b516d23) [PhysX] Initialized MultithreadedTaskDispatcher with 8 workers.
 -> (artifact id: 'b06a5259a753241ab049e89820877689') in 0.014557 seconds
Number of updated asset objects reloaded before import = 0
Number of asset objects unloaded after import = 1
========================================================================
Received Import Request.
  Time since last request: 0.000028 seconds.
  path: Assets/FishNet/CodeGenerating/cecil-0.11.4/Mono.Cecil/BaseAssemblyResolver.cs
  artifactKey: Guid(4ab1d53794ef7444c81e276b5a3a5c2b) Importer(2089858483,0ecaa5967403d082aa24f35e1b516d23)
Start importing Assets/FishNet/CodeGenerating/cecil-0.11.4/Mono.Cecil/BaseAssemblyResolver.cs using Guid(4ab1d53794ef7444c81e276b5a3a5c2b) Importer(2089858483,0ecaa5967403d082aa24f35e1b516d23) [PhysX] Initialized MultithreadedTaskDispatcher with 8 workers.
 -> (artifact id: '339aca1973ead411ae5c9f2a2919f853') in 0.011782 seconds
Number of updated asset objects reloaded before import = 0
Number of asset objects unloaded after import = 1
========================================================================
Received Import Request.
  Time since last request: 0.000048 seconds.
  path: Assets/FishNet/CodeGenerating/cecil-0.11.4/Mono.Cecil/MemberReference.cs
  artifactKey: Guid(2dcf551ad731c204fa148ec1ee0ce881) Importer(2089858483,0ecaa5967403d082aa24f35e1b516d23)
Start importing Assets/FishNet/CodeGenerating/cecil-0.11.4/Mono.Cecil/MemberReference.cs using Guid(2dcf551ad731c204fa148ec1ee0ce881) Importer(2089858483,0ecaa5967403d082aa24f35e1b516d23) [PhysX] Initialized MultithreadedTaskDispatcher with 8 workers.
 -> (artifact id: '9a9572c729c7fca1457cdb39466d47a2') in 0.012062 seconds
Number of updated asset objects reloaded before import = 0
Number of asset objects unloaded after import = 1
========================================================================
Received Import Request.
  Time since last request: 0.000034 seconds.
  path: Assets/FishNet/CodeGenerating/cecil-0.11.4/Mono.Cecil/MethodDefinition.cs
  artifactKey: Guid(51ade7e624f84ae4abb8dc28a51b3082) Importer(2089858483,0ecaa5967403d082aa24f35e1b516d23)
Start importing Assets/FishNet/CodeGenerating/cecil-0.11.4/Mono.Cecil/MethodDefinition.cs using Guid(51ade7e624f84ae4abb8dc28a51b3082) Importer(2089858483,0ecaa5967403d082aa24f35e1b516d23) [PhysX] Initialized MultithreadedTaskDispatcher with 8 workers.
 -> (artifact id: '89de0ae9bb33c2697a2f521472ce0ac2') in 0.012421 seconds
Number of updated asset objects reloaded before import = 0
Number of asset objects unloaded after import = 1
========================================================================
Received Import Request.
  Time since last request: 0.000029 seconds.
  path: Assets/FishNet/CodeGenerating/cecil-0.11.4/Mono.Cecil/IGenericInstance.cs
  artifactKey: Guid(22b3a8ddd25a989449e5e9ffc632bc00) Importer(2089858483,0ecaa5967403d082aa24f35e1b516d23)
Start importing Assets/FishNet/CodeGenerating/cecil-0.11.4/Mono.Cecil/IGenericInstance.cs using Guid(22b3a8ddd25a989449e5e9ffc632bc00) Importer(2089858483,0ecaa5967403d082aa24f35e1b516d23) [PhysX] Initialized MultithreadedTaskDispatcher with 8 workers.
 -> (artifact id: '0bfffeb82f379896db56315dfb4ff863') in 0.012720 seconds
Number of updated asset objects reloaded before import = 0
Number of asset objects unloaded after import = 1
========================================================================
Received Import Request.
  Time since last request: 0.000044 seconds.
  path: Assets/FishNet/CodeGenerating/cecil-0.11.4/Mono.Cecil/IMethodSignature.cs
  artifactKey: Guid(8fdcc55987f0a4f4b93358d994704a98) Importer(2089858483,0ecaa5967403d082aa24f35e1b516d23)
Start importing Assets/FishNet/CodeGenerating/cecil-0.11.4/Mono.Cecil/IMethodSignature.cs using Guid(8fdcc55987f0a4f4b93358d994704a98) Importer(2089858483,0ecaa5967403d082aa24f35e1b516d23) [PhysX] Initialized MultithreadedTaskDispatcher with 8 workers.
 -> (artifact id: '0b2ba6ade4ea68a14fa31ad2a87c5f1f') in 0.011660 seconds
Number of updated asset objects reloaded before import = 0
Number of asset objects unloaded after import = 1
========================================================================
Received Import Request.
  Time since last request: 0.000028 seconds.
  path: Assets/FishNet/CodeGenerating/cecil-0.11.4/Mono.Cecil/GenericInstanceMethod.cs
  artifactKey: Guid(fd61b82dc3c653d42a1fc0f4e4c003f8) Importer(2089858483,0ecaa5967403d082aa24f35e1b516d23)
Start importing Assets/FishNet/CodeGenerating/cecil-0.11.4/Mono.Cecil/GenericInstanceMethod.cs using Guid(fd61b82dc3c653d42a1fc0f4e4c003f8) Importer(2089858483,0ecaa5967403d082aa24f35e1b516d23) [PhysX] Initialized MultithreadedTaskDispatcher with 8 workers.
 -> (artifact id: '62231a48677bfc94343d84c529c83c8f') in 0.013838 seconds
Number of updated asset objects reloaded before import = 0
Number of asset objects unloaded after import = 1
========================================================================
Received Import Request.
  Time since last request: 0.000027 seconds.
  path: Assets/FishNet/CodeGenerating/cecil-0.11.4/Mono.Cecil/FieldDefinition.cs
  artifactKey: Guid(00dcb95135f39ec4c923f7923bcc93ed) Importer(2089858483,0ecaa5967403d082aa24f35e1b516d23)
Start importing Assets/FishNet/CodeGenerating/cecil-0.11.4/Mono.Cecil/FieldDefinition.cs using Guid(00dcb95135f39ec4c923f7923bcc93ed) Importer(2089858483,0ecaa5967403d082aa24f35e1b516d23) [PhysX] Initialized MultithreadedTaskDispatcher with 8 workers.
 -> (artifact id: 'a2c0fd759dddc9d5dd822c817d4ba9f2') in 0.012262 seconds
Number of updated asset objects reloaded before import = 0
Number of asset objects unloaded after import = 1
========================================================================
Received Import Request.
  Time since last request: 0.000030 seconds.
  path: Assets/FishNet/CodeGenerating/cecil-0.11.4/Mono/MergeSort.cs
  artifactKey: Guid(3c35ecf3bff670b4c8b367ed632eee37) Importer(2089858483,0ecaa5967403d082aa24f35e1b516d23)
Start importing Assets/FishNet/CodeGenerating/cecil-0.11.4/Mono/MergeSort.cs using Guid(3c35ecf3bff670b4c8b367ed632eee37) Importer(2089858483,0ecaa5967403d082aa24f35e1b516d23) [PhysX] Initialized MultithreadedTaskDispatcher with 8 workers.
 -> (artifact id: '62d6826d27dc8f81c4a75a0b8c0680f2') in 0.011999 seconds
Number of updated asset objects reloaded before import = 0
Number of asset objects unloaded after import = 1
========================================================================
Received Import Request.
  Time since last request: 0.000034 seconds.
  path: Assets/FishNet/CodeGenerating/cecil-0.11.4/Mono.Cecil/FunctionPointerType.cs
  artifactKey: Guid(91d84cd146416f945acbfce1b1dbcacb) Importer(2089858483,0ecaa5967403d082aa24f35e1b516d23)
Start importing Assets/FishNet/CodeGenerating/cecil-0.11.4/Mono.Cecil/FunctionPointerType.cs using Guid(91d84cd146416f945acbfce1b1dbcacb) Importer(2089858483,0ecaa5967403d082aa24f35e1b516d23) [PhysX] Initialized MultithreadedTaskDispatcher with 8 workers.
 -> (artifact id: '7b4b71356c2a6121e326cb7f3f074aff') in 0.014250 seconds
Number of updated asset objects reloaded before import = 0
Number of asset objects unloaded after import = 1
========================================================================
Received Import Request.
  Time since last request: 0.000041 seconds.
  path: Assets/FishNet/CodeGenerating/cecil-0.11.4/Mono.Cecil/MethodReference.cs
  artifactKey: Guid(e894eb84c10b07f42bf952d556a35c1c) Importer(2089858483,0ecaa5967403d082aa24f35e1b516d23)
Start importing Assets/FishNet/CodeGenerating/cecil-0.11.4/Mono.Cecil/MethodReference.cs using Guid(e894eb84c10b07f42bf952d556a35c1c) Importer(2089858483,0ecaa5967403d082aa24f35e1b516d23) [PhysX] Initialized MultithreadedTaskDispatcher with 8 workers.
 -> (artifact id: '7fc1735df3f148288724ca655a938593') in 0.012221 seconds
Number of updated asset objects reloaded before import = 0
Number of asset objects unloaded after import = 1
========================================================================
Received Import Request.
  Time since last request: 0.000027 seconds.
  path: Assets/FishNet/CodeGenerating/cecil-0.11.4/Mono.Cecil/MethodSpecification.cs
  artifactKey: Guid(aab27df5116b6ef46ac37993c843e4f0) Importer(2089858483,0ecaa5967403d082aa24f35e1b516d23)
Start importing Assets/FishNet/CodeGenerating/cecil-0.11.4/Mono.Cecil/MethodSpecification.cs using Guid(aab27df5116b6ef46ac37993c843e4f0) Importer(2089858483,0ecaa5967403d082aa24f35e1b516d23) [PhysX] Initialized MultithreadedTaskDispatcher with 8 workers.
 -> (artifact id: 'f2a45586b0c4c10573441beab9a7ecfd') in 0.013461 seconds
Number of updated asset objects reloaded before import = 0
Number of asset objects unloaded after import = 1
========================================================================
Received Import Request.
  Time since last request: 0.000063 seconds.
  path: Assets/FishNet/CodeGenerating/Helpers/Typed/Comparers.cs
  artifactKey: Guid(2b30600f0fdb27c4fb86c310b08f43b5) Importer(2089858483,0ecaa5967403d082aa24f35e1b516d23)
Start importing Assets/FishNet/CodeGenerating/Helpers/Typed/Comparers.cs using Guid(2b30600f0fdb27c4fb86c310b08f43b5) Importer(2089858483,0ecaa5967403d082aa24f35e1b516d23) [PhysX] Initialized MultithreadedTaskDispatcher with 8 workers.
 -> (artifact id: 'a86df0ae8a9674eecd220d85f4913bac') in 0.013846 seconds
Number of updated asset objects reloaded before import = 0
Number of asset objects unloaded after import = 1
========================================================================
Received Import Request.
  Time since last request: 0.000030 seconds.
  path: Assets/FishNet/CodeGenerating/cecil-0.11.4/Mono.Cecil/AssemblyDefinition.cs
  artifactKey: Guid(1c1ac0fc48f2d424f9c0d9fa74b16b07) Importer(2089858483,0ecaa5967403d082aa24f35e1b516d23)
Start importing Assets/FishNet/CodeGenerating/cecil-0.11.4/Mono.Cecil/AssemblyDefinition.cs using Guid(1c1ac0fc48f2d424f9c0d9fa74b16b07) Importer(2089858483,0ecaa5967403d082aa24f35e1b516d23) [PhysX] Initialized MultithreadedTaskDispatcher with 8 workers.
 -> (artifact id: '1629e3ad5d30eed5f080dc80c64204a8') in 0.013328 seconds
Number of updated asset objects reloaded before import = 0
Number of asset objects unloaded after import = 1
========================================================================
Received Import Request.
  Time since last request: 0.000115 seconds.
  path: Assets/FishNet/CodeGenerating/cecil-0.11.4/Mono.Cecil/ICustomAttributeProvider.cs
  artifactKey: Guid(1585603aa3fe4f1409c42694378a557c) Importer(2089858483,0ecaa5967403d082aa24f35e1b516d23)
Start importing Assets/FishNet/CodeGenerating/cecil-0.11.4/Mono.Cecil/ICustomAttributeProvider.cs using Guid(1585603aa3fe4f1409c42694378a557c) Importer(2089858483,0ecaa5967403d082aa24f35e1b516d23) [PhysX] Initialized MultithreadedTaskDispatcher with 8 workers.
 -> (artifact id: '0355754e08c2b9ebffedf81d13ec2137') in 0.014514 seconds
Number of updated asset objects reloaded before import = 0
Number of asset objects unloaded after import = 1
========================================================================
Received Import Request.
  Time since last request: 0.000022 seconds.
  path: Assets/FishNet/CodeGenerating/cecil-0.11.4/Mono.Cecil/AssemblyWriter.cs
  artifactKey: Guid(9a88ce645df13da4aa9eca43f013f6ae) Importer(2089858483,0ecaa5967403d082aa24f35e1b516d23)
Start importing Assets/FishNet/CodeGenerating/cecil-0.11.4/Mono.Cecil/AssemblyWriter.cs using Guid(9a88ce645df13da4aa9eca43f013f6ae) Importer(2089858483,0ecaa5967403d082aa24f35e1b516d23) [PhysX] Initialized MultithreadedTaskDispatcher with 8 workers.
 -> (artifact id: 'e5ba731d7f7d130b34c8bee142e5eafc') in 0.011638 seconds
Number of updated asset objects reloaded before import = 0
Number of asset objects unloaded after import = 1
========================================================================
Received Import Request.
  Time since last request: 0.000025 seconds.
  path: Assets/FishNet/CodeGenerating/cecil-0.11.4/Mono.Cecil/MethodCallingConvention.cs
  artifactKey: Guid(1d279830051a3cf4a9a8198756171875) Importer(2089858483,0ecaa5967403d082aa24f35e1b516d23)
Start importing Assets/FishNet/CodeGenerating/cecil-0.11.4/Mono.Cecil/MethodCallingConvention.cs using Guid(1d279830051a3cf4a9a8198756171875) Importer(2089858483,0ecaa5967403d082aa24f35e1b516d23) [PhysX] Initialized MultithreadedTaskDispatcher with 8 workers.
 -> (artifact id: '844b801252ad377b3d70272291ee5511') in 0.011353 seconds
Number of updated asset objects reloaded before import = 0
Number of asset objects unloaded after import = 1
========================================================================
Received Import Request.
  Time since last request: 0.000026 seconds.
  path: Assets/FishNet/CodeGenerating/cecil-0.11.4/Mono.Cecil/AssemblyLinkedResource.cs
  artifactKey: Guid(c3d5a207fc55ac5419e42c86cef15db0) Importer(2089858483,0ecaa5967403d082aa24f35e1b516d23)
Start importing Assets/FishNet/CodeGenerating/cecil-0.11.4/Mono.Cecil/AssemblyLinkedResource.cs using Guid(c3d5a207fc55ac5419e42c86cef15db0) Importer(2089858483,0ecaa5967403d082aa24f35e1b516d23) [PhysX] Initialized MultithreadedTaskDispatcher with 8 workers.
 -> (artifact id: 'b6d49bc26d9d6ef5fa4a295d78b7e3ca') in 0.014126 seconds
Number of updated asset objects reloaded before import = 0
Number of asset objects unloaded after import = 1
========================================================================
Received Import Request.
  Time since last request: 0.000027 seconds.
  path: Assets/FishNet/CodeGenerating/cecil-0.11.4/Mono.Cecil/ModuleKind.cs
  artifactKey: Guid(b85d54df2658b6d4bab3d27002f45a01) Importer(2089858483,0ecaa5967403d082aa24f35e1b516d23)
Start importing Assets/FishNet/CodeGenerating/cecil-0.11.4/Mono.Cecil/ModuleKind.cs using Guid(b85d54df2658b6d4bab3d27002f45a01) Importer(2089858483,0ecaa5967403d082aa24f35e1b516d23) [PhysX] Initialized MultithreadedTaskDispatcher with 8 workers.
 -> (artifact id: '3c570e91dac32a7116efef78c01028ff') in 0.011975 seconds
Number of updated asset objects reloaded before import = 0
Number of asset objects unloaded after import = 1
========================================================================
Received Import Request.
  Time since last request: 0.000024 seconds.
  path: Assets/FishNet/CodeGenerating/cecil-0.11.4/Mono.Cecil/MethodAttributes.cs
  artifactKey: Guid(84996fdfc826be145836c454e3781c51) Importer(2089858483,0ecaa5967403d082aa24f35e1b516d23)
Start importing Assets/FishNet/CodeGenerating/cecil-0.11.4/Mono.Cecil/MethodAttributes.cs using Guid(84996fdfc826be145836c454e3781c51) Importer(2089858483,0ecaa5967403d082aa24f35e1b516d23) [PhysX] Initialized MultithreadedTaskDispatcher with 8 workers.
 -> (artifact id: 'c8679d2ebff8fd6e7ad32748cb01a732') in 0.011646 seconds
Number of updated asset objects reloaded before import = 0
Number of asset objects unloaded after import = 1
========================================================================
Received Import Request.
  Time since last request: 0.000024 seconds.
  path: Assets/FishNet/CodeGenerating/cecil-0.11.4/Mono.Cecil/GenericInstanceType.cs
  artifactKey: Guid(536e7e359f0fa6c449a352476e8af197) Importer(2089858483,0ecaa5967403d082aa24f35e1b516d23)
Start importing Assets/FishNet/CodeGenerating/cecil-0.11.4/Mono.Cecil/GenericInstanceType.cs using Guid(536e7e359f0fa6c449a352476e8af197) Importer(2089858483,0ecaa5967403d082aa24f35e1b516d23) [PhysX] Initialized MultithreadedTaskDispatcher with 8 workers.
 -> (artifact id: '9e060b18f8df9a07d118a4bf1f9c81f2') in 0.012476 seconds
Number of updated asset objects reloaded before import = 0
Number of asset objects unloaded after import = 1
========================================================================
Received Import Request.
  Time since last request: 0.000024 seconds.
  path: Assets/FishNet/CodeGenerating/cecil-0.11.4/Mono.Cecil/GenericParameterResolver.cs
  artifactKey: Guid(4151464170fe40440a031e1f4f2ecf53) Importer(2089858483,0ecaa5967403d082aa24f35e1b516d23)
Start importing Assets/FishNet/CodeGenerating/cecil-0.11.4/Mono.Cecil/GenericParameterResolver.cs using Guid(4151464170fe40440a031e1f4f2ecf53) Importer(2089858483,0ecaa5967403d082aa24f35e1b516d23) [PhysX] Initialized MultithreadedTaskDispatcher with 8 workers.
 -> (artifact id: '409dd17d01e7252a3189012954ea6276') in 0.014483 seconds
Number of updated asset objects reloaded before import = 0
Number of asset objects unloaded after import = 1
========================================================================
Received Import Request.
  Time since last request: 0.000027 seconds.
  path: Assets/FishNet/CodeGenerating/cecil-0.11.4/Mono.Cecil/PInvokeInfo.cs
  artifactKey: Guid(56eb336b3d1ea2b4094fbb5586a11d49) Importer(2089858483,0ecaa5967403d082aa24f35e1b516d23)
Start importing Assets/FishNet/CodeGenerating/cecil-0.11.4/Mono.Cecil/PInvokeInfo.cs using Guid(56eb336b3d1ea2b4094fbb5586a11d49) Importer(2089858483,0ecaa5967403d082aa24f35e1b516d23) [PhysX] Initialized MultithreadedTaskDispatcher with 8 workers.
 -> (artifact id: 'ae80ae73e8774b4d04a4ec1421cd8b49') in 0.012887 seconds
Number of updated asset objects reloaded before import = 0
Number of asset objects unloaded after import = 1
========================================================================
Received Import Request.
  Time since last request: 0.000025 seconds.
  path: Assets/FishNet/CodeGenerating/cecil-0.11.4/Mono.Cecil/AssemblyReader.cs
  artifactKey: Guid(d8fb74d16029713429e831cb3b5b0861) Importer(2089858483,0ecaa5967403d082aa24f35e1b516d23)
Start importing Assets/FishNet/CodeGenerating/cecil-0.11.4/Mono.Cecil/AssemblyReader.cs using Guid(d8fb74d16029713429e831cb3b5b0861) Importer(2089858483,0ecaa5967403d082aa24f35e1b516d23) [PhysX] Initialized MultithreadedTaskDispatcher with 8 workers.
 -> (artifact id: 'ceb7851fc7d24e2e35131f3e0bf97b84') in 0.012085 seconds
Number of updated asset objects reloaded before import = 0
Number of asset objects unloaded after import = 1
========================================================================
Received Import Request.
  Time since last request: 0.000032 seconds.
  path: Assets/FishNet/CodeGenerating/cecil-0.11.4/Mono.Cecil/LinkedResource.cs
  artifactKey: Guid(18c45c1a0891fdc40a07d309b564ec6d) Importer(2089858483,0ecaa5967403d082aa24f35e1b516d23)
Start importing Assets/FishNet/CodeGenerating/cecil-0.11.4/Mono.Cecil/LinkedResource.cs using Guid(18c45c1a0891fdc40a07d309b564ec6d) Importer(2089858483,0ecaa5967403d082aa24f35e1b516d23) [PhysX] Initialized MultithreadedTaskDispatcher with 8 workers.
 -> (artifact id: '59d41125502fdb6f58ceaa1ef5c4e4e2') in 0.017207 seconds
Number of updated asset objects reloaded before import = 0
Number of asset objects unloaded after import = 1
========================================================================
Received Import Request.
  Time since last request: 0.000034 seconds.
  path: Assets/FishNet/CodeGenerating/cecil-0.11.4/Mono.Cecil/MarshalInfo.cs
  artifactKey: Guid(081d03dc18ced1648ae4d9f2eefd3370) Importer(2089858483,0ecaa5967403d082aa24f35e1b516d23)
Start importing Assets/FishNet/CodeGenerating/cecil-0.11.4/Mono.Cecil/MarshalInfo.cs using Guid(081d03dc18ced1648ae4d9f2eefd3370) Importer(2089858483,0ecaa5967403d082aa24f35e1b516d23) [PhysX] Initialized MultithreadedTaskDispatcher with 8 workers.
 -> (artifact id: '69ca09aca7bbcb598b8f56c0bbbf4a39') in 0.011207 seconds
Number of updated asset objects reloaded before import = 0
Number of asset objects unloaded after import = 1
========================================================================
Received Import Request.
  Time since last request: 0.000024 seconds.
  path: Assets/FishNet/CodeGenerating/Helpers/Extension/TypeReferenceExtensions.cs
  artifactKey: Guid(2344f5ab0fda07b498c03fbe0e082c14) Importer(2089858483,0ecaa5967403d082aa24f35e1b516d23)
Start importing Assets/FishNet/CodeGenerating/Helpers/Extension/TypeReferenceExtensions.cs using Guid(2344f5ab0fda07b498c03fbe0e082c14) Importer(2089858483,0ecaa5967403d082aa24f35e1b516d23) [PhysX] Initialized MultithreadedTaskDispatcher with 8 workers.
 -> (artifact id: '29a501c96fbd24af30e3d6aac5d2a297') in 0.010978 seconds
Number of updated asset objects reloaded before import = 0
Number of asset objects unloaded after import = 1
========================================================================
Received Import Request.
  Time since last request: 0.000030 seconds.
  path: Assets/FishNet/CodeGenerating/Helpers/Typed/GeneratorHelper.cs
  artifactKey: Guid(9b1882eac63e3d94aad8f41915bc1ab8) Importer(2089858483,0ecaa5967403d082aa24f35e1b516d23)
Start importing Assets/FishNet/CodeGenerating/Helpers/Typed/GeneratorHelper.cs using Guid(9b1882eac63e3d94aad8f41915bc1ab8) Importer(2089858483,0ecaa5967403d082aa24f35e1b516d23) [PhysX] Initialized MultithreadedTaskDispatcher with 8 workers.
 -> (artifact id: 'a8c6af517e4a6c704298adce0dfd28c2') in 0.014479 seconds
Number of updated asset objects reloaded before import = 0
Number of asset objects unloaded after import = 1
========================================================================
Received Import Request.
  Time since last request: 0.000028 seconds.
  path: Assets/FishNet/CodeGenerating/cecil-0.11.4/Mono/Disposable.cs
  artifactKey: Guid(1aa8d86dc5c9323419e8b535d582fccf) Importer(2089858483,0ecaa5967403d082aa24f35e1b516d23)
Start importing Assets/FishNet/CodeGenerating/cecil-0.11.4/Mono/Disposable.cs using Guid(1aa8d86dc5c9323419e8b535d582fccf) Importer(2089858483,0ecaa5967403d082aa24f35e1b516d23) [PhysX] Initialized MultithreadedTaskDispatcher with 8 workers.
 -> (artifact id: '2ecdf701c404b8cef286eacc497481d3') in 0.012305 seconds
Number of updated asset objects reloaded before import = 0
Number of asset objects unloaded after import = 1
========================================================================
Received Import Request.
  Time since last request: 0.000044 seconds.
  path: Assets/FishNet/CodeGenerating/Helpers/Extension/TypeDefinitionExtensions.cs
  artifactKey: Guid(645e49fe7eeff3a4e9eb65d77fc6e2ca) Importer(2089858483,0ecaa5967403d082aa24f35e1b516d23)
Start importing Assets/FishNet/CodeGenerating/Helpers/Extension/TypeDefinitionExtensions.cs using Guid(645e49fe7eeff3a4e9eb65d77fc6e2ca) Importer(2089858483,0ecaa5967403d082aa24f35e1b516d23) [PhysX] Initialized MultithreadedTaskDispatcher with 8 workers.
 -> (artifact id: '23f5928efc563584cf59935bc0f90277') in 0.013505 seconds
Number of updated asset objects reloaded before import = 0
Number of asset objects unloaded after import = 1
========================================================================
Received Import Request.
  Time since last request: 0.000023 seconds.
  path: Assets/FishNet/CodeGenerating/cecil-0.11.4/Mono.Cecil/CallSite.cs
  artifactKey: Guid(087823dce9623d348927f193f95a1807) Importer(2089858483,0ecaa5967403d082aa24f35e1b516d23)
Start importing Assets/FishNet/CodeGenerating/cecil-0.11.4/Mono.Cecil/CallSite.cs using Guid(087823dce9623d348927f193f95a1807) Importer(2089858483,0ecaa5967403d082aa24f35e1b516d23) [PhysX] Initialized MultithreadedTaskDispatcher with 8 workers.
 -> (artifact id: '12e203688cabcec99988342975049b7b') in 0.012471 seconds
Number of updated asset objects reloaded before import = 0
Number of asset objects unloaded after import = 1
========================================================================
Received Import Request.
  Time since last request: 0.000036 seconds.
  path: Assets/FishNet/CodeGenerating/Processing/Rpc/AttributeData.cs
  artifactKey: Guid(91f84e00db3d1ad448fb6a760afb6927) Importer(2089858483,0ecaa5967403d082aa24f35e1b516d23)
Start importing Assets/FishNet/CodeGenerating/Processing/Rpc/AttributeData.cs using Guid(91f84e00db3d1ad448fb6a760afb6927) Importer(2089858483,0ecaa5967403d082aa24f35e1b516d23) [PhysX] Initialized MultithreadedTaskDispatcher with 8 workers.
 -> (artifact id: 'c57de68c294e5b439a4245f0d9476f60') in 0.012053 seconds
Number of updated asset objects reloaded before import = 0
Number of asset objects unloaded after import = 1
========================================================================
Received Import Request.
  Time since last request: 0.000025 seconds.
  path: Assets/FishNet/CodeGenerating/cecil-0.11.4/Mono.Cecil/AssemblyNameDefinition.cs
  artifactKey: Guid(68b90f4f023a67e4db7ddb52802ca21e) Importer(2089858483,0ecaa5967403d082aa24f35e1b516d23)
Start importing Assets/FishNet/CodeGenerating/cecil-0.11.4/Mono.Cecil/AssemblyNameDefinition.cs using Guid(68b90f4f023a67e4db7ddb52802ca21e) Importer(2089858483,0ecaa5967403d082aa24f35e1b516d23) [PhysX] Initialized MultithreadedTaskDispatcher with 8 workers.
 -> (artifact id: '0531483c77f3cd95a9e5ffab10a2d8ce') in 0.014614 seconds
Number of updated asset objects reloaded before import = 0
Number of asset objects unloaded after import = 1
========================================================================
Received Import Request.
  Time since last request: 0.000025 seconds.
  path: Assets/FishNet/CodeGenerating/cecil-0.11.4/Mono.Cecil/EmbeddedResource.cs
  artifactKey: Guid(b5874acd8fee1b4499a3249dd4648428) Importer(2089858483,0ecaa5967403d082aa24f35e1b516d23)
Start importing Assets/FishNet/CodeGenerating/cecil-0.11.4/Mono.Cecil/EmbeddedResource.cs using Guid(b5874acd8fee1b4499a3249dd4648428) Importer(2089858483,0ecaa5967403d082aa24f35e1b516d23) [PhysX] Initialized MultithreadedTaskDispatcher with 8 workers.
 -> (artifact id: 'eedd941b4220491c3ac5381d34efb446') in 0.012221 seconds
Number of updated asset objects reloaded before import = 0
Number of asset objects unloaded after import = 1
========================================================================
Received Import Request.
  Time since last request: 0.000029 seconds.
  path: Assets/FishNet/CodeGenerating/cecil-0.11.4/Mono.Cecil/Modifiers.cs
  artifactKey: Guid(1fc5ce450d74933428a568f51cb49c16) Importer(2089858483,0ecaa5967403d082aa24f35e1b516d23)
Start importing Assets/FishNet/CodeGenerating/cecil-0.11.4/Mono.Cecil/Modifiers.cs using Guid(1fc5ce450d74933428a568f51cb49c16) Importer(2089858483,0ecaa5967403d082aa24f35e1b516d23) [PhysX] Initialized MultithreadedTaskDispatcher with 8 workers.
 -> (artifact id: '1b5825061b53aa9714af5a1f11d6cc39') in 0.013590 seconds
Number of updated asset objects reloaded before import = 0
Number of asset objects unloaded after import = 1
========================================================================
Received Import Request.
  Time since last request: 0.000052 seconds.
  path: Assets/FishNet/CodeGenerating/cecil-0.11.4/Mono.Cecil/ArrayType.cs
  artifactKey: Guid(7add098db82a032428c139b59f0878be) Importer(2089858483,0ecaa5967403d082aa24f35e1b516d23)
Start importing Assets/FishNet/CodeGenerating/cecil-0.11.4/Mono.Cecil/ArrayType.cs using Guid(7add098db82a032428c139b59f0878be) Importer(2089858483,0ecaa5967403d082aa24f35e1b516d23) [PhysX] Initialized MultithreadedTaskDispatcher with 8 workers.
 -> (artifact id: 'a1cb5a34feeccea3269dd0de7a663642') in 0.012338 seconds
Number of updated asset objects reloaded before import = 0
Number of asset objects unloaded after import = 1
========================================================================
Received Import Request.
  Time since last request: 0.000022 seconds.
  path: Assets/FishNet/CodeGenerating/cecil-0.11.4/Mono.Cecil/PinnedType.cs
  artifactKey: Guid(6840e25b64ef0924d84724d5587cfa68) Importer(2089858483,0ecaa5967403d082aa24f35e1b516d23)
Start importing Assets/FishNet/CodeGenerating/cecil-0.11.4/Mono.Cecil/PinnedType.cs using Guid(6840e25b64ef0924d84724d5587cfa68) Importer(2089858483,0ecaa5967403d082aa24f35e1b516d23) [PhysX] Initialized MultithreadedTaskDispatcher with 8 workers.
 -> (artifact id: 'c4a43d02ac05c1de5e55ea2d1ee8ef8b') in 0.012455 seconds
Number of updated asset objects reloaded before import = 0
Number of asset objects unloaded after import = 1
========================================================================
Received Import Request.
  Time since last request: 0.000024 seconds.
  path: Assets/FishNet/CodeGenerating/cecil-0.11.4/Mono.Cecil/ManifestResourceAttributes.cs
  artifactKey: Guid(136b98b695702f048857ea31d91193fc) Importer(2089858483,0ecaa5967403d082aa24f35e1b516d23)
Start importing Assets/FishNet/CodeGenerating/cecil-0.11.4/Mono.Cecil/ManifestResourceAttributes.cs using Guid(136b98b695702f048857ea31d91193fc) Importer(2089858483,0ecaa5967403d082aa24f35e1b516d23) [PhysX] Initialized MultithreadedTaskDispatcher with 8 workers.
 -> (artifact id: '4be116e4a8b69ffca84e48b43eb1b72e') in 0.013562 seconds
Number of updated asset objects reloaded before import = 0
Number of asset objects unloaded after import = 1
========================================================================
Received Import Request.
  Time since last request: 0.000023 seconds.
  path: Assets/FishNet/CodeGenerating/cecil-0.11.4/Mono.Cecil/EventDefinition.cs
  artifactKey: Guid(4b201911ff1f925438edbe5b91275268) Importer(2089858483,0ecaa5967403d082aa24f35e1b516d23)
Start importing Assets/FishNet/CodeGenerating/cecil-0.11.4/Mono.Cecil/EventDefinition.cs using Guid(4b201911ff1f925438edbe5b91275268) Importer(2089858483,0ecaa5967403d082aa24f35e1b516d23) [PhysX] Initialized MultithreadedTaskDispatcher with 8 workers.
 -> (artifact id: '118cbca13e479b7f3c860677a203ced8') in 0.012810 seconds
Number of updated asset objects reloaded before import = 0
Number of asset objects unloaded after import = 1
========================================================================
Received Import Request.
  Time since last request: 0.000034 seconds.
  path: Assets/FishNet/CodeGenerating/cecil-0.11.4/Mono.Cecil/EventReference.cs
  artifactKey: Guid(94d9b58b6c4033343b975f6730127514) Importer(2089858483,0ecaa5967403d082aa24f35e1b516d23)
Start importing Assets/FishNet/CodeGenerating/cecil-0.11.4/Mono.Cecil/EventReference.cs using Guid(94d9b58b6c4033343b975f6730127514) Importer(2089858483,0ecaa5967403d082aa24f35e1b516d23) [PhysX] Initialized MultithreadedTaskDispatcher with 8 workers.
 -> (artifact id: 'd26dd2cd0d0c0c0dd86d0e30b8ce3b0e') in 0.012322 seconds
Number of updated asset objects reloaded before import = 0
Number of asset objects unloaded after import = 1
========================================================================
Received Import Request.
  Time since last request: 0.000043 seconds.
  path: Assets/FishNet/CodeGenerating/cecil-0.11.4/LICENSE.txt
  artifactKey: Guid(65323af257ddec3409ed36503b853604) Importer(2089858483,0ecaa5967403d082aa24f35e1b516d23)
Start importing Assets/FishNet/CodeGenerating/cecil-0.11.4/LICENSE.txt using Guid(65323af257ddec3409ed36503b853604) Importer(2089858483,0ecaa5967403d082aa24f35e1b516d23) [PhysX] Initialized MultithreadedTaskDispatcher with 8 workers.
 -> (artifact id: 'a6c3f4c1212ddb22a279a145941557e1') in 0.013017 seconds
Number of updated asset objects reloaded before import = 0
Number of asset objects unloaded after import = 1
========================================================================
Received Import Request.
  Time since last request: 0.000023 seconds.
  path: Assets/FishNet/Runtime/Utility/LocalTransformTickSmoother.cs
  artifactKey: Guid(facff21f41a83964fb8c0dc195d94646) Importer(2089858483,0ecaa5967403d082aa24f35e1b516d23)
Start importing Assets/FishNet/Runtime/Utility/LocalTransformTickSmoother.cs using Guid(facff21f41a83964fb8c0dc195d94646) Importer(2089858483,0ecaa5967403d082aa24f35e1b516d23) [PhysX] Initialized MultithreadedTaskDispatcher with 8 workers.
 -> (artifact id: '7f81849c897eebed72f1a405716e859f') in 0.011284 seconds
Number of updated asset objects reloaded before import = 0
Number of asset objects unloaded after import = 1
========================================================================
Received Import Request.
  Time since last request: 0.000023 seconds.
  path: Assets/FishNet/CodeGenerating/cecil-0.11.4/Mono.Cecil.Metadata/CodedIndex.cs
  artifactKey: Guid(dd50ffa8272dac444831e33b1b9d7f56) Importer(2089858483,0ecaa5967403d082aa24f35e1b516d23)
Start importing Assets/FishNet/CodeGenerating/cecil-0.11.4/Mono.Cecil.Metadata/CodedIndex.cs using Guid(dd50ffa8272dac444831e33b1b9d7f56) Importer(2089858483,0ecaa5967403d082aa24f35e1b516d23) [PhysX] Initialized MultithreadedTaskDispatcher with 8 workers.
 -> (artifact id: '93be3f436a1e46b040b977dc7fc7475f') in 0.011517 seconds
Number of updated asset objects reloaded before import = 0
Number of asset objects unloaded after import = 1
========================================================================
Received Import Request.
  Time since last request: 0.000029 seconds.
  path: Assets/FishNet/CodeGenerating/cecil-0.11.4/Mono.Cecil.PE/Image.cs
  artifactKey: Guid(be7f3ca6a9f5ad34db68702bd99778fd) Importer(2089858483,0ecaa5967403d082aa24f35e1b516d23)
Start importing Assets/FishNet/CodeGenerating/cecil-0.11.4/Mono.Cecil.PE/Image.cs using Guid(be7f3ca6a9f5ad34db68702bd99778fd) Importer(2089858483,0ecaa5967403d082aa24f35e1b516d23) [PhysX] Initialized MultithreadedTaskDispatcher with 8 workers.
 -> (artifact id: '4bed39334e1c52adec771e0d0a17f75e') in 0.013558 seconds
Number of updated asset objects reloaded before import = 0
Number of asset objects unloaded after import = 1
========================================================================
Received Import Request.
  Time since last request: 0.000022 seconds.
  path: Assets/FishNet/CodeGenerating/cecil-0.11.4/Mono.Cecil.Metadata/Heap.cs
  artifactKey: Guid(c343466f40d68574499155a2acd05e6b) Importer(2089858483,0ecaa5967403d082aa24f35e1b516d23)
Start importing Assets/FishNet/CodeGenerating/cecil-0.11.4/Mono.Cecil.Metadata/Heap.cs using Guid(c343466f40d68574499155a2acd05e6b) Importer(2089858483,0ecaa5967403d082aa24f35e1b516d23) [PhysX] Initialized MultithreadedTaskDispatcher with 8 workers.
 -> (artifact id: '8a7cdf6c413cb4bddc8083a20d216a6a') in 0.012046 seconds
Number of updated asset objects reloaded before import = 0
Number of asset objects unloaded after import = 1
========================================================================
Received Import Request.
  Time since last request: 0.000030 seconds.
  path: Assets/FishNet/CodeGenerating/cecil-0.11.4/Mono.Cecil.Metadata/UserStringHeap.cs
  artifactKey: Guid(2d89100b382ef8e4ea67917917d04db6) Importer(2089858483,0ecaa5967403d082aa24f35e1b516d23)
Start importing Assets/FishNet/CodeGenerating/cecil-0.11.4/Mono.Cecil.Metadata/UserStringHeap.cs using Guid(2d89100b382ef8e4ea67917917d04db6) Importer(2089858483,0ecaa5967403d082aa24f35e1b516d23) [PhysX] Initialized MultithreadedTaskDispatcher with 8 workers.
 -> (artifact id: 'fff4fda9d14f78977551b183f0362c48') in 0.013098 seconds
Number of updated asset objects reloaded before import = 0
Number of asset objects unloaded after import = 1
========================================================================
Received Import Request.
  Time since last request: 0.000025 seconds.
  path: Assets/FishNet/CodeGenerating/cecil-0.11.4/Mono.Security.Cryptography/CryptoService.cs
  artifactKey: Guid(c49085888b0afc047af3a03b536acdc2) Importer(2089858483,0ecaa5967403d082aa24f35e1b516d23)
Start importing Assets/FishNet/CodeGenerating/cecil-0.11.4/Mono.Security.Cryptography/CryptoService.cs using Guid(c49085888b0afc047af3a03b536acdc2) Importer(2089858483,0ecaa5967403d082aa24f35e1b516d23) [PhysX] Initialized MultithreadedTaskDispatcher with 8 workers.
 -> (artifact id: '74db3aedc57cee4686f726eee22ebf0f') in 0.013542 seconds
Number of updated asset objects reloaded before import = 0
Number of asset objects unloaded after import = 1
========================================================================
Received Import Request.
  Time since last request: 0.000027 seconds.
  path: Assets/FishNet/Demos/CustomSyncType/Custom Struct Sync/StructSyncBehaviour.cs
  artifactKey: Guid(c2cc7cbbeb4170642ac60367303222ef) Importer(2089858483,0ecaa5967403d082aa24f35e1b516d23)
Start importing Assets/FishNet/Demos/CustomSyncType/Custom Struct Sync/StructSyncBehaviour.cs using Guid(c2cc7cbbeb4170642ac60367303222ef) Importer(2089858483,0ecaa5967403d082aa24f35e1b516d23) [PhysX] Initialized MultithreadedTaskDispatcher with 8 workers.
 -> (artifact id: 'd2b55d6daabd76edc7634b70a5117877') in 0.012531 seconds
Number of updated asset objects reloaded before import = 0
Number of asset objects unloaded after import = 1
========================================================================
Received Import Request.
  Time since last request: 0.000021 seconds.
  path: Assets/FishNet/CodeGenerating/cecil-0.11.4/Mono.Cecil/TypeSystem.cs
  artifactKey: Guid(68c81a3fab6a4ee4dbfc5e83e365d1c9) Importer(2089858483,0ecaa5967403d082aa24f35e1b516d23)
Start importing Assets/FishNet/CodeGenerating/cecil-0.11.4/Mono.Cecil/TypeSystem.cs using Guid(68c81a3fab6a4ee4dbfc5e83e365d1c9) Importer(2089858483,0ecaa5967403d082aa24f35e1b516d23) [PhysX] Initialized MultithreadedTaskDispatcher with 8 workers.
 -> (artifact id: '8b41fbdfdd82d10498442c07a1f1cc1c') in 0.012346 seconds
Number of updated asset objects reloaded before import = 0
Number of asset objects unloaded after import = 1
========================================================================
Received Import Request.
  Time since last request: 0.000029 seconds.
  path: Assets/FishNet/CodeGenerating/cecil-0.11.4/Mono.Cecil/SecurityDeclaration.cs
  artifactKey: Guid(7a39c3df615f71b409a5aa3d102fb35e) Importer(2089858483,0ecaa5967403d082aa24f35e1b516d23)
Start importing Assets/FishNet/CodeGenerating/cecil-0.11.4/Mono.Cecil/SecurityDeclaration.cs using Guid(7a39c3df615f71b409a5aa3d102fb35e) Importer(2089858483,0ecaa5967403d082aa24f35e1b516d23) [PhysX] Initialized MultithreadedTaskDispatcher with 8 workers.
 -> (artifact id: 'fc2a65f62fc175bca29a84cfb2fe0b43') in 0.013771 seconds
Number of updated asset objects reloaded before import = 0
Number of asset objects unloaded after import = 1
========================================================================
Received Import Request.
  Time since last request: 0.000025 seconds.
  path: Assets/FishNet/Demos/ColliderRollback/Materials/Target.mat
  artifactKey: Guid(4c62c607906e6e1499102239be9499be) Importer(2089858483,0ecaa5967403d082aa24f35e1b516d23)
Start importing Assets/FishNet/Demos/ColliderRollback/Materials/Target.mat using Guid(4c62c607906e6e1499102239be9499be) Importer(2089858483,0ecaa5967403d082aa24f35e1b516d23) [PhysX] Initialized MultithreadedTaskDispatcher with 8 workers.
 -> (artifact id: '7f9475e446fe1afd3d8eb074b4106549') in 0.039048 seconds
Number of updated asset objects reloaded before import = 0
Number of asset objects unloaded after import = 1
========================================================================
Received Import Request.
  Time since last request: 0.000024 seconds.
  path: Assets/FishNet/CodeGenerating/cecil-0.11.4/Mono.Collections.Generic/ReadOnlyCollection.cs
  artifactKey: Guid(d94cb0938831f1349b60e63292a04b67) Importer(2089858483,0ecaa5967403d082aa24f35e1b516d23)
Start importing Assets/FishNet/CodeGenerating/cecil-0.11.4/Mono.Collections.Generic/ReadOnlyCollection.cs using Guid(d94cb0938831f1349b60e63292a04b67) Importer(2089858483,0ecaa5967403d082aa24f35e1b516d23) [PhysX] Initialized MultithreadedTaskDispatcher with 8 workers.
 -> (artifact id: '0bc588b0be34e0f22d2a3dbb9dbb282d') in 0.012092 seconds
Number of updated asset objects reloaded before import = 0
Number of asset objects unloaded after import = 1
========================================================================
Received Import Request.
  Time since last request: 0.000025 seconds.
  path: Assets/FishNet/CodeGenerating/cecil-0.11.4/Mono.Cecil.PE/ByteBufferEqualityComparer.cs
  artifactKey: Guid(0db5f2f7f9a349d4d89e2329ffd563b2) Importer(2089858483,0ecaa5967403d082aa24f35e1b516d23)
Start importing Assets/FishNet/CodeGenerating/cecil-0.11.4/Mono.Cecil.PE/ByteBufferEqualityComparer.cs using Guid(0db5f2f7f9a349d4d89e2329ffd563b2) Importer(2089858483,0ecaa5967403d082aa24f35e1b516d23) [PhysX] Initialized MultithreadedTaskDispatcher with 8 workers.
 -> (artifact id: '8df18361a41d873aa3edcd157ad9d6a6') in 0.014231 seconds
Number of updated asset objects reloaded before import = 0
Number of asset objects unloaded after import = 1
========================================================================
Received Import Request.
  Time since last request: 0.000073 seconds.
  path: Assets/FishNet/Demos/ColliderRollback/Materials/Wall.mat
  artifactKey: Guid(14d23cd2d8240244baa6026ca98df0bf) Importer(2089858483,0ecaa5967403d082aa24f35e1b516d23)
Start importing Assets/FishNet/Demos/ColliderRollback/Materials/Wall.mat using Guid(14d23cd2d8240244baa6026ca98df0bf) Importer(2089858483,0ecaa5967403d082aa24f35e1b516d23) [PhysX] Initialized MultithreadedTaskDispatcher with 8 workers.
 -> (artifact id: 'f55a96759c3835232ec70a535063d34d') in 0.013369 seconds
Number of updated asset objects reloaded before import = 0
Number of asset objects unloaded after import = 1
========================================================================
Received Import Request.
  Time since last request: 0.000033 seconds.
  path: Assets/FishNet/CodeGenerating/cecil-0.11.4/Mono.Cecil.Cil/CodeReader.cs
  artifactKey: Guid(451f6a2407c53554f9a16eeb62d806ce) Importer(2089858483,0ecaa5967403d082aa24f35e1b516d23)
Start importing Assets/FishNet/CodeGenerating/cecil-0.11.4/Mono.Cecil.Cil/CodeReader.cs using Guid(451f6a2407c53554f9a16eeb62d806ce) Importer(2089858483,0ecaa5967403d082aa24f35e1b516d23) [PhysX] Initialized MultithreadedTaskDispatcher with 8 workers.
 -> (artifact id: '38034a77fcb32b9cf01455a85de5d8d6') in 0.013683 seconds
Number of updated asset objects reloaded before import = 0
Number of asset objects unloaded after import = 1
========================================================================
Received Import Request.
  Time since last request: 0.000024 seconds.
  path: Assets/FishNet/Demos/Authenticator/Scripts/Broadcasts.cs
  artifactKey: Guid(d26bb0c99070e9b49bc8632dc0b68214) Importer(2089858483,0ecaa5967403d082aa24f35e1b516d23)
Start importing Assets/FishNet/Demos/Authenticator/Scripts/Broadcasts.cs using Guid(d26bb0c99070e9b49bc8632dc0b68214) Importer(2089858483,0ecaa5967403d082aa24f35e1b516d23) [PhysX] Initialized MultithreadedTaskDispatcher with 8 workers.
 -> (artifact id: '89b944e2a08bf3267e16d367ce8b9cb8') in 0.012501 seconds
Number of updated asset objects reloaded before import = 0
Number of asset objects unloaded after import = 1
========================================================================
Received Import Request.
  Time since last request: 0.000025 seconds.
  path: Assets/FishNet/Demos/CustomSyncType/Component State Sync/ComponentSyncStateBehaviour.cs
  artifactKey: Guid(a7327b94eff9c7d4aa876aa54ca6b439) Importer(2089858483,0ecaa5967403d082aa24f35e1b516d23)
Start importing Assets/FishNet/Demos/CustomSyncType/Component State Sync/ComponentSyncStateBehaviour.cs using Guid(a7327b94eff9c7d4aa876aa54ca6b439) Importer(2089858483,0ecaa5967403d082aa24f35e1b516d23) [PhysX] Initialized MultithreadedTaskDispatcher with 8 workers.
 -> (artifact id: '7a8dc485902e9b5b0cf9a4f0eff17ebf') in 0.012711 seconds
Number of updated asset objects reloaded before import = 0
Number of asset objects unloaded after import = 1
========================================================================
Received Import Request.
  Time since last request: 0.000025 seconds.
  path: Assets/FishNet/Demos/HashGrid/Scenes/HashGrid_Demo.unity
  artifactKey: Guid(99947f0521cb96a4087d4496b8761a23) Importer(2089858483,0ecaa5967403d082aa24f35e1b516d23)
Start importing Assets/FishNet/Demos/HashGrid/Scenes/HashGrid_Demo.unity using Guid(99947f0521cb96a4087d4496b8761a23) Importer(2089858483,0ecaa5967403d082aa24f35e1b516d23) [PhysX] Initialized MultithreadedTaskDispatcher with 8 workers.
 -> (artifact id: '9aa04dfe50f213381b9c22f6f5f4d3ee') in 0.010336 seconds
Number of updated asset objects reloaded before import = 0
Number of asset objects unloaded after import = 1
========================================================================
Received Import Request.
  Time since last request: 0.000071 seconds.
  path: Assets/FishNet/CodeGenerating/cecil-0.11.4/Mono.Collections.Generic/Collection.cs
  artifactKey: Guid(d1f0d8a176addda42a579d710c12a7ec) Importer(2089858483,0ecaa5967403d082aa24f35e1b516d23)
Start importing Assets/FishNet/CodeGenerating/cecil-0.11.4/Mono.Collections.Generic/Collection.cs using Guid(d1f0d8a176addda42a579d710c12a7ec) Importer(2089858483,0ecaa5967403d082aa24f35e1b516d23) [PhysX] Initialized MultithreadedTaskDispatcher with 8 workers.
 -> (artifact id: '5eabc04dd7a6ea26436ada5f13281f33') in 0.013660 seconds
Number of updated asset objects reloaded before import = 0
Number of asset objects unloaded after import = 1
========================================================================
Received Import Request.
  Time since last request: 0.000026 seconds.
  path: Assets/FishNet/CodeGenerating/cecil-0.11.4/Mono.Cecil/TypeResolver.cs
  artifactKey: Guid(94140ae852ea8954489f238f1e59f865) Importer(2089858483,0ecaa5967403d082aa24f35e1b516d23)
Start importing Assets/FishNet/CodeGenerating/cecil-0.11.4/Mono.Cecil/TypeResolver.cs using Guid(94140ae852ea8954489f238f1e59f865) Importer(2089858483,0ecaa5967403d082aa24f35e1b516d23) [PhysX] Initialized MultithreadedTaskDispatcher with 8 workers.
 -> (artifact id: 'cf12e770fc576ba8024161d072aaf981') in 0.012875 seconds
Number of updated asset objects reloaded before import = 0
Number of asset objects unloaded after import = 1
========================================================================
Received Import Request.
  Time since last request: 0.000025 seconds.
  path: Assets/FishNet/Demos/HashGrid/Scripts/GridSpawner.cs
  artifactKey: Guid(5f70001444cb8ef49bef71f3b6e3a925) Importer(2089858483,0ecaa5967403d082aa24f35e1b516d23)
Start importing Assets/FishNet/Demos/HashGrid/Scripts/GridSpawner.cs using Guid(5f70001444cb8ef49bef71f3b6e3a925) Importer(2089858483,0ecaa5967403d082aa24f35e1b516d23) [PhysX] Initialized MultithreadedTaskDispatcher with 8 workers.
 -> (artifact id: '82a08666fe09be6ba7d294ba60185b2d') in 0.013044 seconds
Number of updated asset objects reloaded before import = 0
Number of asset objects unloaded after import = 1
========================================================================
Received Import Request.
  Time since last request: 0.000026 seconds.
  path: Assets/FishNet/Demos/Authenticator/Scripts/PasswordAuthenticator.cs
  artifactKey: Guid(226e4eaf2fa685f48bdc3dfaa87c1453) Importer(2089858483,0ecaa5967403d082aa24f35e1b516d23)
Start importing Assets/FishNet/Demos/Authenticator/Scripts/PasswordAuthenticator.cs using Guid(226e4eaf2fa685f48bdc3dfaa87c1453) Importer(2089858483,0ecaa5967403d082aa24f35e1b516d23) [PhysX] Initialized MultithreadedTaskDispatcher with 8 workers.
 -> (artifact id: 'dbce6eed2788e219b0ce9cc3e1089849') in 0.013537 seconds
Number of updated asset objects reloaded before import = 0
Number of asset objects unloaded after import = 1
========================================================================
Received Import Request.
  Time since last request: 0.000027 seconds.
  path: Assets/FishNet/CodeGenerating/cecil-0.11.4/Mono.Cecil.PE/BinaryStreamWriter.cs
  artifactKey: Guid(26d384e0dd0e44549a9faf09adbd0a41) Importer(2089858483,0ecaa5967403d082aa24f35e1b516d23)
Start importing Assets/FishNet/CodeGenerating/cecil-0.11.4/Mono.Cecil.PE/BinaryStreamWriter.cs using Guid(26d384e0dd0e44549a9faf09adbd0a41) Importer(2089858483,0ecaa5967403d082aa24f35e1b516d23) [PhysX] Initialized MultithreadedTaskDispatcher with 8 workers.
 -> (artifact id: '502bd064415796071d7e2053a9e53fb8') in 0.012222 seconds
Number of updated asset objects reloaded before import = 0
Number of asset objects unloaded after import = 1
========================================================================
Received Import Request.
  Time since last request: 0.000028 seconds.
  path: Assets/FishNet/Demos/HashGrid/Prefabs/HashGrid_Moving.prefab
  artifactKey: Guid(44611030e61220d42ab7c37ba3c0ea92) Importer(2089858483,0ecaa5967403d082aa24f35e1b516d23)
Start importing Assets/FishNet/Demos/HashGrid/Prefabs/HashGrid_Moving.prefab using Guid(44611030e61220d42ab7c37ba3c0ea92) Importer(2089858483,0ecaa5967403d082aa24f35e1b516d23) [PhysX] Initialized MultithreadedTaskDispatcher with 8 workers.
 -> (artifact id: 'df7328e85aca5faac473874ff694412c') in 0.058015 seconds
Number of updated asset objects reloaded before import = 0
Number of asset objects unloaded after import = 10
========================================================================
Received Import Request.
  Time since last request: 0.000026 seconds.
  path: Assets/FishNet/CodeGenerating/cecil-0.11.4/Mono.Cecil/TypeSpecification.cs
  artifactKey: Guid(4c1d979e44d835a4dbcdefa35a45a07a) Importer(2089858483,0ecaa5967403d082aa24f35e1b516d23)
Start importing Assets/FishNet/CodeGenerating/cecil-0.11.4/Mono.Cecil/TypeSpecification.cs using Guid(4c1d979e44d835a4dbcdefa35a45a07a) Importer(2089858483,0ecaa5967403d082aa24f35e1b516d23) [PhysX] Initialized MultithreadedTaskDispatcher with 8 workers.
 -> (artifact id: '154ca681025641e9758912c45dbd85d7') in 0.013828 seconds
Number of updated asset objects reloaded before import = 0
Number of asset objects unloaded after import = 1
========================================================================
Received Import Request.
  Time since last request: 0.000039 seconds.
  path: Assets/FishNet/Demos/Benchmarks/NetworkTransform/ReadMe.txt
  artifactKey: Guid(c373771d26a3af04a84bd1afd5aabfe8) Importer(2089858483,0ecaa5967403d082aa24f35e1b516d23)
Start importing Assets/FishNet/Demos/Benchmarks/NetworkTransform/ReadMe.txt using Guid(c373771d26a3af04a84bd1afd5aabfe8) Importer(2089858483,0ecaa5967403d082aa24f35e1b516d23) [PhysX] Initialized MultithreadedTaskDispatcher with 8 workers.
 -> (artifact id: 'c865c398823b3ea0776e185c5d4a7515') in 0.012269 seconds
Number of updated asset objects reloaded before import = 0
Number of asset objects unloaded after import = 1
========================================================================
Received Import Request.
  Time since last request: 0.000040 seconds.
  path: Assets/FishNet/CodeGenerating/cecil-0.11.4/Mono.Cecil.Cil/Document.cs
  artifactKey: Guid(86b3083301304a341b6059ea8c29be7a) Importer(2089858483,0ecaa5967403d082aa24f35e1b516d23)
Start importing Assets/FishNet/CodeGenerating/cecil-0.11.4/Mono.Cecil.Cil/Document.cs using Guid(86b3083301304a341b6059ea8c29be7a) Importer(2089858483,0ecaa5967403d082aa24f35e1b516d23) [PhysX] Initialized MultithreadedTaskDispatcher with 8 workers.
 -> (artifact id: '81acb4e2e98de54d2b958bb9d333dd96') in 0.012099 seconds
Number of updated asset objects reloaded before import = 0
Number of asset objects unloaded after import = 1
========================================================================
Received Import Request.
  Time since last request: 0.000029 seconds.
  path: Assets/FishNet/Demos/ColliderRollback/Textures/Crosshair.png
  artifactKey: Guid(dd2a76027478bf540b7194d78248edf8) Importer(2089858483,0ecaa5967403d082aa24f35e1b516d23)
Start importing Assets/FishNet/Demos/ColliderRollback/Textures/Crosshair.png using Guid(dd2a76027478bf540b7194d78248edf8) Importer(2089858483,0ecaa5967403d082aa24f35e1b516d23) [PhysX] Initialized MultithreadedTaskDispatcher with 8 workers.
 -> (artifact id: '69ff13ba70c81ebc7d9ed6df5d2579da') in 0.034163 seconds
Number of updated asset objects reloaded before import = 0
Number of asset objects unloaded after import = 3
========================================================================
Received Import Request.
  Time since last request: 0.000027 seconds.
  path: Assets/FishNet/CodeGenerating/cecil-0.11.4/Mono.Security.Cryptography/CryptoConvert.cs
  artifactKey: Guid(40b945bb6ba518c4b8ce54b5e54a06b5) Importer(2089858483,0ecaa5967403d082aa24f35e1b516d23)
Start importing Assets/FishNet/CodeGenerating/cecil-0.11.4/Mono.Security.Cryptography/CryptoConvert.cs using Guid(40b945bb6ba518c4b8ce54b5e54a06b5) Importer(2089858483,0ecaa5967403d082aa24f35e1b516d23) [PhysX] Initialized MultithreadedTaskDispatcher with 8 workers.
 -> (artifact id: 'bf42b14a3aa8ac41edbc7455178d8e95') in 0.014794 seconds
Number of updated asset objects reloaded before import = 0
Number of asset objects unloaded after import = 1
========================================================================
Received Import Request.
  Time since last request: 0.000027 seconds.
  path: Assets/FishNet/CodeGenerating/cecil-0.11.4/Mono.Cecil.Metadata/GuidHeap.cs
  artifactKey: Guid(4bb39ab6484eb114b91a85d4b53f0f28) Importer(2089858483,0ecaa5967403d082aa24f35e1b516d23)
Start importing Assets/FishNet/CodeGenerating/cecil-0.11.4/Mono.Cecil.Metadata/GuidHeap.cs using Guid(4bb39ab6484eb114b91a85d4b53f0f28) Importer(2089858483,0ecaa5967403d082aa24f35e1b516d23) [PhysX] Initialized MultithreadedTaskDispatcher with 8 workers.
 -> (artifact id: '366581162e630c33726b1f50b69ee4ec') in 0.012930 seconds
Number of updated asset objects reloaded before import = 0
Number of asset objects unloaded after import = 1
========================================================================
Received Import Request.
  Time since last request: 0.000027 seconds.
  path: Assets/FishNet/Demos/Authenticator/Scripts/HostAuthenticator.cs
  artifactKey: Guid(c7497d751bb68f444b4343e3edc28e39) Importer(2089858483,0ecaa5967403d082aa24f35e1b516d23)
Start importing Assets/FishNet/Demos/Authenticator/Scripts/HostAuthenticator.cs using Guid(c7497d751bb68f444b4343e3edc28e39) Importer(2089858483,0ecaa5967403d082aa24f35e1b516d23) [PhysX] Initialized MultithreadedTaskDispatcher with 8 workers.
 -> (artifact id: 'ac68910708017e25f33f4e5d416cad3c') in 0.013987 seconds
Number of updated asset objects reloaded before import = 0
Number of asset objects unloaded after import = 1
========================================================================
Received Import Request.
  Time since last request: 0.000027 seconds.
  path: Assets/FishNet/CodeGenerating/cecil-0.11.4/Mono.Cecil/TargetRuntime.cs
  artifactKey: Guid(64ac90055dca01347b6ed93dff5e4284) Importer(2089858483,0ecaa5967403d082aa24f35e1b516d23)
Start importing Assets/FishNet/CodeGenerating/cecil-0.11.4/Mono.Cecil/TargetRuntime.cs using Guid(64ac90055dca01347b6ed93dff5e4284) Importer(2089858483,0ecaa5967403d082aa24f35e1b516d23) [PhysX] Initialized MultithreadedTaskDispatcher with 8 workers.
 -> (artifact id: 'ad953f413d3532e74bef488fa18cefba') in 0.011670 seconds
Number of updated asset objects reloaded before import = 0
Number of asset objects unloaded after import = 1
========================================================================
Received Import Request.
  Time since last request: 0.000151 seconds.
  path: Assets/FishNet/CodeGenerating/cecil-0.11.4/Mono.Cecil/TypeDefinition.cs
  artifactKey: Guid(4616a4ea6dc219f419ae9ba98109f98c) Importer(2089858483,0ecaa5967403d082aa24f35e1b516d23)
Start importing Assets/FishNet/CodeGenerating/cecil-0.11.4/Mono.Cecil/TypeDefinition.cs using Guid(4616a4ea6dc219f419ae9ba98109f98c) Importer(2089858483,0ecaa5967403d082aa24f35e1b516d23) [PhysX] Initialized MultithreadedTaskDispatcher with 8 workers.
 -> (artifact id: '6ba918a1eddfa429c9e993b26965d023') in 0.013667 seconds
Number of updated asset objects reloaded before import = 0
Number of asset objects unloaded after import = 1
========================================================================
Received Import Request.
  Time since last request: 0.000025 seconds.
  path: Assets/FishNet/CodeGenerating/cecil-0.11.4/Mono.Cecil/PropertyReference.cs
  artifactKey: Guid(a30c5751a554ce649bf88a597e4075e9) Importer(2089858483,0ecaa5967403d082aa24f35e1b516d23)
Start importing Assets/FishNet/CodeGenerating/cecil-0.11.4/Mono.Cecil/PropertyReference.cs using Guid(a30c5751a554ce649bf88a597e4075e9) Importer(2089858483,0ecaa5967403d082aa24f35e1b516d23) [PhysX] Initialized MultithreadedTaskDispatcher with 8 workers.
 -> (artifact id: '70be498ad3cf9b5554e60518a078aa27') in 0.020225 seconds
Number of updated asset objects reloaded before import = 0
Number of asset objects unloaded after import = 1
========================================================================
Received Import Request.
  Time since last request: 0.000024 seconds.
  path: Assets/FishNet/Demos/ColliderRollback/Prefabs/Player.prefab
  artifactKey: Guid(8cf33e8e99a9b0c4c8f29ff725650de6) Importer(2089858483,0ecaa5967403d082aa24f35e1b516d23)
Start importing Assets/FishNet/Demos/ColliderRollback/Prefabs/Player.prefab using Guid(8cf33e8e99a9b0c4c8f29ff725650de6) Importer(2089858483,0ecaa5967403d082aa24f35e1b516d23) [PhysX] Initialized MultithreadedTaskDispatcher with 8 workers.
 -> (artifact id: '783a7555d7551a0ed8b59aff6b6146f6') in 0.030451 seconds
Number of updated asset objects reloaded before import = 0
Number of asset objects unloaded after import = 9
========================================================================
Received Import Request.
  Time since last request: 0.000027 seconds.
  path: Assets/FishNet/CodeGenerating/cecil-0.11.4/Mono.Cecil.Cil/ExceptionHandler.cs
  artifactKey: Guid(eb17bcae1a67ec344b65d6ed78ffb704) Importer(2089858483,0ecaa5967403d082aa24f35e1b516d23)
Start importing Assets/FishNet/CodeGenerating/cecil-0.11.4/Mono.Cecil.Cil/ExceptionHandler.cs using Guid(eb17bcae1a67ec344b65d6ed78ffb704) Importer(2089858483,0ecaa5967403d082aa24f35e1b516d23) [PhysX] Initialized MultithreadedTaskDispatcher with 8 workers.
 -> (artifact id: 'c97355b7b76f640f57493561855332f2') in 0.011628 seconds
Number of updated asset objects reloaded before import = 0
Number of asset objects unloaded after import = 1
========================================================================
Received Import Request.
  Time since last request: 0.000040 seconds.
  path: Assets/FishNet/CodeGenerating/cecil-0.11.4/Mono.Cecil.PE/Section.cs
  artifactKey: Guid(dc33915bdaaf42a428f8a4694e9611a8) Importer(2089858483,0ecaa5967403d082aa24f35e1b516d23)
Start importing Assets/FishNet/CodeGenerating/cecil-0.11.4/Mono.Cecil.PE/Section.cs using Guid(dc33915bdaaf42a428f8a4694e9611a8) Importer(2089858483,0ecaa5967403d082aa24f35e1b516d23) [PhysX] Initialized MultithreadedTaskDispatcher with 8 workers.
 -> (artifact id: 'e73c413b135df707aa9cccbfcbbeab51') in 0.013740 seconds
Number of updated asset objects reloaded before import = 0
Number of asset objects unloaded after import = 1
========================================================================
Received Import Request.
  Time since last request: 0.000033 seconds.
  path: Assets/FishNet/Runtime/Managing/Statistic/Types.cs
  artifactKey: Guid(359124f57d1c41a4090c0bdefac453a8) Importer(2089858483,0ecaa5967403d082aa24f35e1b516d23)
Start importing Assets/FishNet/Runtime/Managing/Statistic/Types.cs using Guid(359124f57d1c41a4090c0bdefac453a8) Importer(2089858483,0ecaa5967403d082aa24f35e1b516d23) [PhysX] Initialized MultithreadedTaskDispatcher with 8 workers.
 -> (artifact id: '92b66de6ccaa5342f8340a066d9d823a') in 0.011431 seconds
Number of updated asset objects reloaded before import = 0
Number of asset objects unloaded after import = 1
========================================================================
Received Import Request.
  Time since last request: 0.000036 seconds.
  path: Assets/FishNet/Runtime/Managing/Statistic/StatisticsManager.cs
  artifactKey: Guid(756c28cd3141c4140ae776188ee26729) Importer(2089858483,0ecaa5967403d082aa24f35e1b516d23)
Start importing Assets/FishNet/Runtime/Managing/Statistic/StatisticsManager.cs using Guid(756c28cd3141c4140ae776188ee26729) Importer(2089858483,0ecaa5967403d082aa24f35e1b516d23) [PhysX] Initialized MultithreadedTaskDispatcher with 8 workers.
 -> (artifact id: 'bf22bfbff7a647ff00a5258c19d8349d') in 0.013785 seconds
Number of updated asset objects reloaded before import = 0
Number of asset objects unloaded after import = 2
========================================================================
Received Import Request.
  Time since last request: 0.000026 seconds.
  path: Assets/FishNet/Runtime/Editor/NetworkProfiler/BidirectionNetworkTraffic.cs
  artifactKey: Guid(8e4a30af35ccc06478592b32c8f12540) Importer(2089858483,0ecaa5967403d082aa24f35e1b516d23)
Start importing Assets/FishNet/Runtime/Editor/NetworkProfiler/BidirectionNetworkTraffic.cs using Guid(8e4a30af35ccc06478592b32c8f12540) Importer(2089858483,0ecaa5967403d082aa24f35e1b516d23) [PhysX] Initialized MultithreadedTaskDispatcher with 8 workers.
 -> (artifact id: 'c28cc1c72a4199dea791fb1399aa7ff3') in 0.016259 seconds
Number of updated asset objects reloaded before import = 0
Number of asset objects unloaded after import = 1
========================================================================
Received Import Request.
  Time since last request: 0.000028 seconds.
  path: Assets/FishNet/Runtime/Editor/NewNetworkBehaviour/SettingsProvider.cs
  artifactKey: Guid(ec84d908960b66b448f94582e747689b) Importer(2089858483,0ecaa5967403d082aa24f35e1b516d23)
Start importing Assets/FishNet/Runtime/Editor/NewNetworkBehaviour/SettingsProvider.cs using Guid(ec84d908960b66b448f94582e747689b) Importer(2089858483,0ecaa5967403d082aa24f35e1b516d23) [PhysX] Initialized MultithreadedTaskDispatcher with 8 workers.
 -> (artifact id: '869902ee90720798d3e0255e23fe12aa') in 0.011206 seconds
Number of updated asset objects reloaded before import = 0
Number of asset objects unloaded after import = 1
========================================================================
Received Import Request.
  Time since last request: 0.000027 seconds.
  path: Assets/FishNet/Runtime/Managing/Server/ServerManager.QOL.cs
  artifactKey: Guid(f2a07d9984be21648bc714ea03bd0d70) Importer(2089858483,0ecaa5967403d082aa24f35e1b516d23)
Start importing Assets/FishNet/Runtime/Managing/Server/ServerManager.QOL.cs using Guid(f2a07d9984be21648bc714ea03bd0d70) Importer(2089858483,0ecaa5967403d082aa24f35e1b516d23) [PhysX] Initialized MultithreadedTaskDispatcher with 8 workers.
 -> (artifact id: 'd84af3968417e345e5215716798e6ccf') in 0.012811 seconds
Number of updated asset objects reloaded before import = 0
Number of asset objects unloaded after import = 1
========================================================================
Received Import Request.
  Time since last request: 0.000031 seconds.
  path: Assets/FishNet/Demos/SceneManager (Old Examples)/Scripts/SceneUnloaderExample.cs
  artifactKey: Guid(84ae572fef1171b41ab287d1c9b5da63) Importer(2089858483,0ecaa5967403d082aa24f35e1b516d23)
Start importing Assets/FishNet/Demos/SceneManager (Old Examples)/Scripts/SceneUnloaderExample.cs using Guid(84ae572fef1171b41ab287d1c9b5da63) Importer(2089858483,0ecaa5967403d082aa24f35e1b516d23) [PhysX] Initialized MultithreadedTaskDispatcher with 8 workers.
 -> (artifact id: '20cf91c68ec31765f2ad9adccbcc262b') in 0.014188 seconds
Number of updated asset objects reloaded before import = 0
Number of asset objects unloaded after import = 1
========================================================================
Received Import Request.
  Time since last request: 0.000027 seconds.
  path: Assets/FishNet/Runtime/Managing/Scened/UnloadedScene.cs
  artifactKey: Guid(a51fea764b1081c4ab6308101f160f10) Importer(2089858483,0ecaa5967403d082aa24f35e1b516d23)
Start importing Assets/FishNet/Runtime/Managing/Scened/UnloadedScene.cs using Guid(a51fea764b1081c4ab6308101f160f10) Importer(2089858483,0ecaa5967403d082aa24f35e1b516d23) [PhysX] Initialized MultithreadedTaskDispatcher with 8 workers.
 -> (artifact id: '8a869f789c8c04b5020226aa3cedaf45') in 0.012533 seconds
Number of updated asset objects reloaded before import = 0
Number of asset objects unloaded after import = 1
========================================================================
Received Import Request.
  Time since last request: 0.000034 seconds.
  path: Assets/FishNet/Demos/IntermediateLayer/Scenes/IntermediateLayer.unity
  artifactKey: Guid(fa009a2a1952c0647ae5cf75a5fd4c05) Importer(2089858483,0ecaa5967403d082aa24f35e1b516d23)
Start importing Assets/FishNet/Demos/IntermediateLayer/Scenes/IntermediateLayer.unity using Guid(fa009a2a1952c0647ae5cf75a5fd4c05) Importer(2089858483,0ecaa5967403d082aa24f35e1b516d23) [PhysX] Initialized MultithreadedTaskDispatcher with 8 workers.
 -> (artifact id: '0186cfd705633fdff96c6cd029cd0f29') in 0.010501 seconds
Number of updated asset objects reloaded before import = 0
Number of asset objects unloaded after import = 1
========================================================================
Received Import Request.
  Time since last request: 0.000025 seconds.
  path: Assets/FishNet/Runtime/Managing/Scened/DefaultSceneProcessor.cs
  artifactKey: Guid(0c6eacaa60569d947b383df03fff1ea3) Importer(2089858483,0ecaa5967403d082aa24f35e1b516d23)
Start importing Assets/FishNet/Runtime/Managing/Scened/DefaultSceneProcessor.cs using Guid(0c6eacaa60569d947b383df03fff1ea3) Importer(2089858483,0ecaa5967403d082aa24f35e1b516d23) [PhysX] Initialized MultithreadedTaskDispatcher with 8 workers.
 -> (artifact id: '372078bf7fec9d8852d9fd30771de79b') in 0.014300 seconds
Number of updated asset objects reloaded before import = 0
Number of asset objects unloaded after import = 1
========================================================================
Received Import Request.
  Time since last request: 0.000260 seconds.
  path: Assets/FishNet/Runtime/Editor/Configuring/ConfigurationEditor.cs
  artifactKey: Guid(8135b3a4c31cfb74896f1e9e77059c89) Importer(2089858483,0ecaa5967403d082aa24f35e1b516d23)
Start importing Assets/FishNet/Runtime/Editor/Configuring/ConfigurationEditor.cs using Guid(8135b3a4c31cfb74896f1e9e77059c89) Importer(2089858483,0ecaa5967403d082aa24f35e1b516d23) [PhysX] Initialized MultithreadedTaskDispatcher with 8 workers.
 -> (artifact id: '99e97307a0ae8e5c96782a2c8748963a') in 0.015824 seconds
Number of updated asset objects reloaded before import = 0
Number of asset objects unloaded after import = 1
========================================================================
Received Import Request.
  Time since last request: 0.000024 seconds.
  path: Assets/FishNet/Runtime/Managing/Client/ClientManager.Broadcast.cs
  artifactKey: Guid(97ef4be4cfcc6a54d80a65a5c8d325d7) Importer(2089858483,0ecaa5967403d082aa24f35e1b516d23)
Start importing Assets/FishNet/Runtime/Managing/Client/ClientManager.Broadcast.cs using Guid(97ef4be4cfcc6a54d80a65a5c8d325d7) Importer(2089858483,0ecaa5967403d082aa24f35e1b516d23) [PhysX] Initialized MultithreadedTaskDispatcher with 8 workers.
 -> (artifact id: '56b0e5f6792b691165de4355f88f0ae2') in 0.012633 seconds
Number of updated asset objects reloaded before import = 0
Number of asset objects unloaded after import = 1
========================================================================
Received Import Request.
  Time since last request: 0.000027 seconds.
  path: Assets/FishNet/Runtime/Editor/Configuring/FIshNetGettingStartedEditor.cs
  artifactKey: Guid(335aec9a9dce4944994cb57ac704ba5a) Importer(2089858483,0ecaa5967403d082aa24f35e1b516d23)
Start importing Assets/FishNet/Runtime/Editor/Configuring/FIshNetGettingStartedEditor.cs using Guid(335aec9a9dce4944994cb57ac704ba5a) Importer(2089858483,0ecaa5967403d082aa24f35e1b516d23) [PhysX] Initialized MultithreadedTaskDispatcher with 8 workers.
 -> (artifact id: '6b11658f1c9fa51d26c65935593d3a4d') in 0.013139 seconds
Number of updated asset objects reloaded before import = 0
Number of asset objects unloaded after import = 1
========================================================================
Received Import Request.
  Time since last request: 0.000029 seconds.
  path: Assets/FishNet/Runtime/Managing/Logging/LoggingConfiguration.cs
  artifactKey: Guid(438d7e99b7655114891d4fa6e9f68c7d) Importer(2089858483,0ecaa5967403d082aa24f35e1b516d23)
Start importing Assets/FishNet/Runtime/Managing/Logging/LoggingConfiguration.cs using Guid(438d7e99b7655114891d4fa6e9f68c7d) Importer(2089858483,0ecaa5967403d082aa24f35e1b516d23) [PhysX] Initialized MultithreadedTaskDispatcher with 8 workers.
 -> (artifact id: 'bc3d87b72c1b068f0e5db18fcc20f8d7') in 0.015057 seconds
Number of updated asset objects reloaded before import = 0
Number of asset objects unloaded after import = 1
========================================================================
Received Import Request.
  Time since last request: 0.000025 seconds.
  path: Assets/FishNet/Runtime/Managing/Editor/NetworkManagerEditor.cs
  artifactKey: Guid(4e8e16b3e97106a4980b954c56d7bbc5) Importer(2089858483,0ecaa5967403d082aa24f35e1b516d23)
Start importing Assets/FishNet/Runtime/Managing/Editor/NetworkManagerEditor.cs using Guid(4e8e16b3e97106a4980b954c56d7bbc5) Importer(2089858483,0ecaa5967403d082aa24f35e1b516d23) [PhysX] Initialized MultithreadedTaskDispatcher with 8 workers.
 -> (artifact id: '7a3169f40bf389178a3aa1c47d6d560b') in 0.012530 seconds
Number of updated asset objects reloaded before import = 0
Number of asset objects unloaded after import = 1
========================================================================
Received Import Request.
  Time since last request: 0.000031 seconds.
  path: Assets/FishNet/Runtime/Managing/Scened/SceneSpawner.cs
  artifactKey: Guid(405b031a6ef64b346ae8c5ccbf07d8e1) Importer(2089858483,0ecaa5967403d082aa24f35e1b516d23)
Start importing Assets/FishNet/Runtime/Managing/Scened/SceneSpawner.cs using Guid(405b031a6ef64b346ae8c5ccbf07d8e1) Importer(2089858483,0ecaa5967403d082aa24f35e1b516d23) [PhysX] Initialized MultithreadedTaskDispatcher with 8 workers.
 -> (artifact id: '51634477a1ab2629a70e8a9477f3b278') in 0.010664 seconds
Number of updated asset objects reloaded before import = 0
Number of asset objects unloaded after import = 1
========================================================================
Received Import Request.
  Time since last request: 0.000033 seconds.
  path: Assets/FishNet/Runtime/Editor/Configuring/BetaModeMenu.cs
  artifactKey: Guid(ecf03df72c983164586a22e695d17905) Importer(2089858483,0ecaa5967403d082aa24f35e1b516d23)
Start importing Assets/FishNet/Runtime/Editor/Configuring/BetaModeMenu.cs using Guid(ecf03df72c983164586a22e695d17905) Importer(2089858483,0ecaa5967403d082aa24f35e1b516d23) [PhysX] Initialized MultithreadedTaskDispatcher with 8 workers.
 -> (artifact id: '42ad1b02ddf341338b8572d1156cbeea') in 0.016325 seconds
Number of updated asset objects reloaded before import = 0
Number of asset objects unloaded after import = 1
========================================================================
Received Import Request.
  Time since last request: 0.000057 seconds.
  path: Assets/FishNet/Runtime/Editor/NetworkProfiler/PacketGroup.cs
  artifactKey: Guid(ef191f8bce876e345839e0989dcb86a4) Importer(2089858483,0ecaa5967403d082aa24f35e1b516d23)
Start importing Assets/FishNet/Runtime/Editor/NetworkProfiler/PacketGroup.cs using Guid(ef191f8bce876e345839e0989dcb86a4) Importer(2089858483,0ecaa5967403d082aa24f35e1b516d23) [PhysX] Initialized MultithreadedTaskDispatcher with 8 workers.
 -> (artifact id: '1c0d4225625130a651da9dddf9a7c854') in 0.014106 seconds
Number of updated asset objects reloaded before import = 0
Number of asset objects unloaded after import = 1
========================================================================
Received Import Request.
  Time since last request: 0.000035 seconds.
  path: Assets/FishNet/Demos/SceneManager (Old Examples)/Prefabs/Player.prefab
  artifactKey: Guid(bf5f023b4017a5e41a9815ec5745df3d) Importer(2089858483,0ecaa5967403d082aa24f35e1b516d23)
Start importing Assets/FishNet/Demos/SceneManager (Old Examples)/Prefabs/Player.prefab using Guid(bf5f023b4017a5e41a9815ec5745df3d) Importer(2089858483,0ecaa5967403d082aa24f35e1b516d23) [PhysX] Initialized MultithreadedTaskDispatcher with 8 workers.
 -> (artifact id: 'a22a62e03ddd2a0b516ba2eea5931c9c') in 0.043112 seconds
Number of updated asset objects reloaded before import = 0
Number of asset objects unloaded after import = 18
========================================================================
Received Import Request.
  Time since last request: 0.000022 seconds.
  path: Assets/FishNet/Runtime/Editor/PrefabCollectionGenerator/Generator.cs
  artifactKey: Guid(68e990388e202d54aa0fe9e7aa8cc716) Importer(2089858483,0ecaa5967403d082aa24f35e1b516d23)
Start importing Assets/FishNet/Runtime/Editor/PrefabCollectionGenerator/Generator.cs using Guid(68e990388e202d54aa0fe9e7aa8cc716) Importer(2089858483,0ecaa5967403d082aa24f35e1b516d23) [PhysX] Initialized MultithreadedTaskDispatcher with 8 workers.
 -> (artifact id: '32ff5cae545c57eef6a1c99045cebb7d') in 0.010566 seconds
Number of updated asset objects reloaded before import = 0
Number of asset objects unloaded after import = 1
========================================================================
Received Import Request.
  Time since last request: 0.000026 seconds.
  path: Assets/FishNet/Demos/Prediction/CharacterController/CharacterController Prediction Demo.unity
  artifactKey: Guid(941f6f8cbac7e9d418ffc6f22ee9359f) Importer(2089858483,0ecaa5967403d082aa24f35e1b516d23)
Start importing Assets/FishNet/Demos/Prediction/CharacterController/CharacterController Prediction Demo.unity using Guid(941f6f8cbac7e9d418ffc6f22ee9359f) Importer(2089858483,0ecaa5967403d082aa24f35e1b516d23) [PhysX] Initialized MultithreadedTaskDispatcher with 8 workers.
 -> (artifact id: '9c7804f47055a117f79602c71616121e') in 0.009146 seconds
Number of updated asset objects reloaded before import = 0
Number of asset objects unloaded after import = 1
========================================================================
Received Import Request.
  Time since last request: 0.000028 seconds.
  path: Assets/FishNet/Runtime/Managing/Statistic/NetworkTrafficStatistics.cs
  artifactKey: Guid(9cc04f6ae0339c94e9153396dce3f46e) Importer(2089858483,0ecaa5967403d082aa24f35e1b516d23)
Start importing Assets/FishNet/Runtime/Managing/Statistic/NetworkTrafficStatistics.cs using Guid(9cc04f6ae0339c94e9153396dce3f46e) Importer(2089858483,0ecaa5967403d082aa24f35e1b516d23) [PhysX] Initialized MultithreadedTaskDispatcher with 8 workers.
 -> (artifact id: '6255ee91e7d805a604c78a3ede9c7072') in 0.016268 seconds
Number of updated asset objects reloaded before import = 0
Number of asset objects unloaded after import = 1
========================================================================
Received Import Request.
  Time since last request: 0.000024 seconds.
  path: Assets/FishNet/Runtime/Managing/Prediction/PredictionManager.cs
  artifactKey: Guid(e08bb003fce297d4086cf8cba5aa459a) Importer(2089858483,0ecaa5967403d082aa24f35e1b516d23)
Start importing Assets/FishNet/Runtime/Managing/Prediction/PredictionManager.cs using Guid(e08bb003fce297d4086cf8cba5aa459a) Importer(2089858483,0ecaa5967403d082aa24f35e1b516d23) [PhysX] Initialized MultithreadedTaskDispatcher with 8 workers.
 -> (artifact id: '4598f6579c42a6801ddde071a3cb18d3') in 0.018718 seconds
Number of updated asset objects reloaded before import = 0
Number of asset objects unloaded after import = 2
========================================================================
Received Import Request.
  Time since last request: 0.000027 seconds.
  path: Assets/FishNet/Runtime/Managing/Observing/ObserverManager.cs
  artifactKey: Guid(7d331f979d46e8e4a9fc90070c596d44) Importer(2089858483,0ecaa5967403d082aa24f35e1b516d23)
Start importing Assets/FishNet/Runtime/Managing/Observing/ObserverManager.cs using Guid(7d331f979d46e8e4a9fc90070c596d44) Importer(2089858483,0ecaa5967403d082aa24f35e1b516d23) [PhysX] Initialized MultithreadedTaskDispatcher with 8 workers.
 -> (artifact id: '55de177f8e562bbc7ca255461ee58bed') in 0.014100 seconds
Number of updated asset objects reloaded before import = 0
Number of asset objects unloaded after import = 2
========================================================================
Received Import Request.
  Time since last request: 0.000028 seconds.
  path: Assets/FishNet/Runtime/Managing/Observing/ObserverManager.LevelOfDetail.cs
  artifactKey: Guid(72fa5d7278196bd4f82ad85cd7d20038) Importer(2089858483,0ecaa5967403d082aa24f35e1b516d23)
Start importing Assets/FishNet/Runtime/Managing/Observing/ObserverManager.LevelOfDetail.cs using Guid(72fa5d7278196bd4f82ad85cd7d20038) Importer(2089858483,0ecaa5967403d082aa24f35e1b516d23) [PhysX] Initialized MultithreadedTaskDispatcher with 8 workers.
 -> (artifact id: '526cb31d88da5fcbd60f3268987136f6') in 0.015902 seconds
Number of updated asset objects reloaded before import = 0
Number of asset objects unloaded after import = 2
========================================================================
Received Import Request.
  Time since last request: 0.000029 seconds.
  path: Assets/FishNet/Runtime/Managing/Debugging/DebugManager.cs
  artifactKey: Guid(6d0962ead4b02a34aae248fccce671ce) Importer(2089858483,0ecaa5967403d082aa24f35e1b516d23)
Start importing Assets/FishNet/Runtime/Managing/Debugging/DebugManager.cs using Guid(6d0962ead4b02a34aae248fccce671ce) Importer(2089858483,0ecaa5967403d082aa24f35e1b516d23) [PhysX] Initialized MultithreadedTaskDispatcher with 8 workers.
 -> (artifact id: 'a6b564c7451f9a9a7e517abc0742cf13') in 0.014656 seconds
Number of updated asset objects reloaded before import = 0
Number of asset objects unloaded after import = 2
========================================================================
Received Import Request.
  Time since last request: 0.000035 seconds.
  path: Assets/FishNet/Runtime/Editor/NetworkProfiler/NetworkProfilerWindow.cs
  artifactKey: Guid(9b35764a2e39a0844b01aa7e1b690c8d) Importer(2089858483,0ecaa5967403d082aa24f35e1b516d23)
Start importing Assets/FishNet/Runtime/Editor/NetworkProfiler/NetworkProfilerWindow.cs using Guid(9b35764a2e39a0844b01aa7e1b690c8d) Importer(2089858483,0ecaa5967403d082aa24f35e1b516d23) [PhysX] Initialized MultithreadedTaskDispatcher with 8 workers.
 -> (artifact id: '81e64a7a6c3c12570636b8476d16f33d') in 0.012047 seconds
Number of updated asset objects reloaded before import = 0
Number of asset objects unloaded after import = 1
========================================================================
Received Import Request.
  Time since last request: 0.000031 seconds.
  path: Assets/FishNet/Runtime/Managing/Observing/LevelOfDetail.cs
  artifactKey: Guid(573375ac2883b974c9201b040a432f76) Importer(2089858483,0ecaa5967403d082aa24f35e1b516d23)
Start importing Assets/FishNet/Runtime/Managing/Observing/LevelOfDetail.cs using Guid(573375ac2883b974c9201b040a432f76) Importer(2089858483,0ecaa5967403d082aa24f35e1b516d23) [PhysX] Initialized MultithreadedTaskDispatcher with 8 workers.
 -> (artifact id: 'f2c96c6bfa8327ccf6f104defefe7fd8') in 0.012572 seconds
Number of updated asset objects reloaded before import = 0
Number of asset objects unloaded after import = 1
========================================================================
Received Import Request.
  Time since last request: 0.000040 seconds.
  path: Assets/FishNet/Demos/SceneManager (Old Examples)/Scripts/PlayerController.cs
  artifactKey: Guid(26e4f626a9ca9704f9befe7673a8dd15) Importer(2089858483,0ecaa5967403d082aa24f35e1b516d23)
Start importing Assets/FishNet/Demos/SceneManager (Old Examples)/Scripts/PlayerController.cs using Guid(26e4f626a9ca9704f9befe7673a8dd15) Importer(2089858483,0ecaa5967403d082aa24f35e1b516d23) [PhysX] Initialized MultithreadedTaskDispatcher with 8 workers.
 -> (artifact id: '0db81cc79bfd40abb42b3e4b8f66365b') in 0.012439 seconds
Number of updated asset objects reloaded before import = 0
Number of asset objects unloaded after import = 1
========================================================================
Received Import Request.
  Time since last request: 0.000026 seconds.
  path: Assets/FishNet/Runtime/Managing/Object/ObjectSpawnType.cs
  artifactKey: Guid(ed15edf5a1a100d45b05f6adace574cd) Importer(2089858483,0ecaa5967403d082aa24f35e1b516d23)
Start importing Assets/FishNet/Runtime/Managing/Object/ObjectSpawnType.cs using Guid(ed15edf5a1a100d45b05f6adace574cd) Importer(2089858483,0ecaa5967403d082aa24f35e1b516d23) [PhysX] Initialized MultithreadedTaskDispatcher with 8 workers.
 -> (artifact id: '0bc88a52f0c84e60c36677eca15302aa') in 0.012384 seconds
Number of updated asset objects reloaded before import = 0
Number of asset objects unloaded after import = 1
========================================================================
Received Import Request.
  Time since last request: 0.000028 seconds.
  path: Assets/FishNet/Runtime/Managing/Object/DualPrefab.cs
  artifactKey: Guid(76840b2b810d8fc45aeccef03122763c) Importer(2089858483,0ecaa5967403d082aa24f35e1b516d23)
Start importing Assets/FishNet/Runtime/Managing/Object/DualPrefab.cs using Guid(76840b2b810d8fc45aeccef03122763c) Importer(2089858483,0ecaa5967403d082aa24f35e1b516d23) [PhysX] Initialized MultithreadedTaskDispatcher with 8 workers.
 -> (artifact id: '4003ece235458b2913b793d2f0a9f256') in 0.013361 seconds
Number of updated asset objects reloaded before import = 0
Number of asset objects unloaded after import = 1
========================================================================
Received Import Request.
  Time since last request: 0.000028 seconds.
  path: Assets/FishNet/Runtime/Managing/Scened/SceneLookupData.cs
  artifactKey: Guid(df1ac9b164e75da46bc52f4dd4fe30ba) Importer(2089858483,0ecaa5967403d082aa24f35e1b516d23)
Start importing Assets/FishNet/Runtime/Managing/Scened/SceneLookupData.cs using Guid(df1ac9b164e75da46bc52f4dd4fe30ba) Importer(2089858483,0ecaa5967403d082aa24f35e1b516d23) [PhysX] Initialized MultithreadedTaskDispatcher with 8 workers.
 -> (artifact id: '5f276d02d14202af770f51b9800e265a') in 0.013116 seconds
Number of updated asset objects reloaded before import = 0
Number of asset objects unloaded after import = 1
========================================================================
Received Import Request.
  Time since last request: 0.000026 seconds.
  path: Assets/FishNet/Runtime/Managing/Server/ServerManager.Broadcast.cs
  artifactKey: Guid(1cd9dcd58556e27449ce5cb0d70611cb) Importer(2089858483,0ecaa5967403d082aa24f35e1b516d23)
Start importing Assets/FishNet/Runtime/Managing/Server/ServerManager.Broadcast.cs using Guid(1cd9dcd58556e27449ce5cb0d70611cb) Importer(2089858483,0ecaa5967403d082aa24f35e1b516d23) [PhysX] Initialized MultithreadedTaskDispatcher with 8 workers.
 -> (artifact id: 'c1427c069a40f9ed3dd8b1f23b806b1c') in 0.011693 seconds
Number of updated asset objects reloaded before import = 0
Number of asset objects unloaded after import = 1
========================================================================
Received Import Request.
  Time since last request: 0.000026 seconds.
  path: Assets/FishNet/Runtime/Managing/Object/ManagedObjects.Spawning.cs
  artifactKey: Guid(1fcb759226359ad48926ff17cbf0ec6d) Importer(2089858483,0ecaa5967403d082aa24f35e1b516d23)
Start importing Assets/FishNet/Runtime/Managing/Object/ManagedObjects.Spawning.cs using Guid(1fcb759226359ad48926ff17cbf0ec6d) Importer(2089858483,0ecaa5967403d082aa24f35e1b516d23) [PhysX] Initialized MultithreadedTaskDispatcher with 8 workers.
 -> (artifact id: 'ac62d5bf26bb82fd829699bbbed870c2') in 0.013537 seconds
Number of updated asset objects reloaded before import = 0
Number of asset objects unloaded after import = 1
========================================================================
Received Import Request.
  Time since last request: 0.000026 seconds.
  path: Assets/FishNet/Runtime/Object/NetworkObject/NetworkObject.Observers.cs
  artifactKey: Guid(816dbea70a70ab949a44f485155f0087) Importer(2089858483,0ecaa5967403d082aa24f35e1b516d23)
Start importing Assets/FishNet/Runtime/Object/NetworkObject/NetworkObject.Observers.cs using Guid(816dbea70a70ab949a44f485155f0087) Importer(2089858483,0ecaa5967403d082aa24f35e1b516d23) [PhysX] Initialized MultithreadedTaskDispatcher with 8 workers.
 -> (artifact id: 'fac753f9ab689e2ec5e8565b4109368f') in 0.011255 seconds
Number of updated asset objects reloaded before import = 0
Number of asset objects unloaded after import = 1
========================================================================
Received Import Request.
  Time since last request: 0.000026 seconds.
  path: Assets/FishNet/Runtime/Object/Helping/StaticShortcuts.cs
  artifactKey: Guid(149cde0042627604d810c2c7fc0f9176) Importer(2089858483,0ecaa5967403d082aa24f35e1b516d23)
Start importing Assets/FishNet/Runtime/Object/Helping/StaticShortcuts.cs using Guid(149cde0042627604d810c2c7fc0f9176) Importer(2089858483,0ecaa5967403d082aa24f35e1b516d23) [PhysX] Initialized MultithreadedTaskDispatcher with 8 workers.
 -> (artifact id: '54b4f9cb99d15bde6cb883a8692a88e8') in 0.012977 seconds
Number of updated asset objects reloaded before import = 0
Number of asset objects unloaded after import = 1
========================================================================
Received Import Request.
  Time since last request: 0.000029 seconds.
  path: Assets/FishNet/Runtime/Object/Prediction/Attributes.cs
  artifactKey: Guid(b082d36535ce0404d8438bc1b0499e53) Importer(2089858483,0ecaa5967403d082aa24f35e1b516d23)
Start importing Assets/FishNet/Runtime/Object/Prediction/Attributes.cs using Guid(b082d36535ce0404d8438bc1b0499e53) Importer(2089858483,0ecaa5967403d082aa24f35e1b516d23) [PhysX] Initialized MultithreadedTaskDispatcher with 8 workers.
 -> (artifact id: '09dbc900f98b17c81c68a0d063940b64') in 0.013257 seconds
Number of updated asset objects reloaded before import = 0
Number of asset objects unloaded after import = 1
========================================================================
Received Import Request.
  Time since last request: 0.000042 seconds.
  path: Assets/FishNet/Runtime/Managing/Timing/TimeManager.cs
  artifactKey: Guid(3fdaae44044276a49a52229c1597e33b) Importer(2089858483,0ecaa5967403d082aa24f35e1b516d23)
Start importing Assets/FishNet/Runtime/Managing/Timing/TimeManager.cs using Guid(3fdaae44044276a49a52229c1597e33b) Importer(2089858483,0ecaa5967403d082aa24f35e1b516d23) [PhysX] Initialized MultithreadedTaskDispatcher with 8 workers.
 -> (artifact id: 'd86e70cf6bcb1449174574e43180de42') in 0.014904 seconds
Number of updated asset objects reloaded before import = 0
Number of asset objects unloaded after import = 2
========================================================================
Received Import Request.
  Time since last request: 0.000026 seconds.
  path: Assets/FishNet/Runtime/Object/Synchronizing/SyncBase.cs
  artifactKey: Guid(1a6f26e3f8016cc499b3fa99e7368fbc) Importer(2089858483,0ecaa5967403d082aa24f35e1b516d23)
Start importing Assets/FishNet/Runtime/Object/Synchronizing/SyncBase.cs using Guid(1a6f26e3f8016cc499b3fa99e7368fbc) Importer(2089858483,0ecaa5967403d082aa24f35e1b516d23) [PhysX] Initialized MultithreadedTaskDispatcher with 8 workers.
 -> (artifact id: 'ec05dc9dc118ac97b95e27ab900cf315') in 0.012198 seconds
Number of updated asset objects reloaded before import = 0
Number of asset objects unloaded after import = 1
========================================================================
Received Import Request.
  Time since last request: 0.000026 seconds.
  path: Assets/FishNet/Runtime/Managing/Transporting/LatencySimulator.cs
  artifactKey: Guid(82bfafe804acb534fbf04c88de6eeed1) Importer(2089858483,0ecaa5967403d082aa24f35e1b516d23)
Start importing Assets/FishNet/Runtime/Managing/Transporting/LatencySimulator.cs using Guid(82bfafe804acb534fbf04c88de6eeed1) Importer(2089858483,0ecaa5967403d082aa24f35e1b516d23) [PhysX] Initialized MultithreadedTaskDispatcher with 8 workers.
 -> (artifact id: 'dff873e583474a9226f33a8ba355847a') in 0.014691 seconds
Number of updated asset objects reloaded before import = 0
Number of asset objects unloaded after import = 1
========================================================================
Received Import Request.
  Time since last request: 0.000039 seconds.
  path: Assets/FishNet/Runtime/Object/Synchronizing/ICustomSync.cs
  artifactKey: Guid(2024b0be0cd1cc744a442f3e2e6ba483) Importer(2089858483,0ecaa5967403d082aa24f35e1b516d23)
Start importing Assets/FishNet/Runtime/Object/Synchronizing/ICustomSync.cs using Guid(2024b0be0cd1cc744a442f3e2e6ba483) Importer(2089858483,0ecaa5967403d082aa24f35e1b516d23) [PhysX] Initialized MultithreadedTaskDispatcher with 8 workers.
 -> (artifact id: '739d6177627cfee8c15d5a186708f6b6') in 0.013544 seconds
Number of updated asset objects reloaded before import = 0
Number of asset objects unloaded after import = 1
========================================================================
Received Import Request.
  Time since last request: 0.000026 seconds.
  path: Assets/FishNet/Runtime/Object/Synchronizing/SyncDictionaryOperation.cs
  artifactKey: Guid(d5d6ed9db47a8224fa9ed4d2ff54586f) Importer(2089858483,0ecaa5967403d082aa24f35e1b516d23)
Start importing Assets/FishNet/Runtime/Object/Synchronizing/SyncDictionaryOperation.cs using Guid(d5d6ed9db47a8224fa9ed4d2ff54586f) Importer(2089858483,0ecaa5967403d082aa24f35e1b516d23) [PhysX] Initialized MultithreadedTaskDispatcher with 8 workers.
 -> (artifact id: '2dc4855c0351c400966d6ba408bb54e8') in 0.011211 seconds
Number of updated asset objects reloaded before import = 0
Number of asset objects unloaded after import = 1
========================================================================
Received Import Request.
  Time since last request: 0.000030 seconds.
  path: Assets/FishNet/Runtime/Managing/Timing/PreciseTick.cs
  artifactKey: Guid(a96dd6b21066a424199583b80746464f) Importer(2089858483,0ecaa5967403d082aa24f35e1b516d23)
Start importing Assets/FishNet/Runtime/Managing/Timing/PreciseTick.cs using Guid(a96dd6b21066a424199583b80746464f) Importer(2089858483,0ecaa5967403d082aa24f35e1b516d23) [PhysX] Initialized MultithreadedTaskDispatcher with 8 workers.
 -> (artifact id: '3e2fd098f914fe37ef94d75458fa6d7f') in 0.013068 seconds
Number of updated asset objects reloaded before import = 0
Number of asset objects unloaded after import = 1
========================================================================
Received Import Request.
  Time since last request: 0.000039 seconds.
  path: Assets/FishNet/Runtime/Object/NetworkObject/NetworkObject.QOL.cs
  artifactKey: Guid(fd30b4b61d50d01499c94a63a6eeb863) Importer(2089858483,0ecaa5967403d082aa24f35e1b516d23)
Start importing Assets/FishNet/Runtime/Object/NetworkObject/NetworkObject.QOL.cs using Guid(fd30b4b61d50d01499c94a63a6eeb863) Importer(2089858483,0ecaa5967403d082aa24f35e1b516d23) [PhysX] Initialized MultithreadedTaskDispatcher with 8 workers.
 -> (artifact id: 'f4416b8ee194c10d5f79cda528b5a559') in 0.014211 seconds
Number of updated asset objects reloaded before import = 0
Number of asset objects unloaded after import = 1
========================================================================
Received Import Request.
  Time since last request: 0.000023 seconds.
  path: Assets/FishNet/Runtime/Managing/Transporting/TransportManager.QOL.cs
  artifactKey: Guid(aac8eab4e511d7e4dbc81eb74aea7f23) Importer(2089858483,0ecaa5967403d082aa24f35e1b516d23)
Start importing Assets/FishNet/Runtime/Managing/Transporting/TransportManager.QOL.cs using Guid(aac8eab4e511d7e4dbc81eb74aea7f23) Importer(2089858483,0ecaa5967403d082aa24f35e1b516d23) [PhysX] Initialized MultithreadedTaskDispatcher with 8 workers.
 -> (artifact id: '38046747f8e29cb6e5513e1054ecdbc9') in 0.012557 seconds
Number of updated asset objects reloaded before import = 0
Number of asset objects unloaded after import = 1
========================================================================
Received Import Request.
  Time since last request: 0.000026 seconds.
  path: Assets/FishNet/Runtime/Managing/Timing/TickType.cs
  artifactKey: Guid(489fba8b0da3c9b4b9ff4e7a46804473) Importer(2089858483,0ecaa5967403d082aa24f35e1b516d23)
Start importing Assets/FishNet/Runtime/Managing/Timing/TickType.cs using Guid(489fba8b0da3c9b4b9ff4e7a46804473) Importer(2089858483,0ecaa5967403d082aa24f35e1b516d23) [PhysX] Initialized MultithreadedTaskDispatcher with 8 workers.
 -> (artifact id: 'cb634fcfbeddc321ea8cc5ddeab4de48') in 0.011611 seconds
Number of updated asset objects reloaded before import = 0
Number of asset objects unloaded after import = 1
========================================================================
Received Import Request.
  Time since last request: 0.000026 seconds.
  path: Assets/FishNet/Runtime/Object/Prediction/PredictionRigidbody2D.cs
  artifactKey: Guid(1b6a1cc418198134180faa3438517b52) Importer(2089858483,0ecaa5967403d082aa24f35e1b516d23)
Start importing Assets/FishNet/Runtime/Object/Prediction/PredictionRigidbody2D.cs using Guid(1b6a1cc418198134180faa3438517b52) Importer(2089858483,0ecaa5967403d082aa24f35e1b516d23) [PhysX] Initialized MultithreadedTaskDispatcher with 8 workers.
 -> (artifact id: 'e819fdaa5ffd94fdc52c09a95dc3b409') in 0.012727 seconds
Number of updated asset objects reloaded before import = 0
Number of asset objects unloaded after import = 1
========================================================================
Received Import Request.
  Time since last request: 0.000026 seconds.
  path: Assets/FishNet/Runtime/Object/NetworkObject/NetworkObject.cs
  artifactKey: Guid(26b716c41e9b56b4baafaf13a523ba2e) Importer(2089858483,0ecaa5967403d082aa24f35e1b516d23)
Start importing Assets/FishNet/Runtime/Object/NetworkObject/NetworkObject.cs using Guid(26b716c41e9b56b4baafaf13a523ba2e) Importer(2089858483,0ecaa5967403d082aa24f35e1b516d23) [PhysX] Initialized MultithreadedTaskDispatcher with 8 workers.
 -> (artifact id: 'a36773a20cdad6e47aed243dd9918861') in 0.015893 seconds
Number of updated asset objects reloaded before import = 0
Number of asset objects unloaded after import = 2
========================================================================
Received Import Request.
  Time since last request: 0.000028 seconds.
  path: Assets/FishNet/Runtime/Object/NetworkObject/NetworkObjectData.cs
  artifactKey: Guid(536f137f11dc6654eab9fbe94ca14cd8) Importer(2089858483,0ecaa5967403d082aa24f35e1b516d23)
Start importing Assets/FishNet/Runtime/Object/NetworkObject/NetworkObjectData.cs using Guid(536f137f11dc6654eab9fbe94ca14cd8) Importer(2089858483,0ecaa5967403d082aa24f35e1b516d23) [PhysX] Initialized MultithreadedTaskDispatcher with 8 workers.
 -> (artifact id: 'ebf2ab2d60c89d5a444a99c116cf01c1') in 0.012153 seconds
Number of updated asset objects reloaded before import = 0
Number of asset objects unloaded after import = 1
========================================================================
Received Import Request.
  Time since last request: 0.000025 seconds.
  path: Assets/FishNet/Runtime/Object/NetworkObject/NetworkObject.RpcLinks.cs
  artifactKey: Guid(8b2f6927cf3ef254d91b89e5f99a92b9) Importer(2089858483,0ecaa5967403d082aa24f35e1b516d23)
Start importing Assets/FishNet/Runtime/Object/NetworkObject/NetworkObject.RpcLinks.cs using Guid(8b2f6927cf3ef254d91b89e5f99a92b9) Importer(2089858483,0ecaa5967403d082aa24f35e1b516d23) [PhysX] Initialized MultithreadedTaskDispatcher with 8 workers.
 -> (artifact id: '3bad5c311ad134470cde80af53d41b36') in 0.012271 seconds
Number of updated asset objects reloaded before import = 0
Number of asset objects unloaded after import = 1
========================================================================
Received Import Request.
  Time since last request: 0.000026 seconds.
  path: Assets/FishNet/Runtime/Managing/Timing/TickRounding.cs
  artifactKey: Guid(d12f8894fc7343b4bbe332464dc4bce5) Importer(2089858483,0ecaa5967403d082aa24f35e1b516d23)
Start importing Assets/FishNet/Runtime/Managing/Timing/TickRounding.cs using Guid(d12f8894fc7343b4bbe332464dc4bce5) Importer(2089858483,0ecaa5967403d082aa24f35e1b516d23) [PhysX] Initialized MultithreadedTaskDispatcher with 8 workers.
 -> (artifact id: '63f9a7f65637936ac420f51c2691cbb4') in 0.011661 seconds
Number of updated asset objects reloaded before import = 0
Number of asset objects unloaded after import = 1
========================================================================
Received Import Request.
  Time since last request: 0.000028 seconds.
  path: Assets/FishNet/Runtime/Object/Prediction/LocalReconcile.cs
  artifactKey: Guid(eb90cfdc07524be40a9d4d11ae7c35e6) Importer(2089858483,0ecaa5967403d082aa24f35e1b516d23)
Start importing Assets/FishNet/Runtime/Object/Prediction/LocalReconcile.cs using Guid(eb90cfdc07524be40a9d4d11ae7c35e6) Importer(2089858483,0ecaa5967403d082aa24f35e1b516d23) [PhysX] Initialized MultithreadedTaskDispatcher with 8 workers.
 -> (artifact id: 'fa985015206dc63cbd57ca0149f2af3b') in 0.013889 seconds
Number of updated asset objects reloaded before import = 0
Number of asset objects unloaded after import = 1
========================================================================
Received Import Request.
  Time since last request: 0.000025 seconds.
  path: Assets/FishNet/Runtime/Object/NetworkObject/NetworkObject.Broadcast.cs
  artifactKey: Guid(55d793117b52da549affcc9ec30b05c0) Importer(2089858483,0ecaa5967403d082aa24f35e1b516d23)
Start importing Assets/FishNet/Runtime/Object/NetworkObject/NetworkObject.Broadcast.cs using Guid(55d793117b52da549affcc9ec30b05c0) Importer(2089858483,0ecaa5967403d082aa24f35e1b516d23) [PhysX] Initialized MultithreadedTaskDispatcher with 8 workers.
 -> (artifact id: 'bf4d223968efed8d470277ba095b796c') in 0.011283 seconds
Number of updated asset objects reloaded before import = 0
Number of asset objects unloaded after import = 1
========================================================================
Received Import Request.
  Time since last request: 0.000152 seconds.
  path: Assets/FishNet/Runtime/Object/Synchronizing/SyncHashSetOperation.cs
  artifactKey: Guid(914089f5707003340a68fd6cd718e4c4) Importer(2089858483,0ecaa5967403d082aa24f35e1b516d23)
Start importing Assets/FishNet/Runtime/Object/Synchronizing/SyncHashSetOperation.cs using Guid(914089f5707003340a68fd6cd718e4c4) Importer(2089858483,0ecaa5967403d082aa24f35e1b516d23) [PhysX] Initialized MultithreadedTaskDispatcher with 8 workers.
 -> (artifact id: '15d0cde902727c938f0debc189dc4428') in 0.012390 seconds
Number of updated asset objects reloaded before import = 0
Number of asset objects unloaded after import = 1
========================================================================
Received Import Request.
  Time since last request: 0.000130 seconds.
  path: Assets/FishNet/Runtime/Object/Synchronizing/InterpolatedSyncVars.cs
  artifactKey: Guid(727355d27ffb19747a43beb6299f7b98) Importer(2089858483,0ecaa5967403d082aa24f35e1b516d23)
Start importing Assets/FishNet/Runtime/Object/Synchronizing/InterpolatedSyncVars.cs using Guid(727355d27ffb19747a43beb6299f7b98) Importer(2089858483,0ecaa5967403d082aa24f35e1b516d23) [PhysX] Initialized MultithreadedTaskDispatcher with 8 workers.
 -> (artifact id: 'ce7efc4ddae7281cd85732cad387c567') in 0.013966 seconds
Number of updated asset objects reloaded before import = 0
Number of asset objects unloaded after import = 1
========================================================================
Received Import Request.
  Time since last request: 0.000026 seconds.
  path: Assets/FishNet/Runtime/Object/Synchronizing/ReadPermissions.cs
  artifactKey: Guid(8050ef114e01f74409d8e29b821b6fc0) Importer(2089858483,0ecaa5967403d082aa24f35e1b516d23)
Start importing Assets/FishNet/Runtime/Object/Synchronizing/ReadPermissions.cs using Guid(8050ef114e01f74409d8e29b821b6fc0) Importer(2089858483,0ecaa5967403d082aa24f35e1b516d23) [PhysX] Initialized MultithreadedTaskDispatcher with 8 workers.
 -> (artifact id: 'ce700f77a6edf941c540f111bb1828f2') in 0.011972 seconds
Number of updated asset objects reloaded before import = 0
Number of asset objects unloaded after import = 1
========================================================================
Received Import Request.
  Time since last request: 0.000027 seconds.
  path: Assets/FishNet/Runtime/Object/NetworkObject/NetworkObject.Serialized.cs
  artifactKey: Guid(2d0b7f2fb91aa9243819ba0c5f783dd5) Importer(2089858483,0ecaa5967403d082aa24f35e1b516d23)
Start importing Assets/FishNet/Runtime/Object/NetworkObject/NetworkObject.Serialized.cs using Guid(2d0b7f2fb91aa9243819ba0c5f783dd5) Importer(2089858483,0ecaa5967403d082aa24f35e1b516d23) [PhysX] Initialized MultithreadedTaskDispatcher with 8 workers.
 -> (artifact id: '9df88636ee39f6be21979b0926b02e72') in 0.011788 seconds
Number of updated asset objects reloaded before import = 0
Number of asset objects unloaded after import = 1
========================================================================
Received Import Request.
  Time since last request: 0.000029 seconds.
  path: Assets/FishNet/Runtime/Managing/Utility/Utility.cs
  artifactKey: Guid(facab6859c82ccd49b2d1c6b80404726) Importer(2089858483,0ecaa5967403d082aa24f35e1b516d23)
Start importing Assets/FishNet/Runtime/Managing/Utility/Utility.cs using Guid(facab6859c82ccd49b2d1c6b80404726) Importer(2089858483,0ecaa5967403d082aa24f35e1b516d23) [PhysX] Initialized MultithreadedTaskDispatcher with 8 workers.
 -> (artifact id: '41c649f767f53078d41abc25ea81c0f0') in 0.012910 seconds
Number of updated asset objects reloaded before import = 0
Number of asset objects unloaded after import = 1
========================================================================
Received Import Request.
  Time since last request: 0.000039 seconds.
  path: Assets/FishNet/Runtime/Object/Prediction/PredictionRigidbody.cs
  artifactKey: Guid(7c964c0b90f389c4899a8120cc19d8b0) Importer(2089858483,0ecaa5967403d082aa24f35e1b516d23)
Start importing Assets/FishNet/Runtime/Object/Prediction/PredictionRigidbody.cs using Guid(7c964c0b90f389c4899a8120cc19d8b0) Importer(2089858483,0ecaa5967403d082aa24f35e1b516d23) [PhysX] Initialized MultithreadedTaskDispatcher with 8 workers.
 -> (artifact id: '17d76123de008a4518e121e93081acd4') in 0.013722 seconds
Number of updated asset objects reloaded before import = 0
Number of asset objects unloaded after import = 1
========================================================================
Received Import Request.
  Time since last request: 0.000028 seconds.
  path: Assets/FishNet/Runtime/Object/Prediction/ReplicateDataContainer.cs
  artifactKey: Guid(2e45211dba582c146993b54bf316d8fc) Importer(2089858483,0ecaa5967403d082aa24f35e1b516d23)
Start importing Assets/FishNet/Runtime/Object/Prediction/ReplicateDataContainer.cs using Guid(2e45211dba582c146993b54bf316d8fc) Importer(2089858483,0ecaa5967403d082aa24f35e1b516d23) [PhysX] Initialized MultithreadedTaskDispatcher with 8 workers.
 -> (artifact id: '69f15f79185d44aaab400a6cec326674') in 0.012639 seconds
Number of updated asset objects reloaded before import = 0
Number of asset objects unloaded after import = 1
========================================================================
Received Import Request.
  Time since last request: 0.000024 seconds.
  path: Assets/FishNet/Runtime/Object/Helping/RpcType.cs
  artifactKey: Guid(09f9e7236f988c64fad54645f4cc7f8b) Importer(2089858483,0ecaa5967403d082aa24f35e1b516d23)
Start importing Assets/FishNet/Runtime/Object/Helping/RpcType.cs using Guid(09f9e7236f988c64fad54645f4cc7f8b) Importer(2089858483,0ecaa5967403d082aa24f35e1b516d23) [PhysX] Initialized MultithreadedTaskDispatcher with 8 workers.
 -> (artifact id: 'b92e7e2ad348a79fd48f82827f49e7fd') in 0.013500 seconds
Number of updated asset objects reloaded before import = 0
Number of asset objects unloaded after import = 1
========================================================================
Received Import Request.
  Time since last request: 0.000150 seconds.
  path: Assets/FishNet/Runtime/Object/NetworkObject/NetworkObject.Callbacks.cs
  artifactKey: Guid(8e9fbf0d6eb10e94d892dd4e817030bc) Importer(2089858483,0ecaa5967403d082aa24f35e1b516d23)
Start importing Assets/FishNet/Runtime/Object/NetworkObject/NetworkObject.Callbacks.cs using Guid(8e9fbf0d6eb10e94d892dd4e817030bc) Importer(2089858483,0ecaa5967403d082aa24f35e1b516d23) [PhysX] Initialized MultithreadedTaskDispatcher with 8 workers.
 -> (artifact id: 'b3b7588f525ff6398345dd232548dcc1') in 0.012325 seconds
Number of updated asset objects reloaded before import = 0
Number of asset objects unloaded after import = 1
========================================================================
Received Import Request.
  Time since last request: 0.000028 seconds.
  path: Assets/FishNet/CodeGenerating/cecil-0.11.4/Mono.Cecil/WindowsRuntimeProjections.cs
  artifactKey: Guid(4816f370ee0b9f64ca793643ba5481ae) Importer(2089858483,0ecaa5967403d082aa24f35e1b516d23)
Start importing Assets/FishNet/CodeGenerating/cecil-0.11.4/Mono.Cecil/WindowsRuntimeProjections.cs using Guid(4816f370ee0b9f64ca793643ba5481ae) Importer(2089858483,0ecaa5967403d082aa24f35e1b516d23) [PhysX] Initialized MultithreadedTaskDispatcher with 8 workers.
 -> (artifact id: '93954c90efecee0460e33db7c84cab69') in 0.013373 seconds
Number of updated asset objects reloaded before import = 0
Number of asset objects unloaded after import = 1
========================================================================
Received Import Request.
  Time since last request: 0.000027 seconds.
  path: Assets/FishNet/CodeGenerating/cecil-0.11.4/Mono.Cecil.Cil/VariableDefinition.cs
  artifactKey: Guid(1346fa5ba8ac9e8418cc20d2d7d0ad21) Importer(2089858483,0ecaa5967403d082aa24f35e1b516d23)
Start importing Assets/FishNet/CodeGenerating/cecil-0.11.4/Mono.Cecil.Cil/VariableDefinition.cs using Guid(1346fa5ba8ac9e8418cc20d2d7d0ad21) Importer(2089858483,0ecaa5967403d082aa24f35e1b516d23) [PhysX] Initialized MultithreadedTaskDispatcher with 8 workers.
 -> (artifact id: 'b0b11a57afc858c6c6706059ac1e4eff') in 0.015144 seconds
Number of updated asset objects reloaded before import = 0
Number of asset objects unloaded after import = 1
========================================================================
Received Import Request.
  Time since last request: 0.000022 seconds.
  path: Assets/FishNet/CodeGenerating/cecil-0.11.4/Mono.Cecil.PE/ImageWriter.cs
  artifactKey: Guid(88ebae078ed1c8346be0a945ce3b03b0) Importer(2089858483,0ecaa5967403d082aa24f35e1b516d23)
Start importing Assets/FishNet/CodeGenerating/cecil-0.11.4/Mono.Cecil.PE/ImageWriter.cs using Guid(88ebae078ed1c8346be0a945ce3b03b0) Importer(2089858483,0ecaa5967403d082aa24f35e1b516d23) [PhysX] Initialized MultithreadedTaskDispatcher with 8 workers.
 -> (artifact id: '07449f11d67ee0a6e9a37906397a4c50') in 0.013584 seconds
Number of updated asset objects reloaded before import = 0
Number of asset objects unloaded after import = 1
========================================================================
Received Import Request.
  Time since last request: 0.000032 seconds.
  path: Assets/FishNet/Runtime/Managing/Transporting/SplitReader.cs
  artifactKey: Guid(a1c06be1540b77842be35823aa54b19b) Importer(2089858483,0ecaa5967403d082aa24f35e1b516d23)
Start importing Assets/FishNet/Runtime/Managing/Transporting/SplitReader.cs using Guid(a1c06be1540b77842be35823aa54b19b) Importer(2089858483,0ecaa5967403d082aa24f35e1b516d23) [PhysX] Initialized MultithreadedTaskDispatcher with 8 workers.
 -> (artifact id: '43769de5d4b6cfe16166afdf7ca08e28') in 0.014039 seconds
Number of updated asset objects reloaded before import = 0
Number of asset objects unloaded after import = 1
========================================================================
Received Import Request.
  Time since last request: 0.000022 seconds.
  path: Assets/FishNet/CodeGenerating/cecil-0.11.4/Mono.Cecil/Treatments.cs
  artifactKey: Guid(d2bba6ea16ba63147b7bff91a65ad5fa) Importer(2089858483,0ecaa5967403d082aa24f35e1b516d23)
Start importing Assets/FishNet/CodeGenerating/cecil-0.11.4/Mono.Cecil/Treatments.cs using Guid(d2bba6ea16ba63147b7bff91a65ad5fa) Importer(2089858483,0ecaa5967403d082aa24f35e1b516d23) [PhysX] Initialized MultithreadedTaskDispatcher with 8 workers.
 -> (artifact id: '93ef03a5b45b068dbe1560e550970663') in 0.010928 seconds
Number of updated asset objects reloaded before import = 0
Number of asset objects unloaded after import = 1
========================================================================
Received Import Request.
  Time since last request: 0.000027 seconds.
  path: Assets/FishNet/Runtime/Editor/Configuring/ConfigurationData.cs
  artifactKey: Guid(4be37e1b0afd29944ad4fa0b92ed8c7e) Importer(2089858483,0ecaa5967403d082aa24f35e1b516d23)
Start importing Assets/FishNet/Runtime/Editor/Configuring/ConfigurationData.cs using Guid(4be37e1b0afd29944ad4fa0b92ed8c7e) Importer(2089858483,0ecaa5967403d082aa24f35e1b516d23) [PhysX] Initialized MultithreadedTaskDispatcher with 8 workers.
 -> (artifact id: 'c99f399c2f6d357745ad5a0f0701fc48') in 0.011108 seconds
Number of updated asset objects reloaded before import = 0
Number of asset objects unloaded after import = 1
========================================================================
Received Import Request.
  Time since last request: 0.000026 seconds.
  path: Assets/FishNet/Runtime/Editor/PrefabCollectionGenerator/SettingsProvider.cs
  artifactKey: Guid(7451fcc5eeb5b89468ab2ce22f678b26) Importer(2089858483,0ecaa5967403d082aa24f35e1b516d23)
Start importing Assets/FishNet/Runtime/Editor/PrefabCollectionGenerator/SettingsProvider.cs using Guid(7451fcc5eeb5b89468ab2ce22f678b26) Importer(2089858483,0ecaa5967403d082aa24f35e1b516d23) [PhysX] Initialized MultithreadedTaskDispatcher with 8 workers.
 -> (artifact id: 'd4df5a59248f0985a6d746fec965ba72') in 0.012365 seconds
Number of updated asset objects reloaded before import = 0
Number of asset objects unloaded after import = 1
========================================================================
Received Import Request.
  Time since last request: 0.000106 seconds.
  path: Assets/FishNet/CodeGenerating/cecil-0.11.4/Mono.Cecil.Metadata/TokenType.cs
  artifactKey: Guid(dba0af6138c6a084b8787e88b20b142a) Importer(2089858483,0ecaa5967403d082aa24f35e1b516d23)
Start importing Assets/FishNet/CodeGenerating/cecil-0.11.4/Mono.Cecil.Metadata/TokenType.cs using Guid(dba0af6138c6a084b8787e88b20b142a) Importer(2089858483,0ecaa5967403d082aa24f35e1b516d23) [PhysX] Initialized MultithreadedTaskDispatcher with 8 workers.
 -> (artifact id: 'd427a3881a4c99ba3a3ef43a57debab1') in 0.012577 seconds
Number of updated asset objects reloaded before import = 0
Number of asset objects unloaded after import = 1
========================================================================
Received Import Request.
  Time since last request: 0.000031 seconds.
  path: Assets/Spaceflight Controls/Meshes/Temp/Materials/cube2_sep7_defaultMat.mat
  artifactKey: Guid(30fc07a9610ee094f96f8d1dfa2b8cf6) Importer(2089858483,0ecaa5967403d082aa24f35e1b516d23)
Start importing Assets/Spaceflight Controls/Meshes/Temp/Materials/cube2_sep7_defaultMat.mat using Guid(30fc07a9610ee094f96f8d1dfa2b8cf6) Importer(2089858483,0ecaa5967403d082aa24f35e1b516d23) [PhysX] Initialized MultithreadedTaskDispatcher with 8 workers.
 -> (artifact id: 'fa0f002b7f8dcc217be116076cfdc6bc') in 0.059702 seconds
Number of updated asset objects reloaded before import = 0
Number of asset objects unloaded after import = 1
========================================================================
Received Import Request.
  Time since last request: 0.000031 seconds.
  path: Assets/FishNet/CodeGenerating/cecil-0.11.4/rocks/Mono.Cecil.Rocks/MethodBodyRocks.cs
  artifactKey: Guid(0c47d4756ed8120429bad0887cff0366) Importer(2089858483,0ecaa5967403d082aa24f35e1b516d23)
Start importing Assets/FishNet/CodeGenerating/cecil-0.11.4/rocks/Mono.Cecil.Rocks/MethodBodyRocks.cs using Guid(0c47d4756ed8120429bad0887cff0366) Importer(2089858483,0ecaa5967403d082aa24f35e1b516d23) [PhysX] Initialized MultithreadedTaskDispatcher with 8 workers.
 -> (artifact id: 'df864c2e8e512b56019b87b85c2b5499') in 0.012633 seconds
Number of updated asset objects reloaded before import = 0
Number of asset objects unloaded after import = 1
========================================================================
Received Import Request.
  Time since last request: 0.000089 seconds.
  path: Assets/FishNet/Runtime/Object/Synchronizing/WritePermissions.cs
  artifactKey: Guid(2696d0da2ff02e8499a8351a3021008f) Importer(2089858483,0ecaa5967403d082aa24f35e1b516d23)
Start importing Assets/FishNet/Runtime/Object/Synchronizing/WritePermissions.cs using Guid(2696d0da2ff02e8499a8351a3021008f) Importer(2089858483,0ecaa5967403d082aa24f35e1b516d23) [PhysX] Initialized MultithreadedTaskDispatcher with 8 workers.
 -> (artifact id: '1e4f64c3afd5a7b01716abfc6f4b063a') in 0.013705 seconds
Number of updated asset objects reloaded before import = 0
Number of asset objects unloaded after import = 1
========================================================================
Received Import Request.
  Time since last request: 0.000026 seconds.
  path: Assets/FishNet/Runtime/Serializing/UnityMathmatics/Serializers.UnityMathmaticsBoolean.cs
  artifactKey: Guid(254b9133ed0260b4685ea1d28bd15df1) Importer(2089858483,0ecaa5967403d082aa24f35e1b516d23)
Start importing Assets/FishNet/Runtime/Serializing/UnityMathmatics/Serializers.UnityMathmaticsBoolean.cs using Guid(254b9133ed0260b4685ea1d28bd15df1) Importer(2089858483,0ecaa5967403d082aa24f35e1b516d23) [PhysX] Initialized MultithreadedTaskDispatcher with 8 workers.
 -> (artifact id: '99e7134094e671a9656d12c2093fdd35') in 0.013666 seconds
Number of updated asset objects reloaded before import = 0
Number of asset objects unloaded after import = 1
========================================================================
Received Import Request.
  Time since last request: 0.000109 seconds.
  path: Assets/FishNet/Demos/Benchmarks/NetworkTransform/Prefabs/NetworkTransform Benchmark 3D Rigidbodies.prefab
  artifactKey: Guid(dafef736ca1ae384e9a19eb672843563) Importer(2089858483,0ecaa5967403d082aa24f35e1b516d23)
Start importing Assets/FishNet/Demos/Benchmarks/NetworkTransform/Prefabs/NetworkTransform Benchmark 3D Rigidbodies.prefab using Guid(dafef736ca1ae384e9a19eb672843563) Importer(2089858483,0ecaa5967403d082aa24f35e1b516d23) [PhysX] Initialized MultithreadedTaskDispatcher with 8 workers.
 -> (artifact id: 'cca07865e15443bb0a091ca06c7bfe47') in 0.037984 seconds
Number of updated asset objects reloaded before import = 0
Number of asset objects unloaded after import = 25
========================================================================
Received Import Request.
  Time since last request: 0.000026 seconds.
  path: Assets/FishNet/Demos/Benchmarks/NetworkTransform/Prefabs/NetworkTransform Benchmark Cubes.prefab
  artifactKey: Guid(f32d4c19de900e64cb73cedcb8ba6f70) Importer(2089858483,0ecaa5967403d082aa24f35e1b516d23)
Start importing Assets/FishNet/Demos/Benchmarks/NetworkTransform/Prefabs/NetworkTransform Benchmark Cubes.prefab using Guid(f32d4c19de900e64cb73cedcb8ba6f70) Importer(2089858483,0ecaa5967403d082aa24f35e1b516d23) [PhysX] Initialized MultithreadedTaskDispatcher with 8 workers.
 -> (artifact id: '5e8ed480bf7edf43cdd4da4c453ce5d3') in 0.040183 seconds
Number of updated asset objects reloaded before import = 0
Number of asset objects unloaded after import = 11
========================================================================
Received Import Request.
  Time since last request: 0.000027 seconds.
  path: Assets/FishNet/Runtime/Utility/Extension/Networks.cs
  artifactKey: Guid(cbd3adaae5d34a14ab9cf68726b3bd3e) Importer(2089858483,0ecaa5967403d082aa24f35e1b516d23)
Start importing Assets/FishNet/Runtime/Utility/Extension/Networks.cs using Guid(cbd3adaae5d34a14ab9cf68726b3bd3e) Importer(2089858483,0ecaa5967403d082aa24f35e1b516d23) [PhysX] Initialized MultithreadedTaskDispatcher with 8 workers.
 -> (artifact id: '7a747dd98bef2381187f22ca95a7eeb0') in 0.013265 seconds
Number of updated asset objects reloaded before import = 0
Number of asset objects unloaded after import = 1
========================================================================
Received Import Request.
  Time since last request: 0.000025 seconds.
  path: Assets/Spaceflight Controls/Meshes/Temp/Materials/cube1_sep5_cube1_auvMat.mat
  artifactKey: Guid(96d657a32d439534285e83aee24d8b2e) Importer(2089858483,0ecaa5967403d082aa24f35e1b516d23)
Start importing Assets/Spaceflight Controls/Meshes/Temp/Materials/cube1_sep5_cube1_auvMat.mat using Guid(96d657a32d439534285e83aee24d8b2e) Importer(2089858483,0ecaa5967403d082aa24f35e1b516d23) [PhysX] Initialized MultithreadedTaskDispatcher with 8 workers.
 -> (artifact id: 'b39472257098823fadd8240694cc9556') in 0.018001 seconds
Number of updated asset objects reloaded before import = 0
Number of asset objects unloaded after import = 1
========================================================================
Received Import Request.
  Time since last request: 0.000029 seconds.
  path: Assets/FishNet/CodeGenerating/cecil-0.11.4/rocks/Mono.Cecil.Rocks/DocCommentId.cs
  artifactKey: Guid(370e40931a1b9cf478e08e66fd2a9eac) Importer(2089858483,0ecaa5967403d082aa24f35e1b516d23)
Start importing Assets/FishNet/CodeGenerating/cecil-0.11.4/rocks/Mono.Cecil.Rocks/DocCommentId.cs using Guid(370e40931a1b9cf478e08e66fd2a9eac) Importer(2089858483,0ecaa5967403d082aa24f35e1b516d23) [PhysX] Initialized MultithreadedTaskDispatcher with 8 workers.
 -> (artifact id: 'a8988aa660a7ef70b4edd9612eb0b4e5') in 0.014630 seconds
Number of updated asset objects reloaded before import = 0
Number of asset objects unloaded after import = 1
========================================================================
Received Import Request.
  Time since last request: 0.000028 seconds.
  path: Assets/FishNet/Demos/Benchmarks/NetworkTransform/Prefabs/NetworkTransform Benchmark 2D.prefab
  artifactKey: Guid(35639798ad77fc145871588b25d66259) Importer(2089858483,0ecaa5967403d082aa24f35e1b516d23)
Start importing Assets/FishNet/Demos/Benchmarks/NetworkTransform/Prefabs/NetworkTransform Benchmark 2D.prefab using Guid(35639798ad77fc145871588b25d66259) Importer(2089858483,0ecaa5967403d082aa24f35e1b516d23) [PhysX] Initialized MultithreadedTaskDispatcher with 8 workers.
 -> (artifact id: '60f3bd3b67364d06a6f95060d99b4273') in 0.032980 seconds
Number of updated asset objects reloaded before import = 0
Number of asset objects unloaded after import = 13
========================================================================
Received Import Request.
  Time since last request: 0.000032 seconds.
  path: Assets/FishNet/Runtime/Observing/Conditions/DistanceCondition.cs
  artifactKey: Guid(7c3e28fa2e37d1d41b4f63c8a0cc2553) Importer(2089858483,0ecaa5967403d082aa24f35e1b516d23)
Start importing Assets/FishNet/Runtime/Observing/Conditions/DistanceCondition.cs using Guid(7c3e28fa2e37d1d41b4f63c8a0cc2553) Importer(2089858483,0ecaa5967403d082aa24f35e1b516d23) [PhysX] Initialized MultithreadedTaskDispatcher with 8 workers.
 -> (artifact id: '126a8054f1ece7fae2e85557336097c5') in 0.015039 seconds
Number of updated asset objects reloaded before import = 0
Number of asset objects unloaded after import = 1
========================================================================
Received Import Request.
  Time since last request: 0.000037 seconds.
  path: Assets/FishNet/Runtime/Observing/Conditions/MatchCondition.cs
  artifactKey: Guid(5afdd6c2de1c76f4faa6840cc29fda8a) Importer(2089858483,0ecaa5967403d082aa24f35e1b516d23)
Start importing Assets/FishNet/Runtime/Observing/Conditions/MatchCondition.cs using Guid(5afdd6c2de1c76f4faa6840cc29fda8a) Importer(2089858483,0ecaa5967403d082aa24f35e1b516d23) [PhysX] Initialized MultithreadedTaskDispatcher with 8 workers.
 -> (artifact id: '136321e6921d054ad74d76c763ffc4ca') in 0.012513 seconds
Number of updated asset objects reloaded before import = 0
Number of asset objects unloaded after import = 1
========================================================================
Received Import Request.
  Time since last request: 0.000040 seconds.
  path: Assets/FishNet/Runtime/Serializing/UnityMathmatics/Serializers.UnityMathmaticsMisc.cs
  artifactKey: Guid(34d28436e6d87044fa5dcd3b0b7fd097) Importer(2089858483,0ecaa5967403d082aa24f35e1b516d23)
Start importing Assets/FishNet/Runtime/Serializing/UnityMathmatics/Serializers.UnityMathmaticsMisc.cs using Guid(34d28436e6d87044fa5dcd3b0b7fd097) Importer(2089858483,0ecaa5967403d082aa24f35e1b516d23) [PhysX] Initialized MultithreadedTaskDispatcher with 8 workers.
 -> (artifact id: '47d8e2d66ba01803104e09b640c74e8d') in 0.012696 seconds
Number of updated asset objects reloaded before import = 0
Number of asset objects unloaded after import = 1
========================================================================
Received Import Request.
  Time since last request: 0.000025 seconds.
  path: Assets/FishNet/Runtime/Serializing/Helping/Quaternion64Compression.cs
  artifactKey: Guid(7afd33d2ca5433f4f831dfaf0169423c) Importer(2089858483,0ecaa5967403d082aa24f35e1b516d23)
Start importing Assets/FishNet/Runtime/Serializing/Helping/Quaternion64Compression.cs using Guid(7afd33d2ca5433f4f831dfaf0169423c) Importer(2089858483,0ecaa5967403d082aa24f35e1b516d23) [PhysX] Initialized MultithreadedTaskDispatcher with 8 workers.
 -> (artifact id: 'f91e53b0f4afd19fe1b3481439db06b6') in 0.014068 seconds
Number of updated asset objects reloaded before import = 0
Number of asset objects unloaded after import = 1
========================================================================
Received Import Request.
  Time since last request: 0.000028 seconds.
  path: Assets/FishNet/Runtime/Serializing/Helping/QuaternionDeltaPrecisionCompression.cs
  artifactKey: Guid(37e43ec9c17f2dc43ac255695bd1a71f) Importer(2089858483,0ecaa5967403d082aa24f35e1b516d23)
Start importing Assets/FishNet/Runtime/Serializing/Helping/QuaternionDeltaPrecisionCompression.cs using Guid(37e43ec9c17f2dc43ac255695bd1a71f) Importer(2089858483,0ecaa5967403d082aa24f35e1b516d23) [PhysX] Initialized MultithreadedTaskDispatcher with 8 workers.
 -> (artifact id: '3b90cbdf1e92757c644c73ce1a3a1e2f') in 0.011979 seconds
Number of updated asset objects reloaded before import = 0
Number of asset objects unloaded after import = 1
========================================================================
Received Import Request.
  Time since last request: 0.000025 seconds.
  path: Assets/FishNet/Runtime/Object/Prediction/MoveRates.cs
  artifactKey: Guid(1bddf57861232884ca21f7e97a6d662d) Importer(2089858483,0ecaa5967403d082aa24f35e1b516d23)
Start importing Assets/FishNet/Runtime/Object/Prediction/MoveRates.cs using Guid(1bddf57861232884ca21f7e97a6d662d) Importer(2089858483,0ecaa5967403d082aa24f35e1b516d23) [PhysX] Initialized MultithreadedTaskDispatcher with 8 workers.
 -> (artifact id: '03341c7a051e067121e117d7e30083ca') in 0.013039 seconds
Number of updated asset objects reloaded before import = 0
Number of asset objects unloaded after import = 1
========================================================================
Received Import Request.
  Time since last request: 0.000027 seconds.
  path: Assets/FishNet/Demos/HashGrid/Textures/1x1 Pixel.png
  artifactKey: Guid(89cc97401eb588a408315f5fa0148929) Importer(2089858483,0ecaa5967403d082aa24f35e1b516d23)
Start importing Assets/FishNet/Demos/HashGrid/Textures/1x1 Pixel.png using Guid(89cc97401eb588a408315f5fa0148929) Importer(2089858483,0ecaa5967403d082aa24f35e1b516d23) [PhysX] Initialized MultithreadedTaskDispatcher with 8 workers.
 -> (artifact id: 'e3102bb567fa90e3f6eb1dd1aca9c803') in 0.025568 seconds
Number of updated asset objects reloaded before import = 0
Number of asset objects unloaded after import = 3
========================================================================
Received Import Request.
  Time since last request: 0.000021 seconds.
  path: Assets/FishNet/Runtime/Managing/Scened/SceneManager.cs
  artifactKey: Guid(15895a51081447d46bda466e7e830c08) Importer(2089858483,0ecaa5967403d082aa24f35e1b516d23)
Start importing Assets/FishNet/Runtime/Managing/Scened/SceneManager.cs using Guid(15895a51081447d46bda466e7e830c08) Importer(2089858483,0ecaa5967403d082aa24f35e1b516d23) [PhysX] Initialized MultithreadedTaskDispatcher with 8 workers.
 -> (artifact id: '97971a350a1836316ed319d53ef06b4e') in 0.014080 seconds
Number of updated asset objects reloaded before import = 0
Number of asset objects unloaded after import = 2
========================================================================
Received Import Request.
  Time since last request: 0.000027 seconds.
  path: Assets/FishNet/Runtime/Editor/Constants.cs
  artifactKey: Guid(1d2683b3becd2c5488c1f338972d49e0) Importer(2089858483,0ecaa5967403d082aa24f35e1b516d23)
Start importing Assets/FishNet/Runtime/Editor/Constants.cs using Guid(1d2683b3becd2c5488c1f338972d49e0) Importer(2089858483,0ecaa5967403d082aa24f35e1b516d23) [PhysX] Initialized MultithreadedTaskDispatcher with 8 workers.
 -> (artifact id: '7ff4fa6fae4d96ec663242a7098a27fb') in 0.011964 seconds
Number of updated asset objects reloaded before import = 0
Number of asset objects unloaded after import = 1
========================================================================
Received Import Request.
  Time since last request: 0.000028 seconds.
  path: Assets/FishNet/Runtime/Utility/Performance/Transforms.cs
  artifactKey: Guid(7d0740f919077254c8ffb131b9587407) Importer(2089858483,0ecaa5967403d082aa24f35e1b516d23)
Start importing Assets/FishNet/Runtime/Utility/Performance/Transforms.cs using Guid(7d0740f919077254c8ffb131b9587407) Importer(2089858483,0ecaa5967403d082aa24f35e1b516d23) [PhysX] Initialized MultithreadedTaskDispatcher with 8 workers.
 -> (artifact id: '0ed32f33b902611fb66085520d11fc43') in 0.013900 seconds
Number of updated asset objects reloaded before import = 0
Number of asset objects unloaded after import = 1
========================================================================
Received Import Request.
  Time since last request: 0.000024 seconds.
  path: Assets/FishNet/CodeGenerating/cecil-0.11.4/rocks/Mono.Cecil.Rocks/AssemblyInfo.cs
  artifactKey: Guid(f9ceb0221cb78b247b676d0ea5d57fc8) Importer(2089858483,0ecaa5967403d082aa24f35e1b516d23)
Start importing Assets/FishNet/CodeGenerating/cecil-0.11.4/rocks/Mono.Cecil.Rocks/AssemblyInfo.cs using Guid(f9ceb0221cb78b247b676d0ea5d57fc8) Importer(2089858483,0ecaa5967403d082aa24f35e1b516d23) [PhysX] Initialized MultithreadedTaskDispatcher with 8 workers.
 -> (artifact id: '288b935585cec460ad3e57bb4b25b34d') in 0.011870 seconds
Number of updated asset objects reloaded before import = 0
Number of asset objects unloaded after import = 1
========================================================================
Received Import Request.
  Time since last request: 0.000023 seconds.
  path: Assets/FishNet/Runtime/Serializing/SubStream/Writer.SubStream.cs
  artifactKey: Guid(f86fddaee91a2f246b421c95475e700f) Importer(2089858483,0ecaa5967403d082aa24f35e1b516d23)
Start importing Assets/FishNet/Runtime/Serializing/SubStream/Writer.SubStream.cs using Guid(f86fddaee91a2f246b421c95475e700f) Importer(2089858483,0ecaa5967403d082aa24f35e1b516d23) [PhysX] Initialized MultithreadedTaskDispatcher with 8 workers.
 -> (artifact id: '560cb0e8b8027b0f4ff2fee433352791') in 0.012148 seconds
Number of updated asset objects reloaded before import = 0
Number of asset objects unloaded after import = 1
========================================================================
Received Import Request.
  Time since last request: 0.000027 seconds.
  path: Assets/FishNet/Runtime/Serializing/Helping/QuaternionConverter.cs
  artifactKey: Guid(b7ac59ce12259104fa28fc837fb17ccf) Importer(2089858483,0ecaa5967403d082aa24f35e1b516d23)
Start importing Assets/FishNet/Runtime/Serializing/Helping/QuaternionConverter.cs using Guid(b7ac59ce12259104fa28fc837fb17ccf) Importer(2089858483,0ecaa5967403d082aa24f35e1b516d23) [PhysX] Initialized MultithreadedTaskDispatcher with 8 workers.
 -> (artifact id: '5e131f139dfcde04fee7421b29461ebb') in 0.012891 seconds
Number of updated asset objects reloaded before import = 0
Number of asset objects unloaded after import = 1
========================================================================
Received Import Request.
  Time since last request: 0.000027 seconds.
  path: Assets/FishNet/Runtime/Object/Synchronizing/SyncTimerOperation.cs
  artifactKey: Guid(c7732c822303d3c4387a4af44467e791) Importer(2089858483,0ecaa5967403d082aa24f35e1b516d23)
Start importing Assets/FishNet/Runtime/Object/Synchronizing/SyncTimerOperation.cs using Guid(c7732c822303d3c4387a4af44467e791) Importer(2089858483,0ecaa5967403d082aa24f35e1b516d23) [PhysX] Initialized MultithreadedTaskDispatcher with 8 workers.
 -> (artifact id: '9156973b210476cfb5aa7138329c9a6e') in 0.012446 seconds
Number of updated asset objects reloaded before import = 0
Number of asset objects unloaded after import = 1
========================================================================
Received Import Request.
  Time since last request: 0.000027 seconds.
  path: Assets/FishNet/Runtime/Observing/Conditions/OwnerOnlyCondition.cs
  artifactKey: Guid(1ca3d8a36a10fd344806a2df999f3eda) Importer(2089858483,0ecaa5967403d082aa24f35e1b516d23)
Start importing Assets/FishNet/Runtime/Observing/Conditions/OwnerOnlyCondition.cs using Guid(1ca3d8a36a10fd344806a2df999f3eda) Importer(2089858483,0ecaa5967403d082aa24f35e1b516d23) [PhysX] Initialized MultithreadedTaskDispatcher with 8 workers.
 -> (artifact id: '3f1043858c58a7f171b579953d410eb4') in 0.012583 seconds
Number of updated asset objects reloaded before import = 0
Number of asset objects unloaded after import = 1
========================================================================
Received Import Request.
  Time since last request: 0.000029 seconds.
  path: Assets/FishNet/Runtime/Plugins/ColliderRollback/LICENSE.txt
  artifactKey: Guid(ff1ecc2a24fd9684a862c4b99cfc2fcd) Importer(2089858483,0ecaa5967403d082aa24f35e1b516d23)
Start importing Assets/FishNet/Runtime/Plugins/ColliderRollback/LICENSE.txt using Guid(ff1ecc2a24fd9684a862c4b99cfc2fcd) Importer(2089858483,0ecaa5967403d082aa24f35e1b516d23) [PhysX] Initialized MultithreadedTaskDispatcher with 8 workers.
 -> (artifact id: '12fc20e17019286ea6c4994315fdb778') in 0.010746 seconds
Number of updated asset objects reloaded before import = 0
Number of asset objects unloaded after import = 1
========================================================================
Received Import Request.
  Time since last request: 0.000043 seconds.
  path: Assets/FishNet/Demos/ColliderRollback/Scripts/Player/Aim.cs
  artifactKey: Guid(e6d656f377f37164d8d7431aa4e43cdb) Importer(2089858483,0ecaa5967403d082aa24f35e1b516d23)
Start importing Assets/FishNet/Demos/ColliderRollback/Scripts/Player/Aim.cs using Guid(e6d656f377f37164d8d7431aa4e43cdb) Importer(2089858483,0ecaa5967403d082aa24f35e1b516d23) [PhysX] Initialized MultithreadedTaskDispatcher with 8 workers.
 -> (artifact id: '843ed1364d2d048d0d627790f5261bcb') in 0.013432 seconds
Number of updated asset objects reloaded before import = 0
Number of asset objects unloaded after import = 1
========================================================================
Received Import Request.
  Time since last request: 0.000025 seconds.
  path: Assets/FishNet/Demos/ColliderRollback/Scripts/Player/PlayerCamera.cs
  artifactKey: Guid(fe0209d73083bf744ba4925f8cad7144) Importer(2089858483,0ecaa5967403d082aa24f35e1b516d23)
Start importing Assets/FishNet/Demos/ColliderRollback/Scripts/Player/PlayerCamera.cs using Guid(fe0209d73083bf744ba4925f8cad7144) Importer(2089858483,0ecaa5967403d082aa24f35e1b516d23) [PhysX] Initialized MultithreadedTaskDispatcher with 8 workers.
 -> (artifact id: '665838f3f41c7d252b3eb3d3b8227dd8') in 0.011377 seconds
Number of updated asset objects reloaded before import = 0
Number of asset objects unloaded after import = 1
========================================================================
Received Import Request.
  Time since last request: 0.000027 seconds.
  path: Assets/FishNet/Demos/SceneManager (Old Examples)/Scenes/Additive/AdditiveGlobal.unity
  artifactKey: Guid(c43835f124dc68747a2091c4b8c42f80) Importer(2089858483,0ecaa5967403d082aa24f35e1b516d23)
Start importing Assets/FishNet/Demos/SceneManager (Old Examples)/Scenes/Additive/AdditiveGlobal.unity using Guid(c43835f124dc68747a2091c4b8c42f80) Importer(2089858483,0ecaa5967403d082aa24f35e1b516d23) [PhysX] Initialized MultithreadedTaskDispatcher with 8 workers.
 -> (artifact id: 'a2a2d0f79d5cd02c6e40abd5931a6504') in 0.010252 seconds
Number of updated asset objects reloaded before import = 0
Number of asset objects unloaded after import = 1
========================================================================
Received Import Request.
  Time since last request: 0.000037 seconds.
  path: Assets/FishNet/Demos/Benchmarks/NetworkTransform/Scripts/MoveRandomlyNonPhysics.cs
  artifactKey: Guid(9880e85651efd71469092ce519317f7b) Importer(2089858483,0ecaa5967403d082aa24f35e1b516d23)
Start importing Assets/FishNet/Demos/Benchmarks/NetworkTransform/Scripts/MoveRandomlyNonPhysics.cs using Guid(9880e85651efd71469092ce519317f7b) Importer(2089858483,0ecaa5967403d082aa24f35e1b516d23) [PhysX] Initialized MultithreadedTaskDispatcher with 8 workers.
 -> (artifact id: '9c80c357c9f13022acdcfb0f52b8ea68') in 0.012910 seconds
Number of updated asset objects reloaded before import = 0
Number of asset objects unloaded after import = 1
========================================================================
Received Import Request.
  Time since last request: 0.000027 seconds.
  path: Assets/FishNet/Demos/ColliderRollback/Materials/Particles/Circle Additive.mat
  artifactKey: Guid(4bf10d94145fd6c4187c18de0af92e43) Importer(2089858483,0ecaa5967403d082aa24f35e1b516d23)
Start importing Assets/FishNet/Demos/ColliderRollback/Materials/Particles/Circle Additive.mat using Guid(4bf10d94145fd6c4187c18de0af92e43) Importer(2089858483,0ecaa5967403d082aa24f35e1b516d23) [PhysX] Initialized MultithreadedTaskDispatcher with 8 workers.
 -> (artifact id: '5aa51d8c7163cda94b929df0b85cea93') in 0.017168 seconds
Number of updated asset objects reloaded before import = 0
Number of asset objects unloaded after import = 2
========================================================================
Received Import Request.
  Time since last request: 0.000026 seconds.
  path: Assets/FishNet/Demos/Prediction/Rigidbody/Scripts/Spring.cs
  artifactKey: Guid(444bda66ca6dd6e44b13d36a2cab9c4b) Importer(2089858483,0ecaa5967403d082aa24f35e1b516d23)
Start importing Assets/FishNet/Demos/Prediction/Rigidbody/Scripts/Spring.cs using Guid(444bda66ca6dd6e44b13d36a2cab9c4b) Importer(2089858483,0ecaa5967403d082aa24f35e1b516d23) [PhysX] Initialized MultithreadedTaskDispatcher with 8 workers.
 -> (artifact id: '99964d4e509131939bc92849b261522b') in 0.012612 seconds
Number of updated asset objects reloaded before import = 0
Number of asset objects unloaded after import = 1
========================================================================
Received Import Request.
  Time since last request: 0.000043 seconds.
  path: Assets/FishNet/Demos/ColliderRollback/Textures/Particles/circle.png
  artifactKey: Guid(155f67fd8750f8e4e83c8efb1731f3a0) Importer(2089858483,0ecaa5967403d082aa24f35e1b516d23)
Start importing Assets/FishNet/Demos/ColliderRollback/Textures/Particles/circle.png using Guid(155f67fd8750f8e4e83c8efb1731f3a0) Importer(2089858483,0ecaa5967403d082aa24f35e1b516d23) [PhysX] Initialized MultithreadedTaskDispatcher with 8 workers.
 -> (artifact id: 'd8261d3be8278dcc66fdda5c08d34a1f') in 0.023711 seconds
Number of updated asset objects reloaded before import = 0
Number of asset objects unloaded after import = 1
========================================================================
Received Import Request.
  Time since last request: 0.000023 seconds.
  path: Assets/FishNet/Demos/SceneManager/Additive Scenes/Scripts/Player.cs
  artifactKey: Guid(c8541d1cca4da7043b84a0d563939dea) Importer(2089858483,0ecaa5967403d082aa24f35e1b516d23)
Start importing Assets/FishNet/Demos/SceneManager/Additive Scenes/Scripts/Player.cs using Guid(c8541d1cca4da7043b84a0d563939dea) Importer(2089858483,0ecaa5967403d082aa24f35e1b516d23) [PhysX] Initialized MultithreadedTaskDispatcher with 8 workers.
 -> (artifact id: '5fc39fa23c158597c70b78eb923678dc') in 0.012037 seconds
Number of updated asset objects reloaded before import = 0
Number of asset objects unloaded after import = 1
========================================================================
Received Import Request.
  Time since last request: 0.000038 seconds.
  path: Assets/FishNet/Demos/Prediction/Rigidbody/Materials/PinkMat.mat
  artifactKey: Guid(32fce2e1a2cbf23439c57e7b6b853934) Importer(2089858483,0ecaa5967403d082aa24f35e1b516d23)
Start importing Assets/FishNet/Demos/Prediction/Rigidbody/Materials/PinkMat.mat using Guid(32fce2e1a2cbf23439c57e7b6b853934) Importer(2089858483,0ecaa5967403d082aa24f35e1b516d23) [PhysX] Initialized MultithreadedTaskDispatcher with 8 workers.
 -> (artifact id: '3443576ed848165e4ff8b218b74a0f3e') in 0.077013 seconds
Number of updated asset objects reloaded before import = 0
Number of asset objects unloaded after import = 1
========================================================================
Received Import Request.
  Time since last request: 0.000031 seconds.
  path: Assets/FishNet/Demos/SceneManager/Additive Scenes/Models/Tree.fbx
  artifactKey: Guid(d912959aabd6a3e439552066ae82eb71) Importer(2089858483,0ecaa5967403d082aa24f35e1b516d23)
Start importing Assets/FishNet/Demos/SceneManager/Additive Scenes/Models/Tree.fbx using Guid(d912959aabd6a3e439552066ae82eb71) Importer(2089858483,0ecaa5967403d082aa24f35e1b516d23) [PhysX] Initialized MultithreadedTaskDispatcher with 8 workers.
 -> (artifact id: '4c53fe29d72605a7aa931d95de345bb9') in 0.029813 seconds
Number of updated asset objects reloaded before import = 0
Number of asset objects unloaded after import = 16
========================================================================
Received Import Request.
  Time since last request: 0.000042 seconds.
  path: Assets/FishNet/Demos/SceneManager/Additive Scenes/Scripts/LevelLoader.cs
  artifactKey: Guid(02e5160f1a9b4d047a6cbdb3f094a86d) Importer(2089858483,0ecaa5967403d082aa24f35e1b516d23)
Start importing Assets/FishNet/Demos/SceneManager/Additive Scenes/Scripts/LevelLoader.cs using Guid(02e5160f1a9b4d047a6cbdb3f094a86d) Importer(2089858483,0ecaa5967403d082aa24f35e1b516d23) [PhysX] Initialized MultithreadedTaskDispatcher with 8 workers.
 -> (artifact id: '3b7671f24da41c4ed2f6b4e7712c30fb') in 0.012474 seconds
Number of updated asset objects reloaded before import = 0
Number of asset objects unloaded after import = 1
========================================================================
Received Import Request.
  Time since last request: 0.000027 seconds.
  path: Assets/FishNet/Demos/ColliderRollback/Scripts/Rollback Visualization/TextCanvas.cs
  artifactKey: Guid(d0dc71af4e9bb144195230171a19cca9) Importer(2089858483,0ecaa5967403d082aa24f35e1b516d23)
Start importing Assets/FishNet/Demos/ColliderRollback/Scripts/Rollback Visualization/TextCanvas.cs using Guid(d0dc71af4e9bb144195230171a19cca9) Importer(2089858483,0ecaa5967403d082aa24f35e1b516d23) [PhysX] Initialized MultithreadedTaskDispatcher with 8 workers.
 -> (artifact id: 'f74485e87ed58524de34582ac5fc6f28') in 0.011554 seconds
Number of updated asset objects reloaded before import = 0
Number of asset objects unloaded after import = 1
========================================================================
Received Import Request.
  Time since last request: 0.000024 seconds.
  path: Assets/FishNet/Demos/Prediction/CharacterController/Textures/AdaptiveInterpolation_Img.png
  artifactKey: Guid(26148ffb3c1a62d4cb3446654373058b) Importer(2089858483,0ecaa5967403d082aa24f35e1b516d23)
Start importing Assets/FishNet/Demos/Prediction/CharacterController/Textures/AdaptiveInterpolation_Img.png using Guid(26148ffb3c1a62d4cb3446654373058b) Importer(2089858483,0ecaa5967403d082aa24f35e1b516d23) [PhysX] Initialized MultithreadedTaskDispatcher with 8 workers.
 -> (artifact id: '6c970767e297dd419fe5223230ff51d9') in 0.148558 seconds
Number of updated asset objects reloaded before import = 0
Number of asset objects unloaded after import = 3
========================================================================
Received Import Request.
  Time since last request: 0.000038 seconds.
  path: Assets/FishNet/Demos/SceneManager (Old Examples)/Scenes/Additive/AdditiveConnection.unity
  artifactKey: Guid(cc489be8bb6ae444283f394c5e5fa8e2) Importer(2089858483,0ecaa5967403d082aa24f35e1b516d23)
Start importing Assets/FishNet/Demos/SceneManager (Old Examples)/Scenes/Additive/AdditiveConnection.unity using Guid(cc489be8bb6ae444283f394c5e5fa8e2) Importer(2089858483,0ecaa5967403d082aa24f35e1b516d23) [PhysX] Initialized MultithreadedTaskDispatcher with 8 workers.
 -> (artifact id: 'd0e5663f30f822a23a104879af517194') in 0.018959 seconds
Number of updated asset objects reloaded before import = 0
Number of asset objects unloaded after import = 1
========================================================================
Received Import Request.
  Time since last request: 0.000045 seconds.
  path: Assets/FishNet/Demos/ColliderRollback/Materials/Rollback Visualization/ServerPosition.mat
  artifactKey: Guid(14cdcc3d5d8692d469297ede7ced7ab8) Importer(2089858483,0ecaa5967403d082aa24f35e1b516d23)
Start importing Assets/FishNet/Demos/ColliderRollback/Materials/Rollback Visualization/ServerPosition.mat using Guid(14cdcc3d5d8692d469297ede7ced7ab8) Importer(2089858483,0ecaa5967403d082aa24f35e1b516d23) [PhysX] Initialized MultithreadedTaskDispatcher with 8 workers.
 -> (artifact id: '56fec286ea8abbfd86373283888b674d') in 0.024774 seconds
Number of updated asset objects reloaded before import = 0
Number of asset objects unloaded after import = 1
========================================================================
Received Import Request.
  Time since last request: 0.000055 seconds.
  path: Assets/FishNet/Demos/Prediction/Rigidbody/Scripts/RigidbodyPrediction.cs
  artifactKey: Guid(1ad6d36d37ac2b84391a4f7362846abf) Importer(2089858483,0ecaa5967403d082aa24f35e1b516d23)
Start importing Assets/FishNet/Demos/Prediction/Rigidbody/Scripts/RigidbodyPrediction.cs using Guid(1ad6d36d37ac2b84391a4f7362846abf) Importer(2089858483,0ecaa5967403d082aa24f35e1b516d23) [PhysX] Initialized MultithreadedTaskDispatcher with 8 workers.
 -> (artifact id: '037737d9ec836cfb27198736c464c972') in 0.016000 seconds
Number of updated asset objects reloaded before import = 0
Number of asset objects unloaded after import = 1
========================================================================
Received Import Request.
  Time since last request: 0.000030 seconds.
  path: Assets/FishNet/Demos/SceneManager/Additive Scenes/Materials/Player.mat
  artifactKey: Guid(a159d46f2a1d7034382d44be4cf8aa37) Importer(2089858483,0ecaa5967403d082aa24f35e1b516d23)
Start importing Assets/FishNet/Demos/SceneManager/Additive Scenes/Materials/Player.mat using Guid(a159d46f2a1d7034382d44be4cf8aa37) Importer(2089858483,0ecaa5967403d082aa24f35e1b516d23) [PhysX] Initialized MultithreadedTaskDispatcher with 8 workers.
 -> (artifact id: '2b8ec183e753e8e3aa75a4f12fee0288') in 0.015353 seconds
Number of updated asset objects reloaded before import = 0
Number of asset objects unloaded after import = 1
========================================================================
Received Import Request.
  Time since last request: 0.000030 seconds.
  path: Assets/FishNet/Demos/SceneManager/Additive Scenes/Materials/TreeStump.mat
  artifactKey: Guid(15634b93de15be5419ffed25bc199637) Importer(2089858483,0ecaa5967403d082aa24f35e1b516d23)
Start importing Assets/FishNet/Demos/SceneManager/Additive Scenes/Materials/TreeStump.mat using Guid(15634b93de15be5419ffed25bc199637) Importer(2089858483,0ecaa5967403d082aa24f35e1b516d23) [PhysX] Initialized MultithreadedTaskDispatcher with 8 workers.
 -> (artifact id: 'f46462fc82f02fed22719eb14caa5709') in 0.016009 seconds
Number of updated asset objects reloaded before import = 0
Number of asset objects unloaded after import = 1
========================================================================
Received Import Request.
  Time since last request: 0.000031 seconds.
  path: Assets/FishNet/Demos/Prediction/CharacterController/Materials/BlueMat.mat
  artifactKey: Guid(a2ca0973c8f8a4846bb7f3894c3bc5cf) Importer(2089858483,0ecaa5967403d082aa24f35e1b516d23)
Start importing Assets/FishNet/Demos/Prediction/CharacterController/Materials/BlueMat.mat using Guid(a2ca0973c8f8a4846bb7f3894c3bc5cf) Importer(2089858483,0ecaa5967403d082aa24f35e1b516d23) [PhysX] Initialized MultithreadedTaskDispatcher with 8 workers.
 -> (artifact id: 'f3c29d1a62f06ce8965471587716c946') in 0.014770 seconds
Number of updated asset objects reloaded before import = 0
Number of asset objects unloaded after import = 1
========================================================================
Received Import Request.
  Time since last request: 0.000028 seconds.
  path: Assets/FishNet/Runtime/Generated/Component/Prediction/RigidbodyType.cs
  artifactKey: Guid(7cf2d3fc2ff7a9042b4b7618db15b482) Importer(2089858483,0ecaa5967403d082aa24f35e1b516d23)
Start importing Assets/FishNet/Runtime/Generated/Component/Prediction/RigidbodyType.cs using Guid(7cf2d3fc2ff7a9042b4b7618db15b482) Importer(2089858483,0ecaa5967403d082aa24f35e1b516d23) [PhysX] Initialized MultithreadedTaskDispatcher with 8 workers.
 -> (artifact id: '86492af2ad5356ad3ee65138c3184805') in 0.015136 seconds
Number of updated asset objects reloaded before import = 0
Number of asset objects unloaded after import = 1
========================================================================
Received Import Request.
  Time since last request: 0.000081 seconds.
  path: Assets/FishNet/Runtime/Generated/Component/Prediction/NetworkTrigger.cs
  artifactKey: Guid(3dc97a8b9e628044e83004c93095c14d) Importer(2089858483,0ecaa5967403d082aa24f35e1b516d23)
Start importing Assets/FishNet/Runtime/Generated/Component/Prediction/NetworkTrigger.cs using Guid(3dc97a8b9e628044e83004c93095c14d) Importer(2089858483,0ecaa5967403d082aa24f35e1b516d23) [PhysX] Initialized MultithreadedTaskDispatcher with 8 workers.
 -> (artifact id: 'e38763e2ec38f062f609fa3733c93c1c') in 0.012767 seconds
Number of updated asset objects reloaded before import = 0
Number of asset objects unloaded after import = 1
========================================================================
Received Import Request.
  Time since last request: 0.000037 seconds.
  path: Assets/FishNet/Runtime/Generated/Component/TickSmoothing/TickSmoothingManager.cs
  artifactKey: Guid(2c0b6e6e7dbd4bb4f8352f0507f62bdd) Importer(2089858483,0ecaa5967403d082aa24f35e1b516d23)
Start importing Assets/FishNet/Runtime/Generated/Component/TickSmoothing/TickSmoothingManager.cs using Guid(2c0b6e6e7dbd4bb4f8352f0507f62bdd) Importer(2089858483,0ecaa5967403d082aa24f35e1b516d23) [PhysX] Initialized MultithreadedTaskDispatcher with 8 workers.
 -> (artifact id: '67cb05c179674af6ecdccbe6b8f2e052') in 0.012690 seconds
Number of updated asset objects reloaded before import = 0
Number of asset objects unloaded after import = 1
========================================================================
Received Import Request.
  Time since last request: 0.000027 seconds.
  path: Assets/FishNet/Runtime/Generated/Component/TickSmoothing/OfflineTickSmoother.cs
  artifactKey: Guid(2361c564b0f77b94dbc549ff9caa72a3) Importer(2089858483,0ecaa5967403d082aa24f35e1b516d23)
Start importing Assets/FishNet/Runtime/Generated/Component/TickSmoothing/OfflineTickSmoother.cs using Guid(2361c564b0f77b94dbc549ff9caa72a3) Importer(2089858483,0ecaa5967403d082aa24f35e1b516d23) [PhysX] Initialized MultithreadedTaskDispatcher with 8 workers.
 -> (artifact id: 'febba3ed6facc200e81a8efa44d9f99e') in 0.015893 seconds
Number of updated asset objects reloaded before import = 0
Number of asset objects unloaded after import = 1
========================================================================
Received Import Request.
  Time since last request: 0.000103 seconds.
  path: Assets/FishNet/Runtime/Generated/Component/Prediction/NetworkCollision.cs
  artifactKey: Guid(40bcde17fa5e03f44b87f9963ac281b3) Importer(2089858483,0ecaa5967403d082aa24f35e1b516d23)
Start importing Assets/FishNet/Runtime/Generated/Component/Prediction/NetworkCollision.cs using Guid(40bcde17fa5e03f44b87f9963ac281b3) Importer(2089858483,0ecaa5967403d082aa24f35e1b516d23) [PhysX] Initialized MultithreadedTaskDispatcher with 8 workers.
 -> (artifact id: '8b783c2321cfd2c335a4dec34585c137') in 0.015228 seconds
Number of updated asset objects reloaded before import = 0
Number of asset objects unloaded after import = 1
========================================================================
Received Import Request.
  Time since last request: 0.000031 seconds.
  path: Assets/FishNet/Runtime/Generated/Component/TakeOwnership/PredictedOwner.cs
  artifactKey: Guid(03002f7d324007e41b10a9dc87ed3c38) Importer(2089858483,0ecaa5967403d082aa24f35e1b516d23)
Start importing Assets/FishNet/Runtime/Generated/Component/TakeOwnership/PredictedOwner.cs using Guid(03002f7d324007e41b10a9dc87ed3c38) Importer(2089858483,0ecaa5967403d082aa24f35e1b516d23) [PhysX] Initialized MultithreadedTaskDispatcher with 8 workers.
 -> (artifact id: '7f561d0130c3d8a04dd1361cf0ddac6b') in 0.018249 seconds
Number of updated asset objects reloaded before import = 0
Number of asset objects unloaded after import = 2
========================================================================
Received Import Request.
  Time since last request: 0.000024 seconds.
  path: Assets/FishNet/Runtime/Generated/Component/Prediction/RigidbodyPauser.cs
  artifactKey: Guid(9536377524ca5db43aae431f983ab21f) Importer(2089858483,0ecaa5967403d082aa24f35e1b516d23)
Start importing Assets/FishNet/Runtime/Generated/Component/Prediction/RigidbodyPauser.cs using Guid(9536377524ca5db43aae431f983ab21f) Importer(2089858483,0ecaa5967403d082aa24f35e1b516d23) [PhysX] Initialized MultithreadedTaskDispatcher with 8 workers.
 -> (artifact id: '053f311b4b9fc425ce624f76b9de3179') in 0.012220 seconds
Number of updated asset objects reloaded before import = 0
Number of asset objects unloaded after import = 1
========================================================================
Received Import Request.
  Time since last request: 0.000023 seconds.
  path: Assets/FishNet/Runtime/Generated/Component/Prediction/NetworkCollision2D.cs
  artifactKey: Guid(be3cb2952c351714c963b0766f53cef3) Importer(2089858483,0ecaa5967403d082aa24f35e1b516d23)
Start importing Assets/FishNet/Runtime/Generated/Component/Prediction/NetworkCollision2D.cs using Guid(be3cb2952c351714c963b0766f53cef3) Importer(2089858483,0ecaa5967403d082aa24f35e1b516d23) [PhysX] Initialized MultithreadedTaskDispatcher with 8 workers.
 -> (artifact id: '87dc0432c77580d33aa0dd015df19264') in 0.011563 seconds
Number of updated asset objects reloaded before import = 0
Number of asset objects unloaded after import = 1
========================================================================
Received Import Request.
  Time since last request: 0.000024 seconds.
  path: Assets/FishNet/Runtime/Generated/Component/TickSmoothing/UniversalTickSmoother.Threaded.cs
  artifactKey: Guid(5dff0ab5f613e944b9ca9c62e6783e7f) Importer(2089858483,0ecaa5967403d082aa24f35e1b516d23)
Start importing Assets/FishNet/Runtime/Generated/Component/TickSmoothing/UniversalTickSmoother.Threaded.cs using Guid(5dff0ab5f613e944b9ca9c62e6783e7f) Importer(2089858483,0ecaa5967403d082aa24f35e1b516d23) [PhysX] Initialized MultithreadedTaskDispatcher with 8 workers.
 -> (artifact id: '7dc94b6a19d265b443a151e4559d3653') in 0.012937 seconds
Number of updated asset objects reloaded before import = 0
Number of asset objects unloaded after import = 1
========================================================================
Received Import Request.
  Time since last request: 0.000030 seconds.
  path: Assets/FishNet/Runtime/Generated/Component/Prediction/NetworkCollider2D.cs
  artifactKey: Guid(df45081143314fd469a062670a0fe1ea) Importer(2089858483,0ecaa5967403d082aa24f35e1b516d23)
Start importing Assets/FishNet/Runtime/Generated/Component/Prediction/NetworkCollider2D.cs using Guid(df45081143314fd469a062670a0fe1ea) Importer(2089858483,0ecaa5967403d082aa24f35e1b516d23) [PhysX] Initialized MultithreadedTaskDispatcher with 8 workers.
 -> (artifact id: '794661594427afecd8671c349bab969e') in 0.012539 seconds
Number of updated asset objects reloaded before import = 0
Number of asset objects unloaded after import = 1
========================================================================
Received Import Request.
  Time since last request: 0.000044 seconds.
  path: Assets/FishNet/Demos/SceneManager (Old Examples)/Scenes/Replace/ReplaceMainSettings.lighting
  artifactKey: Guid(8fa881c2b33440b488753a73333b050d) Importer(2089858483,0ecaa5967403d082aa24f35e1b516d23)
Start importing Assets/FishNet/Demos/SceneManager (Old Examples)/Scenes/Replace/ReplaceMainSettings.lighting using Guid(8fa881c2b33440b488753a73333b050d) Importer(2089858483,0ecaa5967403d082aa24f35e1b516d23) [PhysX] Initialized MultithreadedTaskDispatcher with 8 workers.
 -> (artifact id: 'fa1396509e12e9a587f1726a180b73a3') in 0.022363 seconds
Number of updated asset objects reloaded before import = 0
Number of asset objects unloaded after import = 1
========================================================================
Received Import Request.
  Time since last request: 0.000027 seconds.
  path: Assets/FishNet/Runtime/Generated/Component/Spawning/PlayerSpawner.cs
  artifactKey: Guid(211a9f6ec51ddc14f908f5acc0cd0423) Importer(2089858483,0ecaa5967403d082aa24f35e1b516d23)
Start importing Assets/FishNet/Runtime/Generated/Component/Spawning/PlayerSpawner.cs using Guid(211a9f6ec51ddc14f908f5acc0cd0423) Importer(2089858483,0ecaa5967403d082aa24f35e1b516d23) [PhysX] Initialized MultithreadedTaskDispatcher with 8 workers.
 -> (artifact id: 'aa6e18fdb64e705d0a786c85054ae389') in 0.014914 seconds
Number of updated asset objects reloaded before import = 0
Number of asset objects unloaded after import = 2
========================================================================
Received Import Request.
  Time since last request: 0.000028 seconds.
  path: Assets/FishNet/Runtime/Generated/Component/Prediction/RigidbodyState.cs
  artifactKey: Guid(05dbb585c2bc6bf4dbbc592bea73d2fe) Importer(2089858483,0ecaa5967403d082aa24f35e1b516d23)
Start importing Assets/FishNet/Runtime/Generated/Component/Prediction/RigidbodyState.cs using Guid(05dbb585c2bc6bf4dbbc592bea73d2fe) Importer(2089858483,0ecaa5967403d082aa24f35e1b516d23) [PhysX] Initialized MultithreadedTaskDispatcher with 8 workers.
 -> (artifact id: '693bbaa4d23263264488aa7bbfb2b89f') in 0.013310 seconds
Number of updated asset objects reloaded before import = 0
Number of asset objects unloaded after import = 1
========================================================================
Received Import Request.
  Time since last request: 0.000030 seconds.
  path: Assets/FishNet/Runtime/Generated/Component/TickSmoothing/AdaptiveInterpolationType.cs
  artifactKey: Guid(612b76499aa863b4b8a1b773a466cc7d) Importer(2089858483,0ecaa5967403d082aa24f35e1b516d23)
Start importing Assets/FishNet/Runtime/Generated/Component/TickSmoothing/AdaptiveInterpolationType.cs using Guid(612b76499aa863b4b8a1b773a466cc7d) Importer(2089858483,0ecaa5967403d082aa24f35e1b516d23) [PhysX] Initialized MultithreadedTaskDispatcher with 8 workers.
 -> (artifact id: '33416a0b09a3bdd92581a20006804d50') in 0.013179 seconds
Number of updated asset objects reloaded before import = 0
Number of asset objects unloaded after import = 1
========================================================================
Received Import Request.
  Time since last request: 0.000021 seconds.
  path: Assets/FishNet/Runtime/Generated/Component/NetworkTransform/NetworkTransform.cs
  artifactKey: Guid(a2836e36774ca1c4bbbee976e17b649c) Importer(2089858483,0ecaa5967403d082aa24f35e1b516d23)
Start importing Assets/FishNet/Runtime/Generated/Component/NetworkTransform/NetworkTransform.cs using Guid(a2836e36774ca1c4bbbee976e17b649c) Importer(2089858483,0ecaa5967403d082aa24f35e1b516d23) [PhysX] Initialized MultithreadedTaskDispatcher with 8 workers.
 -> (artifact id: '8f74dda9b3949d6f0a3b1b3addb99777') in 0.014316 seconds
Number of updated asset objects reloaded before import = 0
Number of asset objects unloaded after import = 2
========================================================================
Received Import Request.
  Time since last request: 0.000028 seconds.
  path: Assets/FishNet/Runtime/Generated/Component/NetworkAnimator/NetworkAnimator.cs
  artifactKey: Guid(e8cac635f24954048aad3a6ff9110beb) Importer(2089858483,0ecaa5967403d082aa24f35e1b516d23)
Start importing Assets/FishNet/Runtime/Generated/Component/NetworkAnimator/NetworkAnimator.cs using Guid(e8cac635f24954048aad3a6ff9110beb) Importer(2089858483,0ecaa5967403d082aa24f35e1b516d23) [PhysX] Initialized MultithreadedTaskDispatcher with 8 workers.
 -> (artifact id: '9e44d6f092fdc1e3e22d9db02625db68') in 0.016140 seconds
Number of updated asset objects reloaded before import = 0
Number of asset objects unloaded after import = 2
========================================================================
Received Import Request.
  Time since last request: 0.000031 seconds.
  path: Assets/FishNet/Runtime/Generated/Component/TickSmoothing/TickSmootherController.cs
  artifactKey: Guid(c189fd5371510434a9a879e928422705) Importer(2089858483,0ecaa5967403d082aa24f35e1b516d23)
Start importing Assets/FishNet/Runtime/Generated/Component/TickSmoothing/TickSmootherController.cs using Guid(c189fd5371510434a9a879e928422705) Importer(2089858483,0ecaa5967403d082aa24f35e1b516d23) [PhysX] Initialized MultithreadedTaskDispatcher with 8 workers.
 -> (artifact id: 'f2b04c001de51768627a83ad2c6b459e') in 0.012779 seconds
Number of updated asset objects reloaded before import = 0
Number of asset objects unloaded after import = 1
========================================================================
Received Import Request.
  Time since last request: 0.000026 seconds.
  path: Assets/FishNet/Runtime/Serializing/UnityMathmatics/Serializers.UnityMathmaticsHalf.cs
  artifactKey: Guid(eeb83ce2d1531bc4ea314600a3978c79) Importer(2089858483,0ecaa5967403d082aa24f35e1b516d23)
Start importing Assets/FishNet/Runtime/Serializing/UnityMathmatics/Serializers.UnityMathmaticsHalf.cs using Guid(eeb83ce2d1531bc4ea314600a3978c79) Importer(2089858483,0ecaa5967403d082aa24f35e1b516d23) [PhysX] Initialized MultithreadedTaskDispatcher with 8 workers.
 -> (artifact id: 'bcfaaa278423419ddeca670b7b11da32') in 0.012267 seconds
Number of updated asset objects reloaded before import = 0
Number of asset objects unloaded after import = 1
========================================================================
Received Import Request.
  Time since last request: 0.000027 seconds.
  path: Assets/FishNet/Demos/Prediction/Rigidbody/Scripts/Boost.cs
  artifactKey: Guid(3cd8a84b2a9f149449a54fc8110bbfde) Importer(2089858483,0ecaa5967403d082aa24f35e1b516d23)
Start importing Assets/FishNet/Demos/Prediction/Rigidbody/Scripts/Boost.cs using Guid(3cd8a84b2a9f149449a54fc8110bbfde) Importer(2089858483,0ecaa5967403d082aa24f35e1b516d23) [PhysX] Initialized MultithreadedTaskDispatcher with 8 workers.
 -> (artifact id: '021ab008e2578883d8cea441f7995a3d') in 0.011906 seconds
Number of updated asset objects reloaded before import = 0
Number of asset objects unloaded after import = 1
========================================================================
Received Import Request.
  Time since last request: 0.000103 seconds.
  path: Assets/FishNet/Runtime/Object/Synchronizing/SyncTypeWriteFlag.cs
  artifactKey: Guid(3ee97e78eaa779d46a91541c9babe061) Importer(2089858483,0ecaa5967403d082aa24f35e1b516d23)
Start importing Assets/FishNet/Runtime/Object/Synchronizing/SyncTypeWriteFlag.cs using Guid(3ee97e78eaa779d46a91541c9babe061) Importer(2089858483,0ecaa5967403d082aa24f35e1b516d23) [PhysX] Initialized MultithreadedTaskDispatcher with 8 workers.
 -> (artifact id: '77b3c6ed56bfa4c0c455425e28e2857a') in 0.013884 seconds
Number of updated asset objects reloaded before import = 0
Number of asset objects unloaded after import = 1
========================================================================
Received Import Request.
  Time since last request: 0.000024 seconds.
  path: Assets/FishNet/Runtime/Generated/Component/NetworkTransform/SynchronizedProperty.cs
  artifactKey: Guid(3e6005ee9abfdd542ad27023114bbe04) Importer(2089858483,0ecaa5967403d082aa24f35e1b516d23)
Start importing Assets/FishNet/Runtime/Generated/Component/NetworkTransform/SynchronizedProperty.cs using Guid(3e6005ee9abfdd542ad27023114bbe04) Importer(2089858483,0ecaa5967403d082aa24f35e1b516d23) [PhysX] Initialized MultithreadedTaskDispatcher with 8 workers.
 -> (artifact id: 'fa36381d9c2b120dd0fee892bd0d0933') in 0.012365 seconds
Number of updated asset objects reloaded before import = 0
Number of asset objects unloaded after import = 1
========================================================================
Received Import Request.
  Time since last request: 0.000027 seconds.
  path: Assets/FishNet/CodeGenerating/cecil-0.11.4/rocks/Mono.Cecil.Rocks/TypeDefinitionRocks.cs
  artifactKey: Guid(b4d5393ac3307a84ca5babfbdcad9eea) Importer(2089858483,0ecaa5967403d082aa24f35e1b516d23)
Start importing Assets/FishNet/CodeGenerating/cecil-0.11.4/rocks/Mono.Cecil.Rocks/TypeDefinitionRocks.cs using Guid(b4d5393ac3307a84ca5babfbdcad9eea) Importer(2089858483,0ecaa5967403d082aa24f35e1b516d23) [PhysX] Initialized MultithreadedTaskDispatcher with 8 workers.
 -> (artifact id: '3ae5df20a6608a1e1f021cb542842df1') in 0.013427 seconds
Number of updated asset objects reloaded before import = 0
Number of asset objects unloaded after import = 1
========================================================================
Received Import Request.
  Time since last request: 0.000027 seconds.
  path: Assets/FishNet/Demos/ColliderRollback/Models/Weapons/Glock.obj
  artifactKey: Guid(c1232b0a1b78ddf44bd877453fb7a84c) Importer(2089858483,0ecaa5967403d082aa24f35e1b516d23)
Start importing Assets/FishNet/Demos/ColliderRollback/Models/Weapons/Glock.obj using Guid(c1232b0a1b78ddf44bd877453fb7a84c) Importer(2089858483,0ecaa5967403d082aa24f35e1b516d23) [PhysX] Initialized MultithreadedTaskDispatcher with 8 workers.
 -> (artifact id: '4bab57e86d8fb7c8bd8a6dc8444ddf6b') in 0.028733 seconds
Number of updated asset objects reloaded before import = 0
Number of asset objects unloaded after import = 14
========================================================================
Received Import Request.
  Time since last request: 0.000032 seconds.
  path: Assets/FishNet/Runtime/Object/Synchronizing/SyncVar.cs
  artifactKey: Guid(d8d8d88365cea6445bd5268ac9ed2a86) Importer(2089858483,0ecaa5967403d082aa24f35e1b516d23)
Start importing Assets/FishNet/Runtime/Object/Synchronizing/SyncVar.cs using Guid(d8d8d88365cea6445bd5268ac9ed2a86) Importer(2089858483,0ecaa5967403d082aa24f35e1b516d23) [PhysX] Initialized MultithreadedTaskDispatcher with 8 workers.
 -> (artifact id: 'f888a8baca5d57c37833a1b1664c6ef6') in 0.013953 seconds
Number of updated asset objects reloaded before import = 0
Number of asset objects unloaded after import = 1
========================================================================
Received Import Request.
  Time since last request: 0.000036 seconds.
  path: Assets/FishNet/Runtime/Serializing/UnityMathmatics/Serializers.UnityMathmaticsDouble.cs
  artifactKey: Guid(5b02bb31d2808f94695dfa971bbe624b) Importer(2089858483,0ecaa5967403d082aa24f35e1b516d23)
Start importing Assets/FishNet/Runtime/Serializing/UnityMathmatics/Serializers.UnityMathmaticsDouble.cs using Guid(5b02bb31d2808f94695dfa971bbe624b) Importer(2089858483,0ecaa5967403d082aa24f35e1b516d23) [PhysX] Initialized MultithreadedTaskDispatcher with 8 workers.
 -> (artifact id: 'cf88c7816f2256b5feea8cb93e04ba37') in 0.013065 seconds
Number of updated asset objects reloaded before import = 0
Number of asset objects unloaded after import = 1
========================================================================
Received Import Request.
  Time since last request: 0.000027 seconds.
  path: Assets/FishNet/Demos/Prediction/CharacterController/Textures/FlatInterpolation_Img.png
  artifactKey: Guid(e93a25d03197614429e1a8b5600d5a97) Importer(2089858483,0ecaa5967403d082aa24f35e1b516d23)
Start importing Assets/FishNet/Demos/Prediction/CharacterController/Textures/FlatInterpolation_Img.png using Guid(e93a25d03197614429e1a8b5600d5a97) Importer(2089858483,0ecaa5967403d082aa24f35e1b516d23) [PhysX] Initialized MultithreadedTaskDispatcher with 8 workers.
 -> (artifact id: '90f5ac153ff7ce49a6bedea5aa376667') in 0.029223 seconds
Number of updated asset objects reloaded before import = 0
Number of asset objects unloaded after import = 3
========================================================================
Received Import Request.
  Time since last request: 0.000027 seconds.
  path: Assets/FishNet/Runtime/Generated/Component/Prediction/OfflineRigidbody.cs
  artifactKey: Guid(b749f90d4c9961c4991179db1130fa4d) Importer(2089858483,0ecaa5967403d082aa24f35e1b516d23)
Start importing Assets/FishNet/Runtime/Generated/Component/Prediction/OfflineRigidbody.cs using Guid(b749f90d4c9961c4991179db1130fa4d) Importer(2089858483,0ecaa5967403d082aa24f35e1b516d23) [PhysX] Initialized MultithreadedTaskDispatcher with 8 workers.
 -> (artifact id: '205385624572d6e42c89eb5b390fd4e3') in 0.013550 seconds
Number of updated asset objects reloaded before import = 0
Number of asset objects unloaded after import = 1
========================================================================
Received Import Request.
  Time since last request: 0.000028 seconds.
  path: Assets/FishNet/Runtime/Utility/Template/TickNetworkBehaviour.cs
  artifactKey: Guid(68553251b6087a342a59efd0b6433401) Importer(2089858483,0ecaa5967403d082aa24f35e1b516d23)
Start importing Assets/FishNet/Runtime/Utility/Template/TickNetworkBehaviour.cs using Guid(68553251b6087a342a59efd0b6433401) Importer(2089858483,0ecaa5967403d082aa24f35e1b516d23) [PhysX] Initialized MultithreadedTaskDispatcher with 8 workers.
 -> (artifact id: '7ac87985c119d18e0b020bd1475371ec') in 0.014596 seconds
Number of updated asset objects reloaded before import = 0
Number of asset objects unloaded after import = 1
========================================================================
Received Import Request.
  Time since last request: 0.000025 seconds.
  path: Assets/FishNet/Demos/Benchmarks/NetworkTransform/Materials/Translucent_Unlit.mat
  artifactKey: Guid(22954e4ae0b986e41b7190d7a1548a41) Importer(2089858483,0ecaa5967403d082aa24f35e1b516d23)
Start importing Assets/FishNet/Demos/Benchmarks/NetworkTransform/Materials/Translucent_Unlit.mat using Guid(22954e4ae0b986e41b7190d7a1548a41) Importer(2089858483,0ecaa5967403d082aa24f35e1b516d23) [PhysX] Initialized MultithreadedTaskDispatcher with 8 workers.
 -> (artifact id: '28750b51b94b40cfafb52937c09b7421') in 0.015691 seconds
Number of updated asset objects reloaded before import = 0
Number of asset objects unloaded after import = 1
========================================================================
Received Import Request.
  Time since last request: 0.000023 seconds.
  path: Assets/FishNet/Runtime/Managing/Client/Object/ClientObjects.RpcLinks.cs
  artifactKey: Guid(2a20cc3f399aa614c931c9b45205937b) Importer(2089858483,0ecaa5967403d082aa24f35e1b516d23)
Start importing Assets/FishNet/Runtime/Managing/Client/Object/ClientObjects.RpcLinks.cs using Guid(2a20cc3f399aa614c931c9b45205937b) Importer(2089858483,0ecaa5967403d082aa24f35e1b516d23) [PhysX] Initialized MultithreadedTaskDispatcher with 8 workers.
 -> (artifact id: '5885dce257a56ac342831bb5faff73f5') in 0.013834 seconds
Number of updated asset objects reloaded before import = 0
Number of asset objects unloaded after import = 1
========================================================================
Received Import Request.
  Time since last request: 0.000030 seconds.
  path: Assets/FishNet/Runtime/Plugins/ColliderRollback/Scripts/ColliderSnapshot.Threaded.cs
  artifactKey: Guid(7bdaf4b1542a66d4e80646758ccfd525) Importer(2089858483,0ecaa5967403d082aa24f35e1b516d23)
Start importing Assets/FishNet/Runtime/Plugins/ColliderRollback/Scripts/ColliderSnapshot.Threaded.cs using Guid(7bdaf4b1542a66d4e80646758ccfd525) Importer(2089858483,0ecaa5967403d082aa24f35e1b516d23) [PhysX] Initialized MultithreadedTaskDispatcher with 8 workers.
 -> (artifact id: '2c7e323af5c2674820ff3b3f9201129e') in 0.015275 seconds
Number of updated asset objects reloaded before import = 0
Number of asset objects unloaded after import = 1
========================================================================
Received Import Request.
  Time since last request: 0.000027 seconds.
  path: Assets/FishNet/Runtime/Managing/Scened/LoadUnloadDatas/UnloadQueueData.cs
  artifactKey: Guid(ea9c20d60381ea74f974fb87a7e78297) Importer(2089858483,0ecaa5967403d082aa24f35e1b516d23)
Start importing Assets/FishNet/Runtime/Managing/Scened/LoadUnloadDatas/UnloadQueueData.cs using Guid(ea9c20d60381ea74f974fb87a7e78297) Importer(2089858483,0ecaa5967403d082aa24f35e1b516d23) [PhysX] Initialized MultithreadedTaskDispatcher with 8 workers.
 -> (artifact id: '9455bbaa15c37c6473c11d1a23531eb2') in 0.014235 seconds
Number of updated asset objects reloaded before import = 0
Number of asset objects unloaded after import = 1
========================================================================
Received Import Request.
  Time since last request: 0.000026 seconds.
  path: Assets/FishNet/Runtime/Plugins/ColliderRollback/Scripts/RollbackManager.Threaded.Types.cs
  artifactKey: Guid(3b7001cad72b98c4a85dbde737dcaf43) Importer(2089858483,0ecaa5967403d082aa24f35e1b516d23)
Start importing Assets/FishNet/Runtime/Plugins/ColliderRollback/Scripts/RollbackManager.Threaded.Types.cs using Guid(3b7001cad72b98c4a85dbde737dcaf43) Importer(2089858483,0ecaa5967403d082aa24f35e1b516d23) [PhysX] Initialized MultithreadedTaskDispatcher with 8 workers.
 -> (artifact id: 'f8ad650a97c623488c5012b691c11390') in 0.012302 seconds
Number of updated asset objects reloaded before import = 0
Number of asset objects unloaded after import = 1
========================================================================
Received Import Request.
  Time since last request: 0.000024 seconds.
  path: Assets/FishNet/Runtime/Observing/Conditions/GridCondition/GridCondition.asset
  artifactKey: Guid(cc503f7541ebd424c94541e6a767efee) Importer(2089858483,0ecaa5967403d082aa24f35e1b516d23)
Start importing Assets/FishNet/Runtime/Observing/Conditions/GridCondition/GridCondition.asset using Guid(cc503f7541ebd424c94541e6a767efee) Importer(2089858483,0ecaa5967403d082aa24f35e1b516d23) [PhysX] Initialized MultithreadedTaskDispatcher with 8 workers.
 -> (artifact id: '451584560f9dabd27e71db9cdae0303a') in 0.015756 seconds
Number of updated asset objects reloaded before import = 0
Number of asset objects unloaded after import = 1
========================================================================
Received Import Request.
  Time since last request: 0.000026 seconds.
  path: Assets/FishNet/Runtime/Generated/Component/Utility/BandwidthDisplay.cs
  artifactKey: Guid(8bc8f0363ddc75946a958043c5e49a83) Importer(2089858483,0ecaa5967403d082aa24f35e1b516d23)
Start importing Assets/FishNet/Runtime/Generated/Component/Utility/BandwidthDisplay.cs using Guid(8bc8f0363ddc75946a958043c5e49a83) Importer(2089858483,0ecaa5967403d082aa24f35e1b516d23) [PhysX] Initialized MultithreadedTaskDispatcher with 8 workers.
 -> (artifact id: '802bd9f58dd0a97c5772675e0ff4bc3a') in 0.018405 seconds
Number of updated asset objects reloaded before import = 0
Number of asset objects unloaded after import = 2
========================================================================
Received Import Request.
  Time since last request: 0.000026 seconds.
  path: Assets/FishNet/Runtime/Managing/Scened/Events/LoadSceneEventArgs.cs
  artifactKey: Guid(86278568f8087de49b0908f148501993) Importer(2089858483,0ecaa5967403d082aa24f35e1b516d23)
Start importing Assets/FishNet/Runtime/Managing/Scened/Events/LoadSceneEventArgs.cs using Guid(86278568f8087de49b0908f148501993) Importer(2089858483,0ecaa5967403d082aa24f35e1b516d23) [PhysX] Initialized MultithreadedTaskDispatcher with 8 workers.
 -> (artifact id: '5f2169cb324f8fc16f3266c5435e2dd2') in 0.014813 seconds
Number of updated asset objects reloaded before import = 0
Number of asset objects unloaded after import = 1
========================================================================
Received Import Request.
  Time since last request: 0.000048 seconds.
  path: Assets/FishNet/Runtime/Managing/Object/PrefabObjects/DualPrefabObjects.cs
  artifactKey: Guid(e4b890523e001c74a9a2bf0d6340e5f7) Importer(2089858483,0ecaa5967403d082aa24f35e1b516d23)
Start importing Assets/FishNet/Runtime/Managing/Object/PrefabObjects/DualPrefabObjects.cs using Guid(e4b890523e001c74a9a2bf0d6340e5f7) Importer(2089858483,0ecaa5967403d082aa24f35e1b516d23) [PhysX] Initialized MultithreadedTaskDispatcher with 8 workers.
 -> (artifact id: 'd15d91c2bf13d8f1ef2070e06f152d2a') in 0.011986 seconds
Number of updated asset objects reloaded before import = 0
Number of asset objects unloaded after import = 1
========================================================================
Received Import Request.
  Time since last request: 0.000048 seconds.
  path: Assets/FishNet/Runtime/Observing/Conditions/ScriptableObjects/MatchCondition.asset
  artifactKey: Guid(efcd7f0dfd341ed4e8671079e91e0544) Importer(2089858483,0ecaa5967403d082aa24f35e1b516d23)
Start importing Assets/FishNet/Runtime/Observing/Conditions/ScriptableObjects/MatchCondition.asset using Guid(efcd7f0dfd341ed4e8671079e91e0544) Importer(2089858483,0ecaa5967403d082aa24f35e1b516d23) [PhysX] Initialized MultithreadedTaskDispatcher with 8 workers.
 -> (artifact id: 'b77476f5877a48807bc7de7a08a3dd2c') in 0.015352 seconds
Number of updated asset objects reloaded before import = 0
Number of asset objects unloaded after import = 1
========================================================================
Received Import Request.
  Time since last request: 0.000026 seconds.
  path: Assets/FishNet/Runtime/Observing/Conditions/GridCondition/GridCondition.cs
  artifactKey: Guid(731898d70776e2341a64ea1f9494299a) Importer(2089858483,0ecaa5967403d082aa24f35e1b516d23)
Start importing Assets/FishNet/Runtime/Observing/Conditions/GridCondition/GridCondition.cs using Guid(731898d70776e2341a64ea1f9494299a) Importer(2089858483,0ecaa5967403d082aa24f35e1b516d23) [PhysX] Initialized MultithreadedTaskDispatcher with 8 workers.
 -> (artifact id: 'df8a35d0a185d1371cd79d70bb04f8a1') in 0.014703 seconds
Number of updated asset objects reloaded before import = 0
Number of asset objects unloaded after import = 1
========================================================================
Received Import Request.
  Time since last request: 0.000027 seconds.
  path: Assets/FishNet/Runtime/Managing/Logging/Editor/LevelLoggingConfigurationEditor.cs
  artifactKey: Guid(b815d3a75a4bcc54b907a07e83c7b7cb) Importer(2089858483,0ecaa5967403d082aa24f35e1b516d23)
Start importing Assets/FishNet/Runtime/Managing/Logging/Editor/LevelLoggingConfigurationEditor.cs using Guid(b815d3a75a4bcc54b907a07e83c7b7cb) Importer(2089858483,0ecaa5967403d082aa24f35e1b516d23) [PhysX] Initialized MultithreadedTaskDispatcher with 8 workers.
 -> (artifact id: '9b770012b3604e22b952f35530231874') in 0.014031 seconds
Number of updated asset objects reloaded before import = 0
Number of asset objects unloaded after import = 1
========================================================================
Received Import Request.
  Time since last request: 0.000026 seconds.
  path: Assets/FishNet/Runtime/Managing/Scened/Events/UnloadSceneEventArgs.cs
  artifactKey: Guid(2c24765fea85b564aa331b529f324f92) Importer(2089858483,0ecaa5967403d082aa24f35e1b516d23)
Start importing Assets/FishNet/Runtime/Managing/Scened/Events/UnloadSceneEventArgs.cs using Guid(2c24765fea85b564aa331b529f324f92) Importer(2089858483,0ecaa5967403d082aa24f35e1b516d23) [PhysX] Initialized MultithreadedTaskDispatcher with 8 workers.
 -> (artifact id: 'e06f21aeca3d92c231c06960743f0f5d') in 0.015081 seconds
Number of updated asset objects reloaded before import = 0
Number of asset objects unloaded after import = 1
========================================================================
Received Import Request.
  Time since last request: 0.000025 seconds.
  path: Assets/FishNet/Runtime/Managing/Scened/LoadUnloadDatas/SceneLoadData.cs
  artifactKey: Guid(ecd4065158ab62047a074c594f245d90) Importer(2089858483,0ecaa5967403d082aa24f35e1b516d23)
Start importing Assets/FishNet/Runtime/Managing/Scened/LoadUnloadDatas/SceneLoadData.cs using Guid(ecd4065158ab62047a074c594f245d90) Importer(2089858483,0ecaa5967403d082aa24f35e1b516d23) [PhysX] Initialized MultithreadedTaskDispatcher with 8 workers.
 -> (artifact id: '441ce4fcb7853aaaf55ef4b159e0f884') in 0.013085 seconds
Number of updated asset objects reloaded before import = 0
Number of asset objects unloaded after import = 1
========================================================================
Received Import Request.
  Time since last request: 0.000058 seconds.
  path: Assets/FishNet/Runtime/Observing/Conditions/ScriptableObjects/OwnerOnlyCondition.asset
  artifactKey: Guid(bcf92670d91dbb74dad77c56b9b8712e) Importer(2089858483,0ecaa5967403d082aa24f35e1b516d23)
Start importing Assets/FishNet/Runtime/Observing/Conditions/ScriptableObjects/OwnerOnlyCondition.asset using Guid(bcf92670d91dbb74dad77c56b9b8712e) Importer(2089858483,0ecaa5967403d082aa24f35e1b516d23) [PhysX] Initialized MultithreadedTaskDispatcher with 8 workers.
 -> (artifact id: '1e0bb26235ca6b80fa985b4f1a43093a') in 0.015449 seconds
Number of updated asset objects reloaded before import = 0
Number of asset objects unloaded after import = 1
========================================================================
Received Import Request.
  Time since last request: 0.000025 seconds.
  path: Assets/FishNet/Runtime/Generated/Component/Utility/MonoTickSmoother.cs
  artifactKey: Guid(b3c0f5e921f9d784986ee1c8d311ccba) Importer(2089858483,0ecaa5967403d082aa24f35e1b516d23)
Start importing Assets/FishNet/Runtime/Generated/Component/Utility/MonoTickSmoother.cs using Guid(b3c0f5e921f9d784986ee1c8d311ccba) Importer(2089858483,0ecaa5967403d082aa24f35e1b516d23) [PhysX] Initialized MultithreadedTaskDispatcher with 8 workers.
 -> (artifact id: 'b1091571f9b4c40358a2f24f04037c61') in 0.013276 seconds
Number of updated asset objects reloaded before import = 0
Number of asset objects unloaded after import = 1
========================================================================
Received Import Request.
  Time since last request: 0.000025 seconds.
  path: Assets/FishNet/Runtime/Generated/Component/Utility/DetachableNetworkTickSmoother.cs
  artifactKey: Guid(c631fa10037fa844292bacd140d7c7f9) Importer(2089858483,0ecaa5967403d082aa24f35e1b516d23)
Start importing Assets/FishNet/Runtime/Generated/Component/Utility/DetachableNetworkTickSmoother.cs using Guid(c631fa10037fa844292bacd140d7c7f9) Importer(2089858483,0ecaa5967403d082aa24f35e1b516d23) [PhysX] Initialized MultithreadedTaskDispatcher with 8 workers.
 -> (artifact id: '5bbb49d8ebebd74413ddd3f0869c3152') in 0.012354 seconds
Number of updated asset objects reloaded before import = 0
Number of asset objects unloaded after import = 1
========================================================================
Received Import Request.
  Time since last request: 0.000026 seconds.
  path: Assets/FishNet/Runtime/Plugins/ColliderRollback/Scripts/ColliderRollback.Threaded.cs
  artifactKey: Guid(e8e604e0a2709484193cda1a6d03b5b5) Importer(2089858483,0ecaa5967403d082aa24f35e1b516d23)
Start importing Assets/FishNet/Runtime/Plugins/ColliderRollback/Scripts/ColliderRollback.Threaded.cs using Guid(e8e604e0a2709484193cda1a6d03b5b5) Importer(2089858483,0ecaa5967403d082aa24f35e1b516d23) [PhysX] Initialized MultithreadedTaskDispatcher with 8 workers.
 -> (artifact id: '3e9c9ba03342409e020ce64fd5231387') in 0.014535 seconds
Number of updated asset objects reloaded before import = 0
Number of asset objects unloaded after import = 1
========================================================================
Received Import Request.
  Time since last request: 0.000027 seconds.
  path: Assets/FishNet/Runtime/Managing/Object/PrefabObjects/SinglePrefabObjects.cs
  artifactKey: Guid(4489d77032a81ef42b0067acf2737d4d) Importer(2089858483,0ecaa5967403d082aa24f35e1b516d23)
Start importing Assets/FishNet/Runtime/Managing/Object/PrefabObjects/SinglePrefabObjects.cs using Guid(4489d77032a81ef42b0067acf2737d4d) Importer(2089858483,0ecaa5967403d082aa24f35e1b516d23) [PhysX] Initialized MultithreadedTaskDispatcher with 8 workers.
 -> (artifact id: '5c0db22e91e40d9097ce807267861e04') in 0.013534 seconds
Number of updated asset objects reloaded before import = 0
Number of asset objects unloaded after import = 1
========================================================================
Received Import Request.
  Time since last request: 0.000028 seconds.
  path: Assets/FishNet/Runtime/Managing/Object/PrefabObjects/PrefabObjects.cs
  artifactKey: Guid(c5a7beb0d6ee75a4fb1f058eb3e2640a) Importer(2089858483,0ecaa5967403d082aa24f35e1b516d23)
Start importing Assets/FishNet/Runtime/Managing/Object/PrefabObjects/PrefabObjects.cs using Guid(c5a7beb0d6ee75a4fb1f058eb3e2640a) Importer(2089858483,0ecaa5967403d082aa24f35e1b516d23) [PhysX] Initialized MultithreadedTaskDispatcher with 8 workers.
 -> (artifact id: '99962d2e5f52e6f483d94bebcbc8ac72') in 0.012271 seconds
Number of updated asset objects reloaded before import = 0
Number of asset objects unloaded after import = 1
========================================================================
Received Import Request.
  Time since last request: 0.000024 seconds.
  path: Assets/FishNet/Runtime/Managing/Scened/LoadUnloadDatas/UnloadParams.cs
  artifactKey: Guid(3bba3fbbe6ffbae4bb18d50c8c9b3b30) Importer(2089858483,0ecaa5967403d082aa24f35e1b516d23)
Start importing Assets/FishNet/Runtime/Managing/Scened/LoadUnloadDatas/UnloadParams.cs using Guid(3bba3fbbe6ffbae4bb18d50c8c9b3b30) Importer(2089858483,0ecaa5967403d082aa24f35e1b516d23) [PhysX] Initialized MultithreadedTaskDispatcher with 8 workers.
 -> (artifact id: 'fbc0a968c750cea5f8f24f8aeb338f69') in 0.014993 seconds
Number of updated asset objects reloaded before import = 0
Number of asset objects unloaded after import = 1
========================================================================
Received Import Request.
  Time since last request: 0.000058 seconds.
  path: Assets/FishNet/Runtime/Managing/Server/Editor/ServerManagerEditor.cs
  artifactKey: Guid(da6ea97e6b868974e8ac139fe545e986) Importer(2089858483,0ecaa5967403d082aa24f35e1b516d23)
Start importing Assets/FishNet/Runtime/Managing/Server/Editor/ServerManagerEditor.cs using Guid(da6ea97e6b868974e8ac139fe545e986) Importer(2089858483,0ecaa5967403d082aa24f35e1b516d23) [PhysX] Initialized MultithreadedTaskDispatcher with 8 workers.
 -> (artifact id: 'f8396092400b409ea39a9e7f3a794a54') in 0.011779 seconds
Number of updated asset objects reloaded before import = 0
Number of asset objects unloaded after import = 1
========================================================================
Received Import Request.
  Time since last request: 0.000032 seconds.
  path: Assets/FishNet/Runtime/Managing/Scened/LoadUnloadDatas/PreferredActiveScenes.cs
  artifactKey: Guid(680c29c425aaea745a28a5590e2c00f5) Importer(2089858483,0ecaa5967403d082aa24f35e1b516d23)
Start importing Assets/FishNet/Runtime/Managing/Scened/LoadUnloadDatas/PreferredActiveScenes.cs using Guid(680c29c425aaea745a28a5590e2c00f5) Importer(2089858483,0ecaa5967403d082aa24f35e1b516d23) [PhysX] Initialized MultithreadedTaskDispatcher with 8 workers.
 -> (artifact id: '59e03702903e6f9b0cf412e9bb1cd9bc') in 0.016269 seconds
Number of updated asset objects reloaded before import = 0
Number of asset objects unloaded after import = 1
========================================================================
Received Import Request.
  Time since last request: 0.000038 seconds.
  path: Assets/FishNet/Runtime/Managing/Scened/LoadUnloadDatas/LoadQueueData.cs
  artifactKey: Guid(8fb4183af628f754b800dfdbb1ba9bf0) Importer(2089858483,0ecaa5967403d082aa24f35e1b516d23)
Start importing Assets/FishNet/Runtime/Managing/Scened/LoadUnloadDatas/LoadQueueData.cs using Guid(8fb4183af628f754b800dfdbb1ba9bf0) Importer(2089858483,0ecaa5967403d082aa24f35e1b516d23) [PhysX] Initialized MultithreadedTaskDispatcher with 8 workers.
 -> (artifact id: '7653fe5d32bd33610356d6907109318f') in 0.013206 seconds
Number of updated asset objects reloaded before import = 0
Number of asset objects unloaded after import = 1
========================================================================
Received Import Request.
  Time since last request: 0.000027 seconds.
  path: Assets/FishNet/Runtime/Observing/Conditions/SceneCondition.cs
  artifactKey: Guid(fab85d1c51ee2c344b7dd914dc262ec4) Importer(2089858483,0ecaa5967403d082aa24f35e1b516d23)
Start importing Assets/FishNet/Runtime/Observing/Conditions/SceneCondition.cs using Guid(fab85d1c51ee2c344b7dd914dc262ec4) Importer(2089858483,0ecaa5967403d082aa24f35e1b516d23) [PhysX] Initialized MultithreadedTaskDispatcher with 8 workers.
 -> (artifact id: 'ed00888eb49fd594068c031fb64a8094') in 0.012743 seconds
Number of updated asset objects reloaded before import = 0
Number of asset objects unloaded after import = 1
========================================================================
Received Import Request.
  Time since last request: 0.000025 seconds.
  path: Assets/FishNet/Demos/SceneManager/Additive Scenes/Scenes/AdditiveScenes_Start.unity
  artifactKey: Guid(afbcf8f41ca78ef4296672aeb824f605) Importer(2089858483,0ecaa5967403d082aa24f35e1b516d23)
Start importing Assets/FishNet/Demos/SceneManager/Additive Scenes/Scenes/AdditiveScenes_Start.unity using Guid(afbcf8f41ca78ef4296672aeb824f605) Importer(2089858483,0ecaa5967403d082aa24f35e1b516d23) [PhysX] Initialized MultithreadedTaskDispatcher with 8 workers.
 -> (artifact id: '00b42a50311e124eb02e20845ac1a0df') in 0.010322 seconds
Number of updated asset objects reloaded before import = 0
Number of asset objects unloaded after import = 1
========================================================================
Received Import Request.
  Time since last request: 0.000030 seconds.
  path: Assets/FishNet/Runtime/Generated/Component/TickSmoothing/InitializationSettings.cs
  artifactKey: Guid(0c6e8313aa3aa964585e4ec54b733627) Importer(2089858483,0ecaa5967403d082aa24f35e1b516d23)
Start importing Assets/FishNet/Runtime/Generated/Component/TickSmoothing/InitializationSettings.cs using Guid(0c6e8313aa3aa964585e4ec54b733627) Importer(2089858483,0ecaa5967403d082aa24f35e1b516d23) [PhysX] Initialized MultithreadedTaskDispatcher with 8 workers.
 -> (artifact id: '61657e0eb026d1dac835b348d6e944e6') in 0.013950 seconds
Number of updated asset objects reloaded before import = 0
Number of asset objects unloaded after import = 1
========================================================================
Received Import Request.
  Time since last request: 0.000025 seconds.
  path: Assets/FishNet/Runtime/Plugins/CodeAnalysis/FishNet.CodeAnalysis.Analyzers.dll
  artifactKey: Guid(1907658b89c1bbe42a0063df40b7ca24) Importer(2089858483,0ecaa5967403d082aa24f35e1b516d23)
Start importing Assets/FishNet/Runtime/Plugins/CodeAnalysis/FishNet.CodeAnalysis.Analyzers.dll using Guid(1907658b89c1bbe42a0063df40b7ca24) Importer(2089858483,0ecaa5967403d082aa24f35e1b516d23) [PhysX] Initialized MultithreadedTaskDispatcher with 8 workers.
 -> (artifact id: '8be58d6a70a11d18b2316ad71f6c6300') in 0.016728 seconds
Number of updated asset objects reloaded before import = 0
Number of asset objects unloaded after import = 1
========================================================================
Received Import Request.
  Time since last request: 0.000026 seconds.
  path: Assets/FishNet/Demos/Prediction/CharacterController/Scripts/StaminaCanvas.cs
  artifactKey: Guid(2ca42d40476d05444acd0179c78b44cc) Importer(2089858483,0ecaa5967403d082aa24f35e1b516d23)
Start importing Assets/FishNet/Demos/Prediction/CharacterController/Scripts/StaminaCanvas.cs using Guid(2ca42d40476d05444acd0179c78b44cc) Importer(2089858483,0ecaa5967403d082aa24f35e1b516d23) [PhysX] Initialized MultithreadedTaskDispatcher with 8 workers.
 -> (artifact id: '4b3e600750e59d225227e59af3fe2da7') in 0.011770 seconds
Number of updated asset objects reloaded before import = 0
Number of asset objects unloaded after import = 1
========================================================================
Received Import Request.
  Time since last request: 0.000025 seconds.
  path: Assets/FishNet/Runtime/Managing/Scened/Broadcast/SceneBroadcasts.cs
  artifactKey: Guid(698a94b4f8664ac4ab108deae0ba3b7c) Importer(2089858483,0ecaa5967403d082aa24f35e1b516d23)
Start importing Assets/FishNet/Runtime/Managing/Scened/Broadcast/SceneBroadcasts.cs using Guid(698a94b4f8664ac4ab108deae0ba3b7c) Importer(2089858483,0ecaa5967403d082aa24f35e1b516d23) [PhysX] Initialized MultithreadedTaskDispatcher with 8 workers.
 -> (artifact id: '6c86fda965a6ef2a5e0ccbf2ca9561c6') in 0.013674 seconds
Number of updated asset objects reloaded before import = 0
Number of asset objects unloaded after import = 1
========================================================================
Received Import Request.
  Time since last request: 0.000026 seconds.
  path: Assets/FishNet/Runtime/Generated/Component/TickSmoothing/MovementSettings.cs
  artifactKey: Guid(c01e6529f1dd28f4fa6d97ba1a480e22) Importer(2089858483,0ecaa5967403d082aa24f35e1b516d23)
Start importing Assets/FishNet/Runtime/Generated/Component/TickSmoothing/MovementSettings.cs using Guid(c01e6529f1dd28f4fa6d97ba1a480e22) Importer(2089858483,0ecaa5967403d082aa24f35e1b516d23) [PhysX] Initialized MultithreadedTaskDispatcher with 8 workers.
 -> (artifact id: 'd4bb4bb68b0c2c9495357ef8b0c2705b') in 0.013307 seconds
Number of updated asset objects reloaded before import = 0
Number of asset objects unloaded after import = 1
========================================================================
Received Import Request.
  Time since last request: 0.000024 seconds.
  path: Assets/FishNet/Runtime/Serializing/SubStream/Reader.SubStream.cs
  artifactKey: Guid(286543df642a48448ae2ef943576e242) Importer(2089858483,0ecaa5967403d082aa24f35e1b516d23)
Start importing Assets/FishNet/Runtime/Serializing/SubStream/Reader.SubStream.cs using Guid(286543df642a48448ae2ef943576e242) Importer(2089858483,0ecaa5967403d082aa24f35e1b516d23) [PhysX] Initialized MultithreadedTaskDispatcher with 8 workers.
 -> (artifact id: '60ebe066f386ba0cbfd565555a5d3eba') in 0.012629 seconds
Number of updated asset objects reloaded before import = 0
Number of asset objects unloaded after import = 1
========================================================================
Received Import Request.
  Time since last request: 0.000170 seconds.
  path: Assets/FishNet/CodeGenerating/cecil-0.11.4/rocks/Mono.Cecil.Rocks/SecurityDeclarationRocks.cs
  artifactKey: Guid(e9d89d937b712004089aafb3a1391907) Importer(2089858483,0ecaa5967403d082aa24f35e1b516d23)
Start importing Assets/FishNet/CodeGenerating/cecil-0.11.4/rocks/Mono.Cecil.Rocks/SecurityDeclarationRocks.cs using Guid(e9d89d937b712004089aafb3a1391907) Importer(2089858483,0ecaa5967403d082aa24f35e1b516d23) [PhysX] Initialized MultithreadedTaskDispatcher with 8 workers.
 -> (artifact id: 'a5ca5729ff30bab66a755de69098eb33') in 0.013748 seconds
Number of updated asset objects reloaded before import = 0
Number of asset objects unloaded after import = 1
========================================================================
Received Import Request.
  Time since last request: 0.000025 seconds.
  path: Assets/FishNet/Runtime/Managing/Scened/LoadUnloadDatas/SceneScopeTypes.cs
  artifactKey: Guid(2be621eb04519a14eb2297a666b1bc2c) Importer(2089858483,0ecaa5967403d082aa24f35e1b516d23)
Start importing Assets/FishNet/Runtime/Managing/Scened/LoadUnloadDatas/SceneScopeTypes.cs using Guid(2be621eb04519a14eb2297a666b1bc2c) Importer(2089858483,0ecaa5967403d082aa24f35e1b516d23) [PhysX] Initialized MultithreadedTaskDispatcher with 8 workers.
 -> (artifact id: '50cc7cd4830e06f2b07cc7f6400f8475') in 0.011900 seconds
Number of updated asset objects reloaded before import = 0
Number of asset objects unloaded after import = 1
========================================================================
Received Import Request.
  Time since last request: 0.000025 seconds.
  path: Assets/FishNet/Runtime/Generated/Component/Utility/PingDisplay.cs
  artifactKey: Guid(f9b6b565cd9533c4ebc18003f0fc18a2) Importer(2089858483,0ecaa5967403d082aa24f35e1b516d23)
Start importing Assets/FishNet/Runtime/Generated/Component/Utility/PingDisplay.cs using Guid(f9b6b565cd9533c4ebc18003f0fc18a2) Importer(2089858483,0ecaa5967403d082aa24f35e1b516d23) [PhysX] Initialized MultithreadedTaskDispatcher with 8 workers.
 -> (artifact id: 'a179996e87a54a964211c925fcdbd7b9') in 0.014934 seconds
Number of updated asset objects reloaded before import = 0
Number of asset objects unloaded after import = 2
========================================================================
Received Import Request.
  Time since last request: 0.000029 seconds.
  path: Assets/FishNet/Runtime/Plugins/Yak/Core/ServerSocket.cs
  artifactKey: Guid(9181ba25449c96446b966d0bd62e5813) Importer(2089858483,0ecaa5967403d082aa24f35e1b516d23)
Start importing Assets/FishNet/Runtime/Plugins/Yak/Core/ServerSocket.cs using Guid(9181ba25449c96446b966d0bd62e5813) Importer(2089858483,0ecaa5967403d082aa24f35e1b516d23) [PhysX] Initialized MultithreadedTaskDispatcher with 8 workers.
 -> (artifact id: '2cbb827ce2aa03ab9f0a9bcede8d0b25') in 0.013673 seconds
Number of updated asset objects reloaded before import = 0
Number of asset objects unloaded after import = 1
========================================================================
Received Import Request.
  Time since last request: 0.000025 seconds.
  path: Assets/FishNet/Runtime/Plugins/GameKit/Dependencies/Utilities/Layers.cs
  artifactKey: Guid(1c18e15e44d21a94d8919f4b6b125a1f) Importer(2089858483,0ecaa5967403d082aa24f35e1b516d23)
Start importing Assets/FishNet/Runtime/Plugins/GameKit/Dependencies/Utilities/Layers.cs using Guid(1c18e15e44d21a94d8919f4b6b125a1f) Importer(2089858483,0ecaa5967403d082aa24f35e1b516d23) [PhysX] Initialized MultithreadedTaskDispatcher with 8 workers.
 -> (artifact id: 'dc1039e2eb88add3b7be59c256140f18') in 0.014613 seconds
Number of updated asset objects reloaded before import = 0
Number of asset objects unloaded after import = 1
========================================================================
Received Import Request.
  Time since last request: 0.000030 seconds.
  path: Assets/FishNet/Runtime/Plugins/GameKit/Dependencies/Utilities/Hashing.cs
  artifactKey: Guid(7be723c9549bdd041ac1dc8e8c6d2d18) Importer(2089858483,0ecaa5967403d082aa24f35e1b516d23)
Start importing Assets/FishNet/Runtime/Plugins/GameKit/Dependencies/Utilities/Hashing.cs using Guid(7be723c9549bdd041ac1dc8e8c6d2d18) Importer(2089858483,0ecaa5967403d082aa24f35e1b516d23) [PhysX] Initialized MultithreadedTaskDispatcher with 8 workers.
 -> (artifact id: 'cead2a74dd0f052d979ffdbe0ccb4a1d') in 0.013059 seconds
Number of updated asset objects reloaded before import = 0
Number of asset objects unloaded after import = 1
========================================================================
Received Import Request.
  Time since last request: 0.000042 seconds.
  path: Assets/FishNet/Runtime/Generated/Component/TickSmoothing/Editor/OfflineTickSmootherEditor.cs
  artifactKey: Guid(80812403004e23f44ae42bceba1b6733) Importer(2089858483,0ecaa5967403d082aa24f35e1b516d23)
Start importing Assets/FishNet/Runtime/Generated/Component/TickSmoothing/Editor/OfflineTickSmootherEditor.cs using Guid(80812403004e23f44ae42bceba1b6733) Importer(2089858483,0ecaa5967403d082aa24f35e1b516d23) [PhysX] Initialized MultithreadedTaskDispatcher with 8 workers.
 -> (artifact id: '2428eb606aa3e0b440a0287def51d6d7') in 0.012653 seconds
Number of updated asset objects reloaded before import = 0
Number of asset objects unloaded after import = 1
========================================================================
Received Import Request.
  Time since last request: 0.000024 seconds.
  path: Assets/FishNet/Demos/ColliderRollback/Models/Weapons/Materials/Mesh2_Group3_Group1_ModelMat.mat
  artifactKey: Guid(ef0c6639b7aef1d44b199f31c51a272a) Importer(2089858483,0ecaa5967403d082aa24f35e1b516d23)
Start importing Assets/FishNet/Demos/ColliderRollback/Models/Weapons/Materials/Mesh2_Group3_Group1_ModelMat.mat using Guid(ef0c6639b7aef1d44b199f31c51a272a) Importer(2089858483,0ecaa5967403d082aa24f35e1b516d23) [PhysX] Initialized MultithreadedTaskDispatcher with 8 workers.
 -> (artifact id: 'cf39b16dbb5e0521dc9103c9e090f5c2') in 0.018186 seconds
Number of updated asset objects reloaded before import = 0
Number of asset objects unloaded after import = 1
========================================================================
Received Import Request.
  Time since last request: 0.000025 seconds.
  path: Assets/FishNet/Runtime/Generated/Component/TickSmoothing/Editor/MovementSettingsDrawer.cs
  artifactKey: Guid(aa57faea7c2b2ce4b95e4865a64f3551) Importer(2089858483,0ecaa5967403d082aa24f35e1b516d23)
Start importing Assets/FishNet/Runtime/Generated/Component/TickSmoothing/Editor/MovementSettingsDrawer.cs using Guid(aa57faea7c2b2ce4b95e4865a64f3551) Importer(2089858483,0ecaa5967403d082aa24f35e1b516d23) [PhysX] Initialized MultithreadedTaskDispatcher with 8 workers.
 -> (artifact id: '15376d55800456d88674ab1adcc3a21d') in 0.014524 seconds
Number of updated asset objects reloaded before import = 0
Number of asset objects unloaded after import = 1
========================================================================
Received Import Request.
  Time since last request: 0.000024 seconds.
  path: Assets/FishNet/Runtime/Transporting/Transports/Multipass/VERSION.txt
  artifactKey: Guid(e4f9d944e2ca8484587859cf4ec80b6c) Importer(2089858483,0ecaa5967403d082aa24f35e1b516d23)
Start importing Assets/FishNet/Runtime/Transporting/Transports/Multipass/VERSION.txt using Guid(e4f9d944e2ca8484587859cf4ec80b6c) Importer(2089858483,0ecaa5967403d082aa24f35e1b516d23) [PhysX] Initialized MultithreadedTaskDispatcher with 8 workers.
 -> (artifact id: '82dc3b39b2f86c0703e6a92de6586681') in 0.010865 seconds
Number of updated asset objects reloaded before import = 0
Number of asset objects unloaded after import = 1
========================================================================
Received Import Request.
  Time since last request: 0.000022 seconds.
  path: Assets/FishNet/Runtime/Plugins/GameKit/Dependencies/Utilities/Lists.cs
  artifactKey: Guid(b5ae7a9f43f78a345839f65ff75ba384) Importer(2089858483,0ecaa5967403d082aa24f35e1b516d23)
Start importing Assets/FishNet/Runtime/Plugins/GameKit/Dependencies/Utilities/Lists.cs using Guid(b5ae7a9f43f78a345839f65ff75ba384) Importer(2089858483,0ecaa5967403d082aa24f35e1b516d23) [PhysX] Initialized MultithreadedTaskDispatcher with 8 workers.
 -> (artifact id: '9b955613472d59e55dea42ac48c3ab74') in 0.011964 seconds
Number of updated asset objects reloaded before import = 0
Number of asset objects unloaded after import = 1
========================================================================
Received Import Request.
  Time since last request: 0.000024 seconds.
  path: Assets/FishNet/Runtime/Generated/Component/TickSmoothing/Editor/NetworkTickSmootherEditor.cs
  artifactKey: Guid(f51697e093480ab429a4a2f47f545f92) Importer(2089858483,0ecaa5967403d082aa24f35e1b516d23)
Start importing Assets/FishNet/Runtime/Generated/Component/TickSmoothing/Editor/NetworkTickSmootherEditor.cs using Guid(f51697e093480ab429a4a2f47f545f92) Importer(2089858483,0ecaa5967403d082aa24f35e1b516d23) [PhysX] Initialized MultithreadedTaskDispatcher with 8 workers.
 -> (artifact id: '73345e255ad5dc00379d732134727129') in 0.013210 seconds
Number of updated asset objects reloaded before import = 0
Number of asset objects unloaded after import = 1
========================================================================
Received Import Request.
  Time since last request: 0.000028 seconds.
  path: Assets/FishNet/Runtime/Plugins/GameKit/Dependencies/Utilities/Enums.cs
  artifactKey: Guid(e6c66aec505f9254491b2b126a2d4745) Importer(2089858483,0ecaa5967403d082aa24f35e1b516d23)
Start importing Assets/FishNet/Runtime/Plugins/GameKit/Dependencies/Utilities/Enums.cs using Guid(e6c66aec505f9254491b2b126a2d4745) Importer(2089858483,0ecaa5967403d082aa24f35e1b516d23) [PhysX] Initialized MultithreadedTaskDispatcher with 8 workers.
 -> (artifact id: 'b7fb3096467ad3a09690ebd7b5892379') in 0.012681 seconds
Number of updated asset objects reloaded before import = 0
Number of asset objects unloaded after import = 1
========================================================================
Received Import Request.
  Time since last request: 0.000034 seconds.
  path: Assets/FishNet/Runtime/Plugins/GameKit/Dependencies/Utilities/Dictionaries.cs
  artifactKey: Guid(9d31d19bc39eb6041bad18d8eb68ed68) Importer(2089858483,0ecaa5967403d082aa24f35e1b516d23)
Start importing Assets/FishNet/Runtime/Plugins/GameKit/Dependencies/Utilities/Dictionaries.cs using Guid(9d31d19bc39eb6041bad18d8eb68ed68) Importer(2089858483,0ecaa5967403d082aa24f35e1b516d23) [PhysX] Initialized MultithreadedTaskDispatcher with 8 workers.
 -> (artifact id: '0eba22601e9fb21e8bff5a5583db8a52') in 0.012264 seconds
Number of updated asset objects reloaded before import = 0
Number of asset objects unloaded after import = 1
========================================================================
Received Import Request.
  Time since last request: 0.000026 seconds.
  path: Assets/FishNet/Runtime/Plugins/Yak/Core/CommonSocket.cs
  artifactKey: Guid(63afa30fa0251df44b9496aded55d795) Importer(2089858483,0ecaa5967403d082aa24f35e1b516d23)
Start importing Assets/FishNet/Runtime/Plugins/Yak/Core/CommonSocket.cs using Guid(63afa30fa0251df44b9496aded55d795) Importer(2089858483,0ecaa5967403d082aa24f35e1b516d23) [PhysX] Initialized MultithreadedTaskDispatcher with 8 workers.
 -> (artifact id: 'ed7b31b00466004a1b3e7e9959f68612') in 0.013905 seconds
Number of updated asset objects reloaded before import = 0
Number of asset objects unloaded after import = 1
========================================================================
Received Import Request.
  Time since last request: 0.000047 seconds.
  path: Assets/FishNet/Runtime/Plugins/GameKit/Dependencies/Utilities/ObjectPool.cs
  artifactKey: Guid(6065d663177eb614bb52a41071982835) Importer(2089858483,0ecaa5967403d082aa24f35e1b516d23)
Start importing Assets/FishNet/Runtime/Plugins/GameKit/Dependencies/Utilities/ObjectPool.cs using Guid(6065d663177eb614bb52a41071982835) Importer(2089858483,0ecaa5967403d082aa24f35e1b516d23) [PhysX] Initialized MultithreadedTaskDispatcher with 8 workers.
 -> (artifact id: '7cb7ef8c6a614c090cf44abf86192256') in 0.011743 seconds
Number of updated asset objects reloaded before import = 0
Number of asset objects unloaded after import = 1
========================================================================
Received Import Request.
  Time since last request: 0.000028 seconds.
  path: Assets/FishNet/Demos/ColliderRollback/Models/Weapons/Materials/Gray6.mat
  artifactKey: Guid(1aa329960fc39aa4490b3a9e7e965fa8) Importer(2089858483,0ecaa5967403d082aa24f35e1b516d23)
Start importing Assets/FishNet/Demos/ColliderRollback/Models/Weapons/Materials/Gray6.mat using Guid(1aa329960fc39aa4490b3a9e7e965fa8) Importer(2089858483,0ecaa5967403d082aa24f35e1b516d23) [PhysX] Initialized MultithreadedTaskDispatcher with 8 workers.
 -> (artifact id: 'b280a607441a3b0037486c513ff332a7') in 0.015088 seconds
Number of updated asset objects reloaded before import = 0
Number of asset objects unloaded after import = 1
========================================================================
Received Import Request.
  Time since last request: 0.000023 seconds.
  path: Assets/FishNet/Runtime/Transporting/Transports/Tugboat/Core/ServerSocket.cs
  artifactKey: Guid(5c6703e8024041e45ae92566123865ad) Importer(2089858483,0ecaa5967403d082aa24f35e1b516d23)
Start importing Assets/FishNet/Runtime/Transporting/Transports/Tugboat/Core/ServerSocket.cs using Guid(5c6703e8024041e45ae92566123865ad) Importer(2089858483,0ecaa5967403d082aa24f35e1b516d23) [PhysX] Initialized MultithreadedTaskDispatcher with 8 workers.
 -> (artifact id: '70c8801c53608406828f54737160cbc7') in 0.014693 seconds
Number of updated asset objects reloaded before import = 0
Number of asset objects unloaded after import = 1
========================================================================
Received Import Request.
  Time since last request: 0.000026 seconds.
  path: Assets/FishNet/Runtime/Generated/Component/Utility/Editor/DetachableNetworkTickSmootherEditor.cs
  artifactKey: Guid(342594fe005d75a4985e1a8ca218f822) Importer(2089858483,0ecaa5967403d082aa24f35e1b516d23)
Start importing Assets/FishNet/Runtime/Generated/Component/Utility/Editor/DetachableNetworkTickSmootherEditor.cs using Guid(342594fe005d75a4985e1a8ca218f822) Importer(2089858483,0ecaa5967403d082aa24f35e1b516d23) [PhysX] Initialized MultithreadedTaskDispatcher with 8 workers.
 -> (artifact id: '2337d3d16035c3282289179a85a603b1') in 0.012893 seconds
Number of updated asset objects reloaded before import = 0
Number of asset objects unloaded after import = 1
========================================================================
Received Import Request.
  Time since last request: 0.000030 seconds.
  path: Assets/FishNet/Runtime/Plugins/GameKit/Dependencies/Utilities/Colliders.cs
  artifactKey: Guid(29e69fa855dd3634d9e66313e7748db4) Importer(2089858483,0ecaa5967403d082aa24f35e1b516d23)
Start importing Assets/FishNet/Runtime/Plugins/GameKit/Dependencies/Utilities/Colliders.cs using Guid(29e69fa855dd3634d9e66313e7748db4) Importer(2089858483,0ecaa5967403d082aa24f35e1b516d23) [PhysX] Initialized MultithreadedTaskDispatcher with 8 workers.
 -> (artifact id: 'eadac4f62246b154c34f7df1ea9c468c') in 0.014504 seconds
Number of updated asset objects reloaded before import = 0
Number of asset objects unloaded after import = 1
========================================================================
Received Import Request.
  Time since last request: 0.000033 seconds.
  path: Assets/FishNet/Runtime/Transporting/Transports/Tugboat/Core/Supporting.cs
  artifactKey: Guid(80c810a1a6a8f3345bb48abfb75c804a) Importer(2089858483,0ecaa5967403d082aa24f35e1b516d23)
Start importing Assets/FishNet/Runtime/Transporting/Transports/Tugboat/Core/Supporting.cs using Guid(80c810a1a6a8f3345bb48abfb75c804a) Importer(2089858483,0ecaa5967403d082aa24f35e1b516d23) [PhysX] Initialized MultithreadedTaskDispatcher with 8 workers.
 -> (artifact id: '307bae64ff9581ba1688c7f4327e93d2') in 0.013061 seconds
Number of updated asset objects reloaded before import = 0
Number of asset objects unloaded after import = 1
========================================================================
Received Import Request.
  Time since last request: 0.000038 seconds.
  path: Assets/FishNet/Runtime/Plugins/GameKit/Dependencies/Utilities/WeightedRandom.cs
  artifactKey: Guid(daf7f2aaf711e2046a1996b15c58d0a7) Importer(2089858483,0ecaa5967403d082aa24f35e1b516d23)
Start importing Assets/FishNet/Runtime/Plugins/GameKit/Dependencies/Utilities/WeightedRandom.cs using Guid(daf7f2aaf711e2046a1996b15c58d0a7) Importer(2089858483,0ecaa5967403d082aa24f35e1b516d23) [PhysX] Initialized MultithreadedTaskDispatcher with 8 workers.
 -> (artifact id: 'ce8beae4c21a05a59cb503104e52f310') in 0.012482 seconds
Number of updated asset objects reloaded before import = 0
Number of asset objects unloaded after import = 1
========================================================================
Received Import Request.
  Time since last request: 0.000025 seconds.
  path: Assets/FishNet/Runtime/Plugins/ColliderRollback/Scripts/RollbackManager.Threaded.cs
  artifactKey: Guid(d26b760e7ad25ab409143779624d67c9) Importer(2089858483,0ecaa5967403d082aa24f35e1b516d23)
Start importing Assets/FishNet/Runtime/Plugins/ColliderRollback/Scripts/RollbackManager.Threaded.cs using Guid(d26b760e7ad25ab409143779624d67c9) Importer(2089858483,0ecaa5967403d082aa24f35e1b516d23) [PhysX] Initialized MultithreadedTaskDispatcher with 8 workers.
 -> (artifact id: 'e5668187201b87bd95f57224dcab0b63') in 0.013143 seconds
Number of updated asset objects reloaded before import = 0
Number of asset objects unloaded after import = 1
========================================================================
Received Import Request.
  Time since last request: 0.000025 seconds.
  path: Assets/FishNet/Runtime/Plugins/ColliderRollback/Scripts/RollbackManager.cs
  artifactKey: Guid(b185516acd802904383e2a5f1a666750) Importer(2089858483,0ecaa5967403d082aa24f35e1b516d23)
Start importing Assets/FishNet/Runtime/Plugins/ColliderRollback/Scripts/RollbackManager.cs using Guid(b185516acd802904383e2a5f1a666750) Importer(2089858483,0ecaa5967403d082aa24f35e1b516d23) [PhysX] Initialized MultithreadedTaskDispatcher with 8 workers.
 -> (artifact id: '23ee8651c1c49de78d49ad08fa75e5c1') in 0.016389 seconds
Number of updated asset objects reloaded before import = 0
Number of asset objects unloaded after import = 2
========================================================================
Received Import Request.
  Time since last request: 0.000027 seconds.
  path: Assets/FishNet/Runtime/Plugins/GameKit/Dependencies/Utilities/EditorTools.cs
  artifactKey: Guid(dc822ae23a249704184fa571f551f9c8) Importer(2089858483,0ecaa5967403d082aa24f35e1b516d23)
Start importing Assets/FishNet/Runtime/Plugins/GameKit/Dependencies/Utilities/EditorTools.cs using Guid(dc822ae23a249704184fa571f551f9c8) Importer(2089858483,0ecaa5967403d082aa24f35e1b516d23) [PhysX] Initialized MultithreadedTaskDispatcher with 8 workers.
 -> (artifact id: '958be5dbcd1dab7160dd4f5922b260da') in 0.013942 seconds
Number of updated asset objects reloaded before import = 0
Number of asset objects unloaded after import = 1
========================================================================
Received Import Request.
  Time since last request: 0.000029 seconds.
  path: Assets/FishNet/Runtime/Plugins/GameKit/Dependencies/Utilities/Objects.cs
  artifactKey: Guid(4fa6d28a28dbf6b4295602abad3de328) Importer(2089858483,0ecaa5967403d082aa24f35e1b516d23)
Start importing Assets/FishNet/Runtime/Plugins/GameKit/Dependencies/Utilities/Objects.cs using Guid(4fa6d28a28dbf6b4295602abad3de328) Importer(2089858483,0ecaa5967403d082aa24f35e1b516d23) [PhysX] Initialized MultithreadedTaskDispatcher with 8 workers.
 -> (artifact id: '93b89aaf8e5fa0a8ef69534b6951e9bc') in 0.014854 seconds
Number of updated asset objects reloaded before import = 0
Number of asset objects unloaded after import = 1
========================================================================
Received Import Request.
  Time since last request: 0.000024 seconds.
  path: Assets/FishNet/Runtime/Plugins/GameKit/Dependencies/Utilities/Arrays.cs
  artifactKey: Guid(1b93eae9ff81b3e4b892128ca4b392ed) Importer(2089858483,0ecaa5967403d082aa24f35e1b516d23)
Start importing Assets/FishNet/Runtime/Plugins/GameKit/Dependencies/Utilities/Arrays.cs using Guid(1b93eae9ff81b3e4b892128ca4b392ed) Importer(2089858483,0ecaa5967403d082aa24f35e1b516d23) [PhysX] Initialized MultithreadedTaskDispatcher with 8 workers.
 -> (artifact id: 'f26b70cd9dd7eeebf7c25c7ce6beb22e') in 0.014498 seconds
Number of updated asset objects reloaded before import = 0
Number of asset objects unloaded after import = 1
========================================================================
Received Import Request.
  Time since last request: 0.000049 seconds.
  path: Assets/FishNet/Runtime/Transporting/Transports/Tugboat/Tugboat.cs
  artifactKey: Guid(6f48f002b825cbd45a19bd96d90f9edb) Importer(2089858483,0ecaa5967403d082aa24f35e1b516d23)
Start importing Assets/FishNet/Runtime/Transporting/Transports/Tugboat/Tugboat.cs using Guid(6f48f002b825cbd45a19bd96d90f9edb) Importer(2089858483,0ecaa5967403d082aa24f35e1b516d23) [PhysX] Initialized MultithreadedTaskDispatcher with 8 workers.
 -> (artifact id: '3d9c81caac29dfabf3f38ba168e76522') in 0.012975 seconds
Number of updated asset objects reloaded before import = 0
Number of asset objects unloaded after import = 2
========================================================================
Received Import Request.
  Time since last request: 0.000025 seconds.
  path: Assets/FishNet/Demos/ColliderRollback/Models/Weapons/Materials/Gray4.mat
  artifactKey: Guid(36f616b823d57714b97b12b9319c9db9) Importer(2089858483,0ecaa5967403d082aa24f35e1b516d23)
Start importing Assets/FishNet/Demos/ColliderRollback/Models/Weapons/Materials/Gray4.mat using Guid(36f616b823d57714b97b12b9319c9db9) Importer(2089858483,0ecaa5967403d082aa24f35e1b516d23) [PhysX] Initialized MultithreadedTaskDispatcher with 8 workers.
 -> (artifact id: '79b5d36788fc4d5957455b39d43344a4') in 0.016780 seconds
Number of updated asset objects reloaded before import = 0
Number of asset objects unloaded after import = 1
========================================================================
Received Import Request.
  Time since last request: 0.000023 seconds.
  path: Assets/FishNet/Runtime/Transporting/Transports/Tugboat/LiteNetLib/BaseChannel.cs
  artifactKey: Guid(70b7c357a9f57f5479c5d94550d26280) Importer(2089858483,0ecaa5967403d082aa24f35e1b516d23)
Start importing Assets/FishNet/Runtime/Transporting/Transports/Tugboat/LiteNetLib/BaseChannel.cs using Guid(70b7c357a9f57f5479c5d94550d26280) Importer(2089858483,0ecaa5967403d082aa24f35e1b516d23) [PhysX] Initialized MultithreadedTaskDispatcher with 8 workers.
 -> (artifact id: '3668af2a1fd8546d263f81968369d3d2') in 0.011991 seconds
Number of updated asset objects reloaded before import = 0
Number of asset objects unloaded after import = 1
========================================================================
Received Import Request.
  Time since last request: 0.000022 seconds.
  path: Assets/FishNet/Runtime/Plugins/GameKit/Dependencies/Editor/PlaceholderAttributes.cs
  artifactKey: Guid(8d18dbd89f49c7a4888bbc0e330675a9) Importer(2089858483,0ecaa5967403d082aa24f35e1b516d23)
Start importing Assets/FishNet/Runtime/Plugins/GameKit/Dependencies/Editor/PlaceholderAttributes.cs using Guid(8d18dbd89f49c7a4888bbc0e330675a9) Importer(2089858483,0ecaa5967403d082aa24f35e1b516d23) [PhysX] Initialized MultithreadedTaskDispatcher with 8 workers.
 -> (artifact id: '4c9c8e740761cadbe66c23344900fe6b') in 0.011085 seconds
Number of updated asset objects reloaded before import = 0
Number of asset objects unloaded after import = 1
========================================================================
Received Import Request.
  Time since last request: 0.000030 seconds.
  path: Assets/FishNet/Runtime/Transporting/Transports/Tugboat/Core/CommonSocket.cs
  artifactKey: Guid(329169cdf51866c43a8c42e8aeb291fb) Importer(2089858483,0ecaa5967403d082aa24f35e1b516d23)
Start importing Assets/FishNet/Runtime/Transporting/Transports/Tugboat/Core/CommonSocket.cs using Guid(329169cdf51866c43a8c42e8aeb291fb) Importer(2089858483,0ecaa5967403d082aa24f35e1b516d23) [PhysX] Initialized MultithreadedTaskDispatcher with 8 workers.
 -> (artifact id: '3a2254da0f35ce82f418c17717997583') in 0.013248 seconds
Number of updated asset objects reloaded before import = 0
Number of asset objects unloaded after import = 1
========================================================================
Received Import Request.
  Time since last request: 0.000025 seconds.
  path: Assets/FishNet/Runtime/Plugins/GameKit/Dependencies/Utilities/LayoutGroups.cs
  artifactKey: Guid(e330113395c59ca4dba5de001e010f08) Importer(2089858483,0ecaa5967403d082aa24f35e1b516d23)
Start importing Assets/FishNet/Runtime/Plugins/GameKit/Dependencies/Utilities/LayoutGroups.cs using Guid(e330113395c59ca4dba5de001e010f08) Importer(2089858483,0ecaa5967403d082aa24f35e1b516d23) [PhysX] Initialized MultithreadedTaskDispatcher with 8 workers.
 -> (artifact id: '466ed302782e4b6772642d6bcf5a2d09') in 0.013055 seconds
Number of updated asset objects reloaded before import = 0
Number of asset objects unloaded after import = 1
========================================================================
Received Import Request.
  Time since last request: 0.000027 seconds.
  path: Assets/FishNet/Runtime/Managing/Scened/LoadUnloadDatas/SceneUnloadData.cs
  artifactKey: Guid(77cbfeea232e4ab44a4315b003ce6742) Importer(2089858483,0ecaa5967403d082aa24f35e1b516d23)
Start importing Assets/FishNet/Runtime/Managing/Scened/LoadUnloadDatas/SceneUnloadData.cs using Guid(77cbfeea232e4ab44a4315b003ce6742) Importer(2089858483,0ecaa5967403d082aa24f35e1b516d23) [PhysX] Initialized MultithreadedTaskDispatcher with 8 workers.
 -> (artifact id: '2109c48da425e43b798f49d973cd1660') in 0.015981 seconds
Number of updated asset objects reloaded before import = 0
Number of asset objects unloaded after import = 1
========================================================================
Received Import Request.
  Time since last request: 0.000034 seconds.
  path: Assets/FishNet/Runtime/Observing/Conditions/ScriptableObjects/SceneCondition.asset
  artifactKey: Guid(2033f54fd2794464bae08fa5a55c8996) Importer(2089858483,0ecaa5967403d082aa24f35e1b516d23)
Start importing Assets/FishNet/Runtime/Observing/Conditions/ScriptableObjects/SceneCondition.asset using Guid(2033f54fd2794464bae08fa5a55c8996) Importer(2089858483,0ecaa5967403d082aa24f35e1b516d23) [PhysX] Initialized MultithreadedTaskDispatcher with 8 workers.
 -> (artifact id: 'd067f48f083d6baaa67e25489bfdf553') in 0.016105 seconds
Number of updated asset objects reloaded before import = 0
Number of asset objects unloaded after import = 1
========================================================================
Received Import Request.
  Time since last request: 0.000042 seconds.
  path: Assets/FishNet/Demos/Benchmarks/NetworkTransform/Scripts/PrefabSpawner.cs
  artifactKey: Guid(3e21cdbd259430f4ea77e1f3a6c88fc4) Importer(2089858483,0ecaa5967403d082aa24f35e1b516d23)
Start importing Assets/FishNet/Demos/Benchmarks/NetworkTransform/Scripts/PrefabSpawner.cs using Guid(3e21cdbd259430f4ea77e1f3a6c88fc4) Importer(2089858483,0ecaa5967403d082aa24f35e1b516d23) [PhysX] Initialized MultithreadedTaskDispatcher with 8 workers.
 -> (artifact id: '1bc52ad478182549a15e6393d3802e55') in 0.013209 seconds
Number of updated asset objects reloaded before import = 0
Number of asset objects unloaded after import = 1
========================================================================
Received Import Request.
  Time since last request: 0.000024 seconds.
  path: Assets/FishNet/Demos/SceneManager/Additive Scenes/Scenes/AdditiveScenes_0/ReflectionProbe-0.exr
  artifactKey: Guid(8f9333d1d50759749b86feeaf8c086f3) Importer(2089858483,0ecaa5967403d082aa24f35e1b516d23)
Start importing Assets/FishNet/Demos/SceneManager/Additive Scenes/Scenes/AdditiveScenes_0/ReflectionProbe-0.exr using Guid(8f9333d1d50759749b86feeaf8c086f3) Importer(2089858483,0ecaa5967403d082aa24f35e1b516d23) [PhysX] Initialized MultithreadedTaskDispatcher with 8 workers.
 -> (artifact id: 'e39842e6843d37fd6848e69aaa9ffefe') in 0.031764 seconds
Number of updated asset objects reloaded before import = 0
Number of asset objects unloaded after import = 1
========================================================================
Received Import Request.
  Time since last request: 0.000025 seconds.
  path: Assets/FishNet/Runtime/Transporting/Transports/Tugboat/LiteNetLib/Utils/NtpPacket.cs
  artifactKey: Guid(daf31cf4ab8132943b2c8ca301fc919a) Importer(2089858483,0ecaa5967403d082aa24f35e1b516d23)
Start importing Assets/FishNet/Runtime/Transporting/Transports/Tugboat/LiteNetLib/Utils/NtpPacket.cs using Guid(daf31cf4ab8132943b2c8ca301fc919a) Importer(2089858483,0ecaa5967403d082aa24f35e1b516d23) [PhysX] Initialized MultithreadedTaskDispatcher with 8 workers.
 -> (artifact id: '3d3a22b8cd784c879bb1d1c84c3cf1e2') in 0.014159 seconds
Number of updated asset objects reloaded before import = 0
Number of asset objects unloaded after import = 1
========================================================================
Received Import Request.
  Time since last request: 0.000032 seconds.
  path: Assets/FishNet/Runtime/Transporting/Transports/Tugboat/LiteNetLib/NetManager.PacketPool.cs
  artifactKey: Guid(d384bada29340e542945f001cad348ac) Importer(2089858483,0ecaa5967403d082aa24f35e1b516d23)
Start importing Assets/FishNet/Runtime/Transporting/Transports/Tugboat/LiteNetLib/NetManager.PacketPool.cs using Guid(d384bada29340e542945f001cad348ac) Importer(2089858483,0ecaa5967403d082aa24f35e1b516d23) [PhysX] Initialized MultithreadedTaskDispatcher with 8 workers.
 -> (artifact id: 'dddd28a7299ffec67e6c5f985b0c9894') in 0.014152 seconds
Number of updated asset objects reloaded before import = 0
Number of asset objects unloaded after import = 1
========================================================================
Received Import Request.
  Time since last request: 0.000025 seconds.
  path: Assets/FishNet/Runtime/Plugins/GameKit/Dependencies/Utilities/Types/CanvasGroupFader.cs
  artifactKey: Guid(6aa7bd78c33474948b74e3c7a1d97454) Importer(2089858483,0ecaa5967403d082aa24f35e1b516d23)
Start importing Assets/FishNet/Runtime/Plugins/GameKit/Dependencies/Utilities/Types/CanvasGroupFader.cs using Guid(6aa7bd78c33474948b74e3c7a1d97454) Importer(2089858483,0ecaa5967403d082aa24f35e1b516d23) [PhysX] Initialized MultithreadedTaskDispatcher with 8 workers.
 -> (artifact id: '77834d73d5a353020879df67f993a8f7') in 0.014873 seconds
Number of updated asset objects reloaded before import = 0
Number of asset objects unloaded after import = 1
========================================================================
Received Import Request.
  Time since last request: 0.000028 seconds.
  path: Assets/FishNet/Runtime/Plugins/GameKit/Dependencies/Utilities/Types/UIntRange.cs
  artifactKey: Guid(f67169fcc3392b849939473e4e86b6f4) Importer(2089858483,0ecaa5967403d082aa24f35e1b516d23)
Start importing Assets/FishNet/Runtime/Plugins/GameKit/Dependencies/Utilities/Types/UIntRange.cs using Guid(f67169fcc3392b849939473e4e86b6f4) Importer(2089858483,0ecaa5967403d082aa24f35e1b516d23) [PhysX] Initialized MultithreadedTaskDispatcher with 8 workers.
 -> (artifact id: '5829e1a178584ec758c880e3920df03f') in 0.013698 seconds
Number of updated asset objects reloaded before import = 0
Number of asset objects unloaded after import = 1
========================================================================
Received Import Request.
  Time since last request: 0.000028 seconds.
  path: Assets/FishNet/Runtime/Transporting/Transports/Tugboat/LiteNetLib/Utils/INetSerializable.cs
  artifactKey: Guid(c26b17a74d3fb8b498fc89d253f1742a) Importer(2089858483,0ecaa5967403d082aa24f35e1b516d23)
Start importing Assets/FishNet/Runtime/Transporting/Transports/Tugboat/LiteNetLib/Utils/INetSerializable.cs using Guid(c26b17a74d3fb8b498fc89d253f1742a) Importer(2089858483,0ecaa5967403d082aa24f35e1b516d23) [PhysX] Initialized MultithreadedTaskDispatcher with 8 workers.
 -> (artifact id: 'e19258e57bb564f8eb6e704ee318b82f') in 0.014650 seconds
Number of updated asset objects reloaded before import = 0
Number of asset objects unloaded after import = 1
========================================================================
Received Import Request.
  Time since last request: 0.000022 seconds.
  path: Assets/FishNet/Runtime/Transporting/Transports/Tugboat/LiteNetLib/Layers/XorEncryptLayer.cs
  artifactKey: Guid(fb37499ecdd1ce145b0bcaf4b4f0279e) Importer(2089858483,0ecaa5967403d082aa24f35e1b516d23)
Start importing Assets/FishNet/Runtime/Transporting/Transports/Tugboat/LiteNetLib/Layers/XorEncryptLayer.cs using Guid(fb37499ecdd1ce145b0bcaf4b4f0279e) Importer(2089858483,0ecaa5967403d082aa24f35e1b516d23) [PhysX] Initialized MultithreadedTaskDispatcher with 8 workers.
 -> (artifact id: 'f383850d33311bb10d92b4a3673aa859') in 0.014222 seconds
Number of updated asset objects reloaded before import = 0
Number of asset objects unloaded after import = 1
========================================================================
Received Import Request.
  Time since last request: 0.000035 seconds.
  path: Assets/FishNet/Runtime/Transporting/Transports/Tugboat/LiteNetLib/Utils/Preserve.cs
  artifactKey: Guid(c1036adeea398ef48b307b909966d955) Importer(2089858483,0ecaa5967403d082aa24f35e1b516d23)
Start importing Assets/FishNet/Runtime/Transporting/Transports/Tugboat/LiteNetLib/Utils/Preserve.cs using Guid(c1036adeea398ef48b307b909966d955) Importer(2089858483,0ecaa5967403d082aa24f35e1b516d23) [PhysX] Initialized MultithreadedTaskDispatcher with 8 workers.
 -> (artifact id: '6da41feb35c8cd15b0ea98412ed088b8') in 0.015964 seconds
Number of updated asset objects reloaded before import = 0
Number of asset objects unloaded after import = 1
========================================================================
Received Import Request.
  Time since last request: 0.000060 seconds.
  path: Assets/FishNet/Runtime/Transporting/Transports/Tugboat/LiteNetLib/Utils/NetPacketProcessor.cs
  artifactKey: Guid(f0d5a653362556943a36db010a601057) Importer(2089858483,0ecaa5967403d082aa24f35e1b516d23)
Start importing Assets/FishNet/Runtime/Transporting/Transports/Tugboat/LiteNetLib/Utils/NetPacketProcessor.cs using Guid(f0d5a653362556943a36db010a601057) Importer(2089858483,0ecaa5967403d082aa24f35e1b516d23) [PhysX] Initialized MultithreadedTaskDispatcher with 8 workers.
 -> (artifact id: '7d2193c5a8840fd23d030a4e8c388ef6') in 0.013945 seconds
Number of updated asset objects reloaded before import = 0
Number of asset objects unloaded after import = 1
========================================================================
Received Import Request.
  Time since last request: 0.000025 seconds.
  path: Assets/FishNet/Runtime/Plugins/GameKit/Dependencies/Utilities/Types/TimedOperation.cs
  artifactKey: Guid(a8ab7253f5bacb94798c4cf15852a66b) Importer(2089858483,0ecaa5967403d082aa24f35e1b516d23)
Start importing Assets/FishNet/Runtime/Plugins/GameKit/Dependencies/Utilities/Types/TimedOperation.cs using Guid(a8ab7253f5bacb94798c4cf15852a66b) Importer(2089858483,0ecaa5967403d082aa24f35e1b516d23) [PhysX] Initialized MultithreadedTaskDispatcher with 8 workers.
 -> (artifact id: 'c4e2cd0d1945b522f63e4254984a9b69') in 0.014310 seconds
Number of updated asset objects reloaded before import = 0
Number of asset objects unloaded after import = 1
========================================================================
Received Import Request.
  Time since last request: 0.000026 seconds.
  path: Assets/FishNet/Runtime/Plugins/GameKit/Dependencies/Utilities/Types/Canvases/FloatingOptions.cs
  artifactKey: Guid(cbc5b08db621303449f60b59f56eac92) Importer(2089858483,0ecaa5967403d082aa24f35e1b516d23)
Start importing Assets/FishNet/Runtime/Plugins/GameKit/Dependencies/Utilities/Types/Canvases/FloatingOptions.cs using Guid(cbc5b08db621303449f60b59f56eac92) Importer(2089858483,0ecaa5967403d082aa24f35e1b516d23) [PhysX] Initialized MultithreadedTaskDispatcher with 8 workers.
 -> (artifact id: 'd423f4e639a2096ec7ea81a30e5a7d42') in 0.014135 seconds
Number of updated asset objects reloaded before import = 0
Number of asset objects unloaded after import = 1
========================================================================
Received Import Request.
  Time since last request: 0.000033 seconds.
  path: Assets/FishNet/Runtime/Transporting/Transports/Tugboat/LiteNetLib/NetUtils.cs
  artifactKey: Guid(ab6438405a73f8c46ac22cd2f259a0e2) Importer(2089858483,0ecaa5967403d082aa24f35e1b516d23)
Start importing Assets/FishNet/Runtime/Transporting/Transports/Tugboat/LiteNetLib/NetUtils.cs using Guid(ab6438405a73f8c46ac22cd2f259a0e2) Importer(2089858483,0ecaa5967403d082aa24f35e1b516d23) [PhysX] Initialized MultithreadedTaskDispatcher with 8 workers.
 -> (artifact id: '83b09772a38f1a702269baa09699a3c2') in 0.013269 seconds
Number of updated asset objects reloaded before import = 0
Number of asset objects unloaded after import = 1
========================================================================
Received Import Request.
  Time since last request: 0.000039 seconds.
  path: Assets/FishNet/Runtime/Transporting/Transports/Tugboat/LiteNetLib/NativeSocket.cs
  artifactKey: Guid(12cfcf4490f2b8f4db979ee833ecf5af) Importer(2089858483,0ecaa5967403d082aa24f35e1b516d23)
Start importing Assets/FishNet/Runtime/Transporting/Transports/Tugboat/LiteNetLib/NativeSocket.cs using Guid(12cfcf4490f2b8f4db979ee833ecf5af) Importer(2089858483,0ecaa5967403d082aa24f35e1b516d23) [PhysX] Initialized MultithreadedTaskDispatcher with 8 workers.
 -> (artifact id: '0e9afefa65bcee15ca265783f8c17f99') in 0.011690 seconds
Number of updated asset objects reloaded before import = 0
Number of asset objects unloaded after import = 1
========================================================================
Received Import Request.
  Time since last request: 0.000031 seconds.
  path: Assets/FishNet/Runtime/Transporting/Transports/Tugboat/LiteNetLib/Utils/NtpRequest.cs
  artifactKey: Guid(c3fa3bfbb02dd944e939070e3cf0638c) Importer(2089858483,0ecaa5967403d082aa24f35e1b516d23)
Start importing Assets/FishNet/Runtime/Transporting/Transports/Tugboat/LiteNetLib/Utils/NtpRequest.cs using Guid(c3fa3bfbb02dd944e939070e3cf0638c) Importer(2089858483,0ecaa5967403d082aa24f35e1b516d23) [PhysX] Initialized MultithreadedTaskDispatcher with 8 workers.
 -> (artifact id: '75fe85e2c4eb5c348dfc66dd693c351b') in 0.012900 seconds
Number of updated asset objects reloaded before import = 0
Number of asset objects unloaded after import = 1
========================================================================
Received Import Request.
  Time since last request: 0.000027 seconds.
  path: Assets/FishNet/Runtime/Transporting/Transports/Tugboat/LiteNetLib/PausedSocketFix.cs
  artifactKey: Guid(85ea50adb87db074c9a1c587f35aebb2) Importer(2089858483,0ecaa5967403d082aa24f35e1b516d23)
Start importing Assets/FishNet/Runtime/Transporting/Transports/Tugboat/LiteNetLib/PausedSocketFix.cs using Guid(85ea50adb87db074c9a1c587f35aebb2) Importer(2089858483,0ecaa5967403d082aa24f35e1b516d23) [PhysX] Initialized MultithreadedTaskDispatcher with 8 workers.
 -> (artifact id: 'b8fe386fe3b3d3e545aa8a5b61998daf') in 0.013902 seconds
Number of updated asset objects reloaded before import = 0
Number of asset objects unloaded after import = 1
========================================================================
Received Import Request.
  Time since last request: 0.000026 seconds.
  path: Assets/FishNet/Runtime/Plugins/GameKit/Dependencies/Utilities/Types/Canvases/OptionButton.cs
  artifactKey: Guid(22d4118a529704b49858d02b956dc48d) Importer(2089858483,0ecaa5967403d082aa24f35e1b516d23)
Start importing Assets/FishNet/Runtime/Plugins/GameKit/Dependencies/Utilities/Types/Canvases/OptionButton.cs using Guid(22d4118a529704b49858d02b956dc48d) Importer(2089858483,0ecaa5967403d082aa24f35e1b516d23) [PhysX] Initialized MultithreadedTaskDispatcher with 8 workers.
 -> (artifact id: 'a9d03135fbd7d539a7a34a63d61cd8bc') in 0.013591 seconds
Number of updated asset objects reloaded before import = 0
Number of asset objects unloaded after import = 1
========================================================================
Received Import Request.
  Time since last request: 0.000022 seconds.
  path: Assets/FishNet/Runtime/Transporting/Transports/Tugboat/LiteNetLib/Utils/NetDataWriter.cs
  artifactKey: Guid(bb3b55fb59ddd9044b1fd56b8543053b) Importer(2089858483,0ecaa5967403d082aa24f35e1b516d23)
Start importing Assets/FishNet/Runtime/Transporting/Transports/Tugboat/LiteNetLib/Utils/NetDataWriter.cs using Guid(bb3b55fb59ddd9044b1fd56b8543053b) Importer(2089858483,0ecaa5967403d082aa24f35e1b516d23) [PhysX] Initialized MultithreadedTaskDispatcher with 8 workers.
 -> (artifact id: 'b85cf694481971af116eeaa79ef35d73') in 0.012674 seconds
Number of updated asset objects reloaded before import = 0
Number of asset objects unloaded after import = 1
========================================================================
Received Import Request.
  Time since last request: 0.000105 seconds.
  path: Assets/FishNet/Runtime/Transporting/Transports/Tugboat/LiteNetLib/Utils/CRC32C.cs
  artifactKey: Guid(912ba506b0945b743be5c4129177024c) Importer(2089858483,0ecaa5967403d082aa24f35e1b516d23)
Start importing Assets/FishNet/Runtime/Transporting/Transports/Tugboat/LiteNetLib/Utils/CRC32C.cs using Guid(912ba506b0945b743be5c4129177024c) Importer(2089858483,0ecaa5967403d082aa24f35e1b516d23) [PhysX] Initialized MultithreadedTaskDispatcher with 8 workers.
 -> (artifact id: 'a5a539c1de37b14cb09ffc7d81a345e8') in 0.015224 seconds
Number of updated asset objects reloaded before import = 0
Number of asset objects unloaded after import = 1
========================================================================
Received Import Request.
  Time since last request: 0.000024 seconds.
  path: Assets/FishNet/Runtime/Plugins/GameKit/Dependencies/Utilities/Types/Canvases/CanvasTracker.cs
  artifactKey: Guid(bd8ee85ef5b290246b270cefc7f018ca) Importer(2089858483,0ecaa5967403d082aa24f35e1b516d23)
Start importing Assets/FishNet/Runtime/Plugins/GameKit/Dependencies/Utilities/Types/Canvases/CanvasTracker.cs using Guid(bd8ee85ef5b290246b270cefc7f018ca) Importer(2089858483,0ecaa5967403d082aa24f35e1b516d23) [PhysX] Initialized MultithreadedTaskDispatcher with 8 workers.
 -> (artifact id: '9794d6cc59ff3ec40ae40d1ff376881f') in 0.013934 seconds
Number of updated asset objects reloaded before import = 0
Number of asset objects unloaded after import = 1
========================================================================
Received Import Request.
  Time since last request: 0.000060 seconds.
  path: Assets/FishNet/Runtime/Plugins/GameKit/Dependencies/Utilities/Types/RingBuffer.cs
  artifactKey: Guid(4398caa06d4585440822752ab3424be0) Importer(2089858483,0ecaa5967403d082aa24f35e1b516d23)
Start importing Assets/FishNet/Runtime/Plugins/GameKit/Dependencies/Utilities/Types/RingBuffer.cs using Guid(4398caa06d4585440822752ab3424be0) Importer(2089858483,0ecaa5967403d082aa24f35e1b516d23) [PhysX] Initialized MultithreadedTaskDispatcher with 8 workers.
 -> (artifact id: '5fd3ae8e496f83348c115f23d0ddf035') in 0.012714 seconds
Number of updated asset objects reloaded before import = 0
Number of asset objects unloaded after import = 1
========================================================================
Received Import Request.
  Time since last request: 0.000027 seconds.
  path: Assets/FishNet/Runtime/Plugins/GameKit/Dependencies/Utilities/Types/Canvases/ImageOptionButton.cs
  artifactKey: Guid(2fee1d5cad375e84eaab6a4cd1d6e915) Importer(2089858483,0ecaa5967403d082aa24f35e1b516d23)
Start importing Assets/FishNet/Runtime/Plugins/GameKit/Dependencies/Utilities/Types/Canvases/ImageOptionButton.cs using Guid(2fee1d5cad375e84eaab6a4cd1d6e915) Importer(2089858483,0ecaa5967403d082aa24f35e1b516d23) [PhysX] Initialized MultithreadedTaskDispatcher with 8 workers.
 -> (artifact id: 'b343680b2e8e9c06dcbc57c07369d638') in 0.013892 seconds
Number of updated asset objects reloaded before import = 0
Number of asset objects unloaded after import = 1
========================================================================
Received Import Request.
  Time since last request: 0.000265 seconds.
  path: Assets/FishNet/Runtime/Transporting/Transports/Tugboat/LiteNetLib/NetManager.HashSet.cs
  artifactKey: Guid(a3dad2c47fd51d14fbb281bf3cb231e4) Importer(2089858483,0ecaa5967403d082aa24f35e1b516d23)
Start importing Assets/FishNet/Runtime/Transporting/Transports/Tugboat/LiteNetLib/NetManager.HashSet.cs using Guid(a3dad2c47fd51d14fbb281bf3cb231e4) Importer(2089858483,0ecaa5967403d082aa24f35e1b516d23) [PhysX] Initialized MultithreadedTaskDispatcher with 8 workers.
 -> (artifact id: '991c64f38a8762bf07371c0f88011deb') in 0.013742 seconds
Number of updated asset objects reloaded before import = 0
Number of asset objects unloaded after import = 1
========================================================================
Received Import Request.
  Time since last request: 0.000026 seconds.
  path: Assets/FishNet/Runtime/Plugins/GameKit/Dependencies/Utilities/Types/Canvases/FloatingImage.cs
  artifactKey: Guid(2169e34ec7dd63a4e99b5cc89fd0e966) Importer(2089858483,0ecaa5967403d082aa24f35e1b516d23)
Start importing Assets/FishNet/Runtime/Plugins/GameKit/Dependencies/Utilities/Types/Canvases/FloatingImage.cs using Guid(2169e34ec7dd63a4e99b5cc89fd0e966) Importer(2089858483,0ecaa5967403d082aa24f35e1b516d23) [PhysX] Initialized MultithreadedTaskDispatcher with 8 workers.
 -> (artifact id: '1e80ceb5f03058f831270a060eb9c17d') in 0.013318 seconds
Number of updated asset objects reloaded before import = 0
Number of asset objects unloaded after import = 1
========================================================================
Received Import Request.
  Time since last request: 0.000048 seconds.
  path: Assets/FishNet/Runtime/Plugins/GameKit/Dependencies/Utilities/Types/Canvases/ResizableContainer.cs
  artifactKey: Guid(5764e627642cf5643a3f4518d450840e) Importer(2089858483,0ecaa5967403d082aa24f35e1b516d23)
Start importing Assets/FishNet/Runtime/Plugins/GameKit/Dependencies/Utilities/Types/Canvases/ResizableContainer.cs using Guid(5764e627642cf5643a3f4518d450840e) Importer(2089858483,0ecaa5967403d082aa24f35e1b516d23) [PhysX] Initialized MultithreadedTaskDispatcher with 8 workers.
 -> (artifact id: 'a58cf9a98b0c0f2d76913f1340257531') in 0.011996 seconds
Number of updated asset objects reloaded before import = 0
Number of asset objects unloaded after import = 1
========================================================================
Received Import Request.
  Time since last request: 0.000024 seconds.
  path: Assets/FishNet/Runtime/Plugins/GameKit/Dependencies/Utilities/Types/Canvases/RectTransformResizer.cs
  artifactKey: Guid(c4b4655d59b39584faed638f43d4d287) Importer(2089858483,0ecaa5967403d082aa24f35e1b516d23)
Start importing Assets/FishNet/Runtime/Plugins/GameKit/Dependencies/Utilities/Types/Canvases/RectTransformResizer.cs using Guid(c4b4655d59b39584faed638f43d4d287) Importer(2089858483,0ecaa5967403d082aa24f35e1b516d23) [PhysX] Initialized MultithreadedTaskDispatcher with 8 workers.
 -> (artifact id: '0b76d4510dd54e58b64020ebcbc7005b') in 0.012705 seconds
Number of updated asset objects reloaded before import = 0
Number of asset objects unloaded after import = 1
========================================================================
Received Import Request.
  Time since last request: 0.000026 seconds.
  path: Assets/FishNet/Runtime/Transporting/Transports/Tugboat/LiteNetLib/Utils/NetDataReader.cs
  artifactKey: Guid(2876e12b475627f448ca5a6850748bc3) Importer(2089858483,0ecaa5967403d082aa24f35e1b516d23)
Start importing Assets/FishNet/Runtime/Transporting/Transports/Tugboat/LiteNetLib/Utils/NetDataReader.cs using Guid(2876e12b475627f448ca5a6850748bc3) Importer(2089858483,0ecaa5967403d082aa24f35e1b516d23) [PhysX] Initialized MultithreadedTaskDispatcher with 8 workers.
 -> (artifact id: '8402715b4bfa82f3dbf0565870a06d50') in 0.014952 seconds
Number of updated asset objects reloaded before import = 0
Number of asset objects unloaded after import = 1
========================================================================
Received Import Request.
  Time since last request: 0.000033 seconds.
  path: Assets/FishNet/Runtime/Transporting/Transports/Tugboat/LiteNetLib/NetStatistics.cs
  artifactKey: Guid(15d4b62077bda58428b77d57fa4a9288) Importer(2089858483,0ecaa5967403d082aa24f35e1b516d23)
Start importing Assets/FishNet/Runtime/Transporting/Transports/Tugboat/LiteNetLib/NetStatistics.cs using Guid(15d4b62077bda58428b77d57fa4a9288) Importer(2089858483,0ecaa5967403d082aa24f35e1b516d23) [PhysX] Initialized MultithreadedTaskDispatcher with 8 workers.
 -> (artifact id: '04cac63283007f7700432ff50df6b57a') in 0.013456 seconds
Number of updated asset objects reloaded before import = 0
Number of asset objects unloaded after import = 1
========================================================================
Received Import Request.
  Time since last request: 0.000036 seconds.
  path: Assets/FishNet/Runtime/Plugins/GameKit/Dependencies/Utilities/Types/Canvases/ButtonData.cs
  artifactKey: Guid(1baacd2a6a8a0e94b897c6b7176c7000) Importer(2089858483,0ecaa5967403d082aa24f35e1b516d23)
Start importing Assets/FishNet/Runtime/Plugins/GameKit/Dependencies/Utilities/Types/Canvases/ButtonData.cs using Guid(1baacd2a6a8a0e94b897c6b7176c7000) Importer(2089858483,0ecaa5967403d082aa24f35e1b516d23) [PhysX] Initialized MultithreadedTaskDispatcher with 8 workers.
 -> (artifact id: '97c6f7771c447f07fb07c9b6aedee3f3') in 0.012961 seconds
Number of updated asset objects reloaded before import = 0
Number of asset objects unloaded after import = 1
========================================================================
Received Import Request.
  Time since last request: 0.000024 seconds.
  path: Assets/FishNet/Runtime/Plugins/GameKit/Dependencies/Utilities/Types/FloatRange.cs
  artifactKey: Guid(35d4414338c0ab248a1b838402887ac0) Importer(2089858483,0ecaa5967403d082aa24f35e1b516d23)
Start importing Assets/FishNet/Runtime/Plugins/GameKit/Dependencies/Utilities/Types/FloatRange.cs using Guid(35d4414338c0ab248a1b838402887ac0) Importer(2089858483,0ecaa5967403d082aa24f35e1b516d23) [PhysX] Initialized MultithreadedTaskDispatcher with 8 workers.
 -> (artifact id: '326362a07e871282ae62701afc7184ab') in 0.014960 seconds
Number of updated asset objects reloaded before import = 0
Number of asset objects unloaded after import = 1
========================================================================
Received Import Request.
  Time since last request: 0.000026 seconds.
  path: Assets/FishNet/Runtime/Transporting/Transports/Tugboat/LiteNetLib/ReliableChannel.cs
  artifactKey: Guid(f7e20c169333af54fa233b0d70b19a61) Importer(2089858483,0ecaa5967403d082aa24f35e1b516d23)
Start importing Assets/FishNet/Runtime/Transporting/Transports/Tugboat/LiteNetLib/ReliableChannel.cs using Guid(f7e20c169333af54fa233b0d70b19a61) Importer(2089858483,0ecaa5967403d082aa24f35e1b516d23) [PhysX] Initialized MultithreadedTaskDispatcher with 8 workers.
 -> (artifact id: '5f517648772a1a0421b4552aba2e2b75') in 0.012750 seconds
Number of updated asset objects reloaded before import = 0
Number of asset objects unloaded after import = 1
========================================================================
Received Import Request.
  Time since last request: 0.000025 seconds.
  path: Assets/FishNet/Runtime/Transporting/Transports/Tugboat/LiteNetLib/package.json
  artifactKey: Guid(f46cc664b3dd2944a8b04542ecb07732) Importer(2089858483,0ecaa5967403d082aa24f35e1b516d23)
Start importing Assets/FishNet/Runtime/Transporting/Transports/Tugboat/LiteNetLib/package.json using Guid(f46cc664b3dd2944a8b04542ecb07732) Importer(2089858483,0ecaa5967403d082aa24f35e1b516d23) [PhysX] Initialized MultithreadedTaskDispatcher with 8 workers.
 -> (artifact id: '904a9611fc54d1279c9df228cf38abd3') in 0.010794 seconds
Number of updated asset objects reloaded before import = 0
Number of asset objects unloaded after import = 1
========================================================================
Received Import Request.
  Time since last request: 0.000039 seconds.
  path: Assets/FishNet/Runtime/Transporting/Transports/Tugboat/LiteNetLib/NetManager.Socket.cs
  artifactKey: Guid(9cc0423407df3e74a8e5a15dbbad2598) Importer(2089858483,0ecaa5967403d082aa24f35e1b516d23)
Start importing Assets/FishNet/Runtime/Transporting/Transports/Tugboat/LiteNetLib/NetManager.Socket.cs using Guid(9cc0423407df3e74a8e5a15dbbad2598) Importer(2089858483,0ecaa5967403d082aa24f35e1b516d23) [PhysX] Initialized MultithreadedTaskDispatcher with 8 workers.
 -> (artifact id: '360796d491442b0f032ba5032b3d0b85') in 0.012975 seconds
Number of updated asset objects reloaded before import = 0
Number of asset objects unloaded after import = 1
========================================================================
Received Import Request.
  Time since last request: 0.000037 seconds.
  path: Assets/FishNet/Runtime/Plugins/GameKit/Dependencies/Utilities/Particles.cs
  artifactKey: Guid(5f3d973dcfa06554998575e8eef0938a) Importer(2089858483,0ecaa5967403d082aa24f35e1b516d23)
Start importing Assets/FishNet/Runtime/Plugins/GameKit/Dependencies/Utilities/Particles.cs using Guid(5f3d973dcfa06554998575e8eef0938a) Importer(2089858483,0ecaa5967403d082aa24f35e1b516d23) [PhysX] Initialized MultithreadedTaskDispatcher with 8 workers.
 -> (artifact id: 'cfe63253a90742ae67ac9d2663fb1e8f') in 0.014394 seconds
Number of updated asset objects reloaded before import = 0
Number of asset objects unloaded after import = 1
========================================================================
Received Import Request.
  Time since last request: 0.000037 seconds.
  path: Assets/FishNet/Demos/SceneManager/Additive Scenes/Scenes/AdditiveScenes_0/LightingData.asset
  artifactKey: Guid(4bb692eb322f5154c996f4ae7d8d8bb2) Importer(2089858483,0ecaa5967403d082aa24f35e1b516d23)
Start importing Assets/FishNet/Demos/SceneManager/Additive Scenes/Scenes/AdditiveScenes_0/LightingData.asset using Guid(4bb692eb322f5154c996f4ae7d8d8bb2) Importer(2089858483,0ecaa5967403d082aa24f35e1b516d23) [PhysX] Initialized MultithreadedTaskDispatcher with 8 workers.
 -> (artifact id: '14cbefc603567cb4517c376f48e28cb8') in 0.018571 seconds
Number of updated asset objects reloaded before import = 0
Number of asset objects unloaded after import = 9
========================================================================
Received Import Request.
  Time since last request: 0.000022 seconds.
  path: Assets/FishNet/Runtime/Plugins/GameKit/Dependencies/Utilities/Types/ObjectPooling/Scripts/ListStack.cs
  artifactKey: Guid(5d88e910cb7436e44bf78505a26d77ed) Importer(2089858483,0ecaa5967403d082aa24f35e1b516d23)
Start importing Assets/FishNet/Runtime/Plugins/GameKit/Dependencies/Utilities/Types/ObjectPooling/Scripts/ListStack.cs using Guid(5d88e910cb7436e44bf78505a26d77ed) Importer(2089858483,0ecaa5967403d082aa24f35e1b516d23) [PhysX] Initialized MultithreadedTaskDispatcher with 8 workers.
 -> (artifact id: '89f143a41b35704306d5b213b02e5e1d') in 0.015032 seconds
Number of updated asset objects reloaded before import = 0
Number of asset objects unloaded after import = 1
========================================================================
Received Import Request.
  Time since last request: 0.000027 seconds.
  path: Assets/FishNet/Runtime/Plugins/GameKit/Dependencies/Utilities/Types/ObjectPooling/Demo/Scripts/Projectile.cs
  artifactKey: Guid(80e69d14230e52a45bba1fa6f40fd30c) Importer(2089858483,0ecaa5967403d082aa24f35e1b516d23)
Start importing Assets/FishNet/Runtime/Plugins/GameKit/Dependencies/Utilities/Types/ObjectPooling/Demo/Scripts/Projectile.cs using Guid(80e69d14230e52a45bba1fa6f40fd30c) Importer(2089858483,0ecaa5967403d082aa24f35e1b516d23) [PhysX] Initialized MultithreadedTaskDispatcher with 8 workers.
 -> (artifact id: '6371c41efcd46d341494a0173dc2233f') in 0.017562 seconds
Number of updated asset objects reloaded before import = 0
Number of asset objects unloaded after import = 1
========================================================================
Received Import Request.
  Time since last request: 0.000169 seconds.
  path: Assets/FishNet/Runtime/Plugins/GameKit/Dependencies/Utilities/Types/ObjectPooling/Demo/Scenes/ObjectPoolSettings.lighting
  artifactKey: Guid(531b927ada5215049a609a1d06225375) Importer(2089858483,0ecaa5967403d082aa24f35e1b516d23)
Start importing Assets/FishNet/Runtime/Plugins/GameKit/Dependencies/Utilities/Types/ObjectPooling/Demo/Scenes/ObjectPoolSettings.lighting using Guid(531b927ada5215049a609a1d06225375) Importer(2089858483,0ecaa5967403d082aa24f35e1b516d23) [PhysX] Initialized MultithreadedTaskDispatcher with 8 workers.
 -> (artifact id: 'a5565de68d5612eabe031606ba3f58a6') in 0.020288 seconds
Number of updated asset objects reloaded before import = 0
Number of asset objects unloaded after import = 1
========================================================================
Received Import Request.
  Time since last request: 0.000023 seconds.
  path: Assets/FishNet/Runtime/Plugins/GameKit/Dependencies/Utilities/Types/ObjectPooling/Demo/Scripts/ProjectileSpawner.cs
  artifactKey: Guid(19304078402371645ac157640b97d523) Importer(2089858483,0ecaa5967403d082aa24f35e1b516d23)
Start importing Assets/FishNet/Runtime/Plugins/GameKit/Dependencies/Utilities/Types/ObjectPooling/Demo/Scripts/ProjectileSpawner.cs using Guid(19304078402371645ac157640b97d523) Importer(2089858483,0ecaa5967403d082aa24f35e1b516d23) [PhysX] Initialized MultithreadedTaskDispatcher with 8 workers.
 -> (artifact id: '0bf926c0f859c5b916b8aacb29a7147e') in 0.014836 seconds
Number of updated asset objects reloaded before import = 0
Number of asset objects unloaded after import = 1
========================================================================
Received Import Request.
  Time since last request: 0.000031 seconds.
  path: Assets/FishNet/Runtime/Plugins/Yak/Core/ClientSocket.cs
  artifactKey: Guid(26269fe7187f5da4e957080519ea0f13) Importer(2089858483,0ecaa5967403d082aa24f35e1b516d23)
Start importing Assets/FishNet/Runtime/Plugins/Yak/Core/ClientSocket.cs using Guid(26269fe7187f5da4e957080519ea0f13) Importer(2089858483,0ecaa5967403d082aa24f35e1b516d23) [PhysX] Initialized MultithreadedTaskDispatcher with 8 workers.
 -> (artifact id: '1bdde689ed62dc8ae5d8b09ea917371e') in 0.014263 seconds
Number of updated asset objects reloaded before import = 0
Number of asset objects unloaded after import = 1
========================================================================
Received Import Request.
  Time since last request: 0.000031 seconds.
  path: Assets/FishNet/CodeGenerating/cecil-0.11.4/Mono.Cecil/TypeReferenceEqualityComparer.cs
  artifactKey: Guid(5e048a822386ae34ab1124eaf29e1d84) Importer(2089858483,0ecaa5967403d082aa24f35e1b516d23)
Start importing Assets/FishNet/CodeGenerating/cecil-0.11.4/Mono.Cecil/TypeReferenceEqualityComparer.cs using Guid(5e048a822386ae34ab1124eaf29e1d84) Importer(2089858483,0ecaa5967403d082aa24f35e1b516d23) [PhysX] Initialized MultithreadedTaskDispatcher with 8 workers.
 -> (artifact id: '0bd39bb33f20f412a2e12b33dfa1b0a8') in 0.015073 seconds
Number of updated asset objects reloaded before import = 0
Number of asset objects unloaded after import = 1
========================================================================
Received Import Request.
  Time since last request: 0.000041 seconds.
  path: Assets/FishNet/Runtime/Managing/Scened/SceneProcessorBase.cs
  artifactKey: Guid(de3f29952a63dc341a7542a1f898cb12) Importer(2089858483,0ecaa5967403d082aa24f35e1b516d23)
Start importing Assets/FishNet/Runtime/Managing/Scened/SceneProcessorBase.cs using Guid(de3f29952a63dc341a7542a1f898cb12) Importer(2089858483,0ecaa5967403d082aa24f35e1b516d23) [PhysX] Initialized MultithreadedTaskDispatcher with 8 workers.
 -> (artifact id: '3f10e788f996c812cf66d4e64d981d97') in 0.012993 seconds
Number of updated asset objects reloaded before import = 0
Number of asset objects unloaded after import = 1
========================================================================
Received Import Request.
  Time since last request: 0.000032 seconds.
  path: Assets/FishNet/CodeGenerating/cecil-0.11.4/rocks/Mono.Cecil.Rocks/TypeReferenceRocks.cs
  artifactKey: Guid(25d089a650c8e0f45a6f9086aaf0004a) Importer(2089858483,0ecaa5967403d082aa24f35e1b516d23)
Start importing Assets/FishNet/CodeGenerating/cecil-0.11.4/rocks/Mono.Cecil.Rocks/TypeReferenceRocks.cs using Guid(25d089a650c8e0f45a6f9086aaf0004a) Importer(2089858483,0ecaa5967403d082aa24f35e1b516d23) [PhysX] Initialized MultithreadedTaskDispatcher with 8 workers.
 -> (artifact id: '6f001ad0eca2e14f2065cf3ee6a121d6') in 0.012549 seconds
Number of updated asset objects reloaded before import = 0
Number of asset objects unloaded after import = 1
========================================================================
Received Import Request.
  Time since last request: 0.000028 seconds.
  path: Assets/FishNet/Runtime/Managing/Server/ClientConnectionBroadcast.cs
  artifactKey: Guid(a16b83a545be8f8488795783a0fc8648) Importer(2089858483,0ecaa5967403d082aa24f35e1b516d23)
Start importing Assets/FishNet/Runtime/Managing/Server/ClientConnectionBroadcast.cs using Guid(a16b83a545be8f8488795783a0fc8648) Importer(2089858483,0ecaa5967403d082aa24f35e1b516d23) [PhysX] Initialized MultithreadedTaskDispatcher with 8 workers.
 -> (artifact id: '3219d77996ccbfc397a8188cd11805a5') in 0.014253 seconds
Number of updated asset objects reloaded before import = 0
Number of asset objects unloaded after import = 1
========================================================================
Received Import Request.
  Time since last request: 0.000077 seconds.
  path: Assets/FishNet/Runtime/Serializing/Helping/QuaternionAutoPack.cs
  artifactKey: Guid(ae3125324bcaa3347ab27b1ebcd1270e) Importer(2089858483,0ecaa5967403d082aa24f35e1b516d23)
Start importing Assets/FishNet/Runtime/Serializing/Helping/QuaternionAutoPack.cs using Guid(ae3125324bcaa3347ab27b1ebcd1270e) Importer(2089858483,0ecaa5967403d082aa24f35e1b516d23) [PhysX] Initialized MultithreadedTaskDispatcher with 8 workers.
 -> (artifact id: 'e6b3b400330f7cc2aab7b5567cb4e22e') in 0.013337 seconds
Number of updated asset objects reloaded before import = 0
Number of asset objects unloaded after import = 1
========================================================================
Received Import Request.
  Time since last request: 0.000023 seconds.
  path: Assets/FishNet/Runtime/Plugins/GameKit/Dependencies/Utilities/Maths.cs
  artifactKey: Guid(18a583dc22a9a0f4cabec0c4a0219c6e) Importer(2089858483,0ecaa5967403d082aa24f35e1b516d23)
Start importing Assets/FishNet/Runtime/Plugins/GameKit/Dependencies/Utilities/Maths.cs using Guid(18a583dc22a9a0f4cabec0c4a0219c6e) Importer(2089858483,0ecaa5967403d082aa24f35e1b516d23) [PhysX] Initialized MultithreadedTaskDispatcher with 8 workers.
 -> (artifact id: '544f42eeadf2217cfd285c29fcb57f41') in 0.012969 seconds
Number of updated asset objects reloaded before import = 0
Number of asset objects unloaded after import = 1
========================================================================
Received Import Request.
  Time since last request: 0.000042 seconds.
  path: Assets/FishNet/Demos/ColliderRollback/Scripts/Strafe.cs
  artifactKey: Guid(088014ab71fc022458b82ed8c9792b1b) Importer(2089858483,0ecaa5967403d082aa24f35e1b516d23)
Start importing Assets/FishNet/Demos/ColliderRollback/Scripts/Strafe.cs using Guid(088014ab71fc022458b82ed8c9792b1b) Importer(2089858483,0ecaa5967403d082aa24f35e1b516d23) [PhysX] Initialized MultithreadedTaskDispatcher with 8 workers.
 -> (artifact id: 'be763e6fae8df4eda5ea796f0c7218d0') in 0.013685 seconds
Number of updated asset objects reloaded before import = 0
Number of asset objects unloaded after import = 1
========================================================================
Received Import Request.
  Time since last request: 0.000021 seconds.
  path: Assets/FishNet/Runtime/Transporting/Transports/Tugboat/LiteNetLib/Utils/NetSerializer.cs
  artifactKey: Guid(503136cdfd845ea439d6eb1e7fcfa924) Importer(2089858483,0ecaa5967403d082aa24f35e1b516d23)
Start importing Assets/FishNet/Runtime/Transporting/Transports/Tugboat/LiteNetLib/Utils/NetSerializer.cs using Guid(503136cdfd845ea439d6eb1e7fcfa924) Importer(2089858483,0ecaa5967403d082aa24f35e1b516d23) [PhysX] Initialized MultithreadedTaskDispatcher with 8 workers.
 -> (artifact id: 'fe9408a4f2cbe210f8f675030a482ab7') in 0.013171 seconds
Number of updated asset objects reloaded before import = 0
Number of asset objects unloaded after import = 1
========================================================================
Received Import Request.
  Time since last request: 0.000026 seconds.
  path: Assets/FishNet/CodeGenerating/ILCore/FNPostProcessorReflectionImporterProvider.cs
  artifactKey: Guid(f9273a5dad109ab0783891e36c983080) Importer(2089858483,0ecaa5967403d082aa24f35e1b516d23)
Start importing Assets/FishNet/CodeGenerating/ILCore/FNPostProcessorReflectionImporterProvider.cs using Guid(f9273a5dad109ab0783891e36c983080) Importer(2089858483,0ecaa5967403d082aa24f35e1b516d23) [PhysX] Initialized MultithreadedTaskDispatcher with 8 workers.
 -> (artifact id: '3d874ae4249e0485d9c0b243bdf314ad') in 0.014801 seconds
Number of updated asset objects reloaded before import = 0
Number of asset objects unloaded after import = 1
========================================================================
Received Import Request.
  Time since last request: 0.000025 seconds.
  path: Assets/FishNet/Demos/CustomSyncType/Custom Struct Sync/StructySync.cs
  artifactKey: Guid(4c0a84e32efc60f4aa471e3a42cf2e0b) Importer(2089858483,0ecaa5967403d082aa24f35e1b516d23)
Start importing Assets/FishNet/Demos/CustomSyncType/Custom Struct Sync/StructySync.cs using Guid(4c0a84e32efc60f4aa471e3a42cf2e0b) Importer(2089858483,0ecaa5967403d082aa24f35e1b516d23) [PhysX] Initialized MultithreadedTaskDispatcher with 8 workers.
 -> (artifact id: 'c59450b9987c34ef79aa2add8798666c') in 0.011682 seconds
Number of updated asset objects reloaded before import = 0
Number of asset objects unloaded after import = 1
========================================================================
Received Import Request.
  Time since last request: 0.000026 seconds.
  path: Assets/FishNet/Runtime/Utility/Performance/DefaultObjectPool.cs
  artifactKey: Guid(cb13d174096685549b1d6a94d726ff7d) Importer(2089858483,0ecaa5967403d082aa24f35e1b516d23)
Start importing Assets/FishNet/Runtime/Utility/Performance/DefaultObjectPool.cs using Guid(cb13d174096685549b1d6a94d726ff7d) Importer(2089858483,0ecaa5967403d082aa24f35e1b516d23) [PhysX] Initialized MultithreadedTaskDispatcher with 8 workers.
 -> (artifact id: 'b7727aa90837a9b20f36c90de8d9a9a5') in 0.012682 seconds
Number of updated asset objects reloaded before import = 0
Number of asset objects unloaded after import = 1
========================================================================
Received Import Request.
  Time since last request: 0.000024 seconds.
  path: Assets/FishNet/CodeGenerating/cecil-0.11.4/Mono.Cecil/Consts.cs
  artifactKey: Guid(da413e0e98056364a9512beb26e9aea5) Importer(2089858483,0ecaa5967403d082aa24f35e1b516d23)
Start importing Assets/FishNet/CodeGenerating/cecil-0.11.4/Mono.Cecil/Consts.cs using Guid(da413e0e98056364a9512beb26e9aea5) Importer(2089858483,0ecaa5967403d082aa24f35e1b516d23) [PhysX] Initialized MultithreadedTaskDispatcher with 8 workers.
 -> (artifact id: 'cd422f78b4a84de63d4891959740ee05') in 0.012345 seconds
Number of updated asset objects reloaded before import = 0
Number of asset objects unloaded after import = 1
========================================================================
Received Import Request.
  Time since last request: 0.000028 seconds.
  path: Assets/FishNet/Runtime/Serializing/DeltaSerializerOption.cs
  artifactKey: Guid(66c970b59e4d53249bfed364df2cf1db) Importer(2089858483,0ecaa5967403d082aa24f35e1b516d23)
Start importing Assets/FishNet/Runtime/Serializing/DeltaSerializerOption.cs using Guid(66c970b59e4d53249bfed364df2cf1db) Importer(2089858483,0ecaa5967403d082aa24f35e1b516d23) [PhysX] Initialized MultithreadedTaskDispatcher with 8 workers.
 -> (artifact id: '651f0d1a27511492a6f910bff0a61607') in 0.011123 seconds
Number of updated asset objects reloaded before import = 0
Number of asset objects unloaded after import = 1
========================================================================
Received Import Request.
  Time since last request: 0.000023 seconds.
  path: Assets/Spaceflight Controls/Scenes/Example 2Settings.lighting
  artifactKey: Guid(6a483b58d02acb3c9960ecc79998a95b) Importer(2089858483,0ecaa5967403d082aa24f35e1b516d23)
Start importing Assets/Spaceflight Controls/Scenes/Example 2Settings.lighting using Guid(6a483b58d02acb3c9960ecc79998a95b) Importer(2089858483,0ecaa5967403d082aa24f35e1b516d23) [PhysX] Initialized MultithreadedTaskDispatcher with 8 workers.
LightingSettings: switching bake backend from 1 to 0.
 -> (artifact id: '5bf67273a8af91af675e969a9511bf5a') in 0.015329 seconds
Number of updated asset objects reloaded before import = 0
Number of asset objects unloaded after import = 1
========================================================================
Received Import Request.
  Time since last request: 0.000024 seconds.
  path: Assets/FishNet/Demos/SceneManager (Old Examples)/Materials/Blue.mat
  artifactKey: Guid(d0a99caade0a68842b2274726d1bc7c3) Importer(2089858483,0ecaa5967403d082aa24f35e1b516d23)
Start importing Assets/FishNet/Demos/SceneManager (Old Examples)/Materials/Blue.mat using Guid(d0a99caade0a68842b2274726d1bc7c3) Importer(2089858483,0ecaa5967403d082aa24f35e1b516d23) [PhysX] Initialized MultithreadedTaskDispatcher with 8 workers.
 -> (artifact id: '1e1caad9037178dc4652fe75af84981f') in 0.014558 seconds
Number of updated asset objects reloaded before import = 0
Number of asset objects unloaded after import = 1
========================================================================
Received Prepare
Caller must complete domain reload
Begin MonoManager ReloadAssembly
- Loaded All Assemblies, in  1.465 seconds
Native extension for LinuxStandalone target not found
Native extension for WindowsStandalone target not found
Native extension for iOS target not found
Native extension for Android target not found
Native extension for WebGL target not found
Mono: successfully reloaded assembly
- Finished resetting the current domain, in  4.300 seconds
Domain Reload Profiling: 5732ms
	BeginReloadAssembly (240ms)
		ExecutionOrderSort (0ms)
		DisableScriptedObjects (10ms)
		BackupInstance (0ms)
		ReleaseScriptingObjects (0ms)
		CreateAndSetChildDomain (67ms)
	RebuildCommonClasses (49ms)
	RebuildNativeTypeToScriptingClass (12ms)
	initialDomainReloadingComplete (89ms)
	LoadAllAssembliesAndSetupDomain (1041ms)
		LoadAssemblies (1092ms)
		RebuildTransferFunctionScriptingTraits (0ms)
		AnalyzeDomain (26ms)
			TypeCache.Refresh (9ms)
				TypeCache.ScanAssembly (0ms)
			ScanForSourceGeneratedMonoScriptInfo (0ms)
			ResolveRequiredComponents (13ms)
	FinalizeReload (4301ms)
		ReleaseScriptCaches (0ms)
		RebuildScriptCaches (0ms)
		SetupLoadedEditorAssemblies (868ms)
			LogAssemblyErrors (0ms)
			InitializePlatformSupportModulesInManaged (121ms)
			SetLoadedEditorAssemblies (9ms)
			RefreshPlugins (0ms)
			BeforeProcessingInitializeOnLoad (213ms)
			ProcessInitializeOnLoadAttributes (471ms)
			ProcessInitializeOnLoadMethodAttributes (43ms)
			AfterProcessingInitializeOnLoad (11ms)
			EditorAssembliesLoaded (1ms)
		ExecutionOrderSort2 (0ms)
		AwakeInstancesAfterBackupRestoration (6ms)
Refreshing native plugins compatible for Editor in 62.49 ms, found 0 plugins.
Preloading 0 native plugins for Editor in 0.00 ms.
Unloading 4205 Unused Serialized files (Serialized files now loaded: 0)
Unloading 23 unused Assets / (48.0 KB). Loaded Objects now: 4691.
Memory consumption went from 137.6 MB to 137.6 MB.
Total: 6.381399 ms (FindLiveObjects: 0.476857 ms CreateObjectMapping: 0.495992 ms MarkObjects: 5.157247 ms  DeleteObjects: 0.248827 ms)

Prepare: number of updated asset objects reloaded= 0
AssetImportParameters requested are different than current active one (requested -> active):
  custom:scripting/monoscript/fileName/BuildMergeTabParameters.cs: 2c923f29302a39560b4301c3fd163a7b -> 
  custom:scripting/monoscript/fileName/IncomingChangesTab.cs: 8a20aca125f6d4b837670edb6e36bc05 -> 82bff1d960538992d4e618d909869d2e
  custom:scripting/monoscript/fileName/DiffSelection.cs: 34faf7c86f7e0c9a01162e930679d82f -> 1460aaba4240ef35322cb9c198487990
  custom:scripting/monoscript/fileName/DrawStaticElement.cs: 6cbd346d4a1be2ee84c9ebe55a7f9f79 -> 5765d84d60602f16f5577bf0b7fc6b96
  custom:scripting/monoscript/fileName/MoveDeleteMenu.cs: f1a7b8a8be76c035d934c51863f3b934 -> c4ad4528e772c33a6167006886a8d1da
  custom:scripting/monoscript/fileName/DialogWithCheckBox.cs: 738e3e0af97e826e16805dda77e5f009 -> 
  custom:scripting/monoscript/fileName/DateFilter.cs: de3aab0283a2b4a1d4d64145b14132d5 -> 3a6cb8c2e3ffbb5a9052e322ee5bf411
  custom:scripting/monoscript/fileName/PerformInitialCheckin.cs: be22d181e456c0a8a5713675f29ac72a -> 8ef9a9f407b8b94b2b5fad9d24e61f79
  custom:scripting/monoscript/fileName/ConflictResolutionState.cs: d9394655856a9fc1a0b280bc997bac16 -> 74a230000ff2fd58c5a60ab4258207dc
  custom:scripting/monoscript/fileName/FindWorkspace.cs: 39bbd18bfe6bf4a99f5c185dcda4dd4a -> 6af6c9e9382fef881c020ab184e6f7f5
  custom:container-demuxer-ogg: 62fdf1f143b41e24485cea50d1cbac27 -> 
  custom:scripting/monoscript/fileName/CheckinConflictsDialog.cs: d3af1d70d3f60a9847d2942647274222 -> e13fa04a97fb675842c94586fc602871
  custom:scripting/monoscript/fileName/AuthToken.cs: d22b2893825e943bc1389be142abd57e -> 0fba7e8eb1ec8b699f274cdc956451b2
  custom:scripting/monoscript/fileName/ProgressControlsForDialogs.cs: 6bf8e69ac7dc2163fe988e5d8181ce88 -> 7e6bd1727985204e3b64e1946e589b1c
  custom:scripting/monoscript/fileName/AssetStatusCache.cs: beede06d8a6d93e7907fd192ad653f2b -> 260d5f85663ac58b2a7e9553c453bc3e
  custom:scripting/monoscript/fileName/OrganizationPanel.cs: d7ac1288bef1b15a05bb26d201a4d87f -> 57a57e6a345dbd536e91c348b70943a9
  custom:scripting/monoscript/fileName/ChangeCategoryTreeViewItem.cs: efd70108e1f6ff61ed2723220486adfc -> fd14db176fff061715c8ec88ced1902f
  custom:scripting/monoscript/fileName/CurrentUserAdminCheckResponse.cs: cec2f173fe8732108711c497674c6f66 -> d57c2dcace740834acd59fdfbc5023b8
  custom:scripting/monoscript/fileName/UIElementsExtensions.cs: a191d7293be4538b0adb29dfe5b06a46 -> 52e0d612ab032e4d22e9558b90396b99
  custom:scripting/monoscript/fileName/CreateBranchDialog.cs: c429477092287209232592c8cde1a615 -> 9eb29fda08033b4f847247136c412db6
  custom:scripting/monoscript/fileName/DrawCreateWorkspaceView.cs: 6422239d8f649480614f0dd4f018b7f2 -> c6039ac84d85ab3926aa94de163a9f7d
  custom:scripting/monoscript/fileName/ProjectPath.cs: 5634ebdbea8ca94089eb9622d1b60497 -> 2007f972d3a73eeb86dfe05e849c7f69
  custom:scripting/monoscript/fileName/SSOCredentialsDialog.cs: 8967ceae1bc195ea8dd32b23c42dd852 -> e140ede12a96f68f30062138385171c3
  custom:scripting/monoscript/fileName/DownloadPlasticExeDialog.cs: 2dd40c53d0303d041a27a44a95c331cb -> 093cfe0607c2346a88cdfdfe1435614f
  custom:scripting/monoscript/fileName/GetOperationDelegate.cs: e719058321e4f2be94be212e42f097c8 -> 
  custom:scripting/monoscript/fileName/PendingChangesTab_Operations.cs: c99065f3c85ec85c85ece2a1a30665af -> 15ae6787065f4af65778e981f418a60b
  custom:scripting/monoscript/fileName/LocksListViewItem.cs: cc9cd24c5be4f7363367cba72f12aad4 -> f4a19fabbec093eb3d6a7e1cd4f42611
  custom:scripting/monoscript/fileName/PendingChangesViewPendingChangeMenu.cs: 561ad0f702e1db14300a4a5f810051f9 -> 9a6ef2277212bf26d647c7f12f946287
  custom:scripting/monoscript/fileName/SignInPanel.cs: f7e82045994d4eefe3b021faa87b55c6 -> bac0318ce35e37bed3a2cc8137452435
  custom:scripting/monoscript/fileName/DrawInspectorOperations.cs: 61c4a6a6507d8f84ef5bdf5cba3f0aee -> 8c94fe642e98309082411f46db89106b
  custom:scripting/monoscript/fileName/DrawDirectoryResolutionPanel.cs: b77d9918f02a8eac64394aaf99fa4b28 -> e4e3c9b4bc511687802b504b71016540
  custom:scripting/monoscript/fileName/CloseWindowIfOpened.cs: d820344e932a12600b5fe6fb7e9f1563 -> ce229ef3b7461ff17e2c1af0695a6657
  custom:scripting/monoscript/fileName/SaveAssets.cs: e472a52843752df7d7ad4ca6b2c8da98 -> b56abea3d51c742ac29e4aec958afad6
  custom:scripting/monoscript/fileName/MergeViewMenu.cs: 93bc40369a2f104c249cef1d685ad358 -> c1676e16bdcf215f6595ea9de7a1fc33
  custom:scripting/monoscript/fileName/RepositoriesListView.cs: 9f95c83dc460fb03fb0916472f14b8a7 -> 95287f65338ca0073ad04002a16eaaf7
  custom:scripting/monoscript/fileName/HandleMenuItem.cs: 740e54c5f6dca1acc88cad87af74b744 -> b4ad1ecc5243212c5967125ad5e41b1f
  custom:scripting/monoscript/fileName/ScreenResolution.cs: 5c975132cf4e36dcc261bd0acd604271 -> 7bb7bb5b955671820101b322f0a7bf3d
  custom:scripting/monoscript/fileName/ApplicationDataPath.cs: 8e4094e28762fb76a1baecfe90c6b65e -> 3e8c4ea8debfda8013fed860ac233d22
  custom:scripting/monoscript/fileName/MergeSelection.cs: 6deb9bc55c10a7ac7c9f905a7b92dbe8 -> 630eecd27cae3311e65e09d9c63da8b7
  custom:video-decoder-ogg-theora: a1e56fd34408186e4bbccfd4996cb3dc -> 
  custom:scripting/monoscript/fileName/RepaintInspector.cs: f134606300316994850c28a68d0cb5a3 -> 
  custom:scripting/monoscript/fileName/LockStatusCache.cs: 5e3725e03dc21c716034553589a67eae -> e99b3f34c5cd3eb73ec19439af1f7f80
  custom:scripting/monoscript/fileName/DiffTreeView.cs: 68195907d129ef826aa6b6df7202696d -> 49f46fd2a65ea674a218eead75f27aac
  custom:scripting/monoscript/fileName/DependenciesDialog.cs: 82d30fc8d5e1a73ec0d1ee9acc00fbc2 -> c8902186ab2f4e6471b5dd147afb01b6
  custom:scripting/monoscript/fileName/ChangesetListViewItem.cs: 95a197949f1e777703db60eea8cc21b3 -> d742a4910e302777daa1ccb9c8e92cb9
  custom:scripting/monoscript/fileName/LocksViewMenu.cs: fda08381fa9abca53b6eaf3bf55f14f8 -> 186d8514e824865b191ba1829afe4b33
  custom:scripting/monoscript/fileName/IncomingChangesViewMenu.cs: 5f96afa82d3e2a8078206b7f6d3b0752 -> 13196979a03411533716f6775c9a624b
  custom:scripting/monoscript/fileName/DivergentMoveMenu.cs: 5b146ed65a6a030ab7d86a0d711244f7 -> 98d76b5791494212a0c25aa6a4af7288
  custom:scripting/monoscript/fileName/QueryVisualElementsExtensions.cs: 75ea535788abf9c38ba9341c984a6241 -> a49740b6efbb934f55475cc70b864a4c
  custom:scripting/monoscript/fileName/WriteLogConfiguration.cs: 1a8401f47b522f631a3dc005105719f5 -> 1589212d1638ae91a029ea3ddf9999f2
  custom:scripting/monoscript/fileName/FileSystemOperation.cs: c31a686e69e66801c204a11be56c950a -> f0ccbe91654279794a85bf6f1c034716
  custom:scripting/monoscript/fileName/MigrateCollabProject.cs: af93695e471d9c8e4ad014c4165f2c3c -> 9f3487f03a783b35518405572f20ac9e
  custom:scripting/monoscript/fileName/ProgressControlsForViews.cs: 7d677c6df38ab15cf390062b5b0bb854 -> a8a18a90f46aa63848e1e45d8d7ff9af
  custom:scripting/monoscript/fileName/DrawAssetOverlay.cs: 04a46044def089f0abcdafdd281e3646 -> 
  custom:scripting/monoscript/fileName/ProjectWindow.cs: c62567a3d71fd74636bc783de5162474 -> 
  custom:scripting/monoscript/fileName/MergeLinksListView.cs: 826afb5fb5988163105086b4bf5027af -> c9488671ae9b14523680d0c19097baa0
  custom:scripting/monoscript/fileName/UnityCloudProjectLinkMonitor.cs: a6d5b729fcd63f578363f7929a986e8b -> 86b74508945daf368996ea82904ac8da
  custom:scripting/monoscript/fileName/EditorProgressBar.cs: 7418be9b22aaea32732f8a5f49569d1c -> 08c2f2b90ef64df631d46389f0e22c8e
  custom:scripting/monoscript/fileName/MeasureMaxWidth.cs: cd9322680ae61d38397008451b7ed0ed -> 1569e3f1dad91a9b01cba66ab6aa30b0
  custom:scripting/monoscript/fileName/ChangesetsListHeaderState.cs: 69fc4f1a2bc3782d7043ec48961a3616 -> fe1392f9b135da83e13fe8a5e5f39fc2
  custom:scripting/monoscript/fileName/PendingChangesTreeHeaderState.cs: 7d278b5569d28437d07554a3bbb56e1b -> 5d7f70d142c9ac67864ec14950523d62
  custom:scripting/monoscript/fileName/MissingEncryptionPasswordPromptHandler.cs: 7f5831fc8a41e9cadd84fcfd0e885072 -> 5d7b9646eb14a39b6d3d5bab19d266ff
  custom:scripting/monoscript/fileName/ChangelistMenu.cs: ca33bac56b3a337faa90a1b1bba632d6 -> c1bf5aeb760cc5eae584ea3944d6531b
  custom:scripting/monoscript/fileName/NotificationBar.cs: d1a4cf5e8103d80fd25347275f906aa8 -> 50f1a85fa18d94338418def78dcd8543
  custom:scripting/monoscript/fileName/EmptyCommentDialog.cs: c9c28ff22d24598d7e4856f434bb1b92 -> 99cc06133e502eab7998108e26fd5614
  custom:scripting/monoscript/fileName/UnityThreadWaiter.cs: dbd556f2802baab90a20da38c288d36c -> 99333406d92d10003984b4d1920de2f9
  custom:scripting/monoscript/fileName/CredentialsDialog.cs: 179b5e49656a1623c2e79d838f0f5876 -> c785d5e40f8d66b7ef7ba04ee7c324e0
  custom:scripting/monoscript/fileName/ProcessHubCommand.cs: 30630f626164e285c361aa64e681100e -> 8ab0fc63fa4d9d749198dd61b09d7e37
  custom:scripting/monoscript/fileName/GetRestorePathDialog.cs: e21eb9983f0b989125951478cd5e9b35 -> 353d1126ca2d2063d5bdbd06806ffc08
  custom:scripting/monoscript/fileName/UpdateReportListHeaderState.cs: 64a5bf775d221ad9a5ff8c78a1e0e1fa -> d6cbe54be2898ed2c96c2e79572c2e08
  custom:scripting/monoscript/fileName/LocksListView.cs: 8c6202774eebcf67be9c3b5a2926cc7c -> 7aa51ff93bcc98aa05dec8b46ec200c4
  custom:scripting/monoscript/fileName/DownloadAndInstallOperation.cs: b043b8d5921892e87f4566e00162cff6 -> 4f4065aeafda2af0ec272a3c228e27b2
  custom:scripting/monoscript/fileName/DiffTreeViewMenu.cs: 3e62bfc69ca7486976988e151b88922e -> 8039fc4ecf68b3e966e1f4822789e7fa
  custom:scripting/monoscript/fileName/UnityStyles.cs: 1a176026ce9da8057f3ec90dfe0bac74 -> bbbba3cda37678cfc74d71ffebf36e7f
  custom:scripting/monoscript/fileName/HistoryTab.cs: 4d086984813cd90d6be245dd8e03a2ba -> d57f000c65fde42a2228c7a105a836e5
  custom:scripting/monoscript/fileName/HistorySelection.cs: 7c3afcf345a55e8b77ea41ca0f570218 -> 3d07a3d1241e204b5420d71f1137eba4
  custom:scripting/monoscript/fileName/CreateWorkspace.cs: 7b3086384e5ddcd73cd5064a3ce31cd2 -> 5256205b5cf0570b6f698c7abe518f5a
  custom:scripting/monoscript/fileName/ShowWindow.cs: c731454122754eec192bc3c53fac3d95 -> a6bb1d20733c178256b38974418d7450
  custom:scripting/monoscript/fileName/LocksListHeaderState.cs: b80c5f044f18764adef2e9dbea5f0fb1 -> c7fe4d3b5f954615048f8e79925d29e3
  custom:scripting/monoscript/fileName/CreateRepositoryDialog.cs: 1e1c5399cf3d0b071c7982c565a710ce -> 5cec3e66b09e0dbe1f805953c5c64af9
  custom:scripting/monoscript/fileName/RenameBranchDialog.cs: a3111a345c6451ee64cd16f1989c2313 -> e5c89c05c87517babb3730e87196a494
  custom:scripting/monoscript/fileName/EncryptionConfigurationDialog.cs: 6423045767c07e6360ff314ec741c601 -> 19e9c54aff6ffc68d60fe11f80578947
  custom:scripting/monoscript/fileName/CheckinProgress.cs: 298ac58365579798eb3b4defc181ccaf -> 75b93dbc5ef307111f0647f735640420
  custom:scripting/monoscript/fileName/AssetCopyPathOperation.cs: 571ede78b6298606a236918df9df62d5 -> 633a9d130b72ba594756844b628f0ae2
  custom:scripting/monoscript/fileName/PendingChangesSelection.cs: 766664749a54eea9ecce5dff917430ef -> 1721ad72d074757364587c71b49d9382
  custom:scripting/monoscript/fileName/LoadAsset.cs: 9042eb334fc462cf466672445be1d4c2 -> 5e4e082aa5b21c13b80eb237fe94d00b
  custom:scripting/monoscript/fileName/Images.cs: 0b0c14141950fed99e3ef33199b3b4c9 -> fbdd1e600315d249327f3effde045c9d
  custom:scripting/monoscript/fileName/DrawLocksListViewItem.cs: ce3a3d64ec2d84c3556ffd4141efc4f7 -> 6201c4d50383e970d554210505562d37
  custom:scripting/monoscript/fileName/DrawProgressForOperations.cs: ea9179848be98ee7719316b39339ef29 -> b544f18e6532ba53bbd1b691fa5cd571
  custom:scripting/monoscript/fileName/ViewSwitcher.cs: bb22cc2814598bf2511f6c811c1dc194 -> dd1f6d6bc6ad5beda69b13cdb560799f
  custom:scripting/monoscript/fileName/RepositoryListViewItem.cs: 2f16ba7694ec7934685021093e722c4e -> 3cabcd81911a2500dcd9e2b6ffae3f00
  custom:scripting/monoscript/fileName/InspectorAssetSelection.cs: 71ba78e42827a9b22a9a6016733d756f -> 4b3c1ae4c44d88205aef26229acfe022
  custom:scripting/monoscript/fileName/UVCPackageVersion.cs: c4d95cb84d9d8dff4727eba6b0a64378 -> 
  custom:scripting/monoscript/fileName/IncomingChangesTreeHeaderState.cs: f578f4545f0afb1f0a2de9a25e26e33b -> 9fcb97ef2da44c66332f5c6800c2e6ed
  custom:scripting/monoscript/fileName/DrawTextBlockWithLink.cs: d38f3ee197d9063693d0301d5157b32c -> 1d43814d810f0d56e2964ad3b72f271e
  custom:scripting/monoscript/fileName/WorkspaceOperationsMonitor.cs: 5f05751fd4d94e02e79a5bf200f98f9a -> 43dcc435c252a54bdaaf4d6588b7d66e
  custom:CustomObjectIndexerAttribute: 232f87dd983dbecb2a4e21e08eb2cef8 -> 
  custom:scripting/monoscript/fileName/ShelvesSelection.cs: 05891c88858e4ac7776c0c0c49b5b74f -> 8a3e11e7cd7bbf10b24988c7bf636dea
  custom:scripting/monoscript/fileName/MacOSConfigWorkaround.cs: 8634a542fc5c45ea8cd9a8244bf2c871 -> 9fe61e763da506601651f6c451cecb0a
  custom:scripting/monoscript/fileName/IncomingChangesSelection.cs: a96a5a084d59fe3917a3831b68fa9479 -> d86f9f4463e6f9d99bb815e1f018ccf1
  custom:scripting/monoscript/fileName/AddMoveMenu.cs: 07e842d83dd343358454fef0a7927a0d -> e681c3341f01390e9c1d636ae93280df
  custom:scripting/monoscript/fileName/PlasticProjectSettingsProvider.cs: c126b47f9f934d48f0646c249a5bfcca -> 8c4ae1aeb34c51d2a5a8924265075ff2
  custom:scripting/monoscript/fileName/AssetMenuItems.cs: 9ce81cedb8e568c6b7b646aa6263645b -> 
  custom:scripting/monoscript/fileName/ToolConstants.cs: a088b027c7b0922429c756f12b0507ea -> 3b0d2490617bc7f94a0bdab65a399e1d
  custom:scripting/monoscript/fileName/MergeTab.cs: f39dce5bbfdc053d284a55fc102a8be9 -> f0a9f00e065364eb63b070091ade67f8
  custom:scripting/monoscript/fileName/GetSelectedPaths.cs: 02423a81496d6c63598b5cdc203f4354 -> be35dd49dddd53fc840b9febf21b4d0d
  custom:scripting/monoscript/fileName/TokenExchangeResponse.cs: 0dd9138dbeab6f132711a5b608de5c13 -> f20183d4cf939766d3c1e15cc3bec2e3
  custom:scripting/monoscript/fileName/ChangesetsTab_Operations.cs: eca44847b108faefa69f8c525242c965 -> 3290c4c0cd248666e01a08ee6d621249
  custom:scripting/monoscript/fileName/OverlayRect.cs: 59d6887e4803f8a44ffaa0409470e410 -> 
  custom:scripting/monoscript/fileName/ConfigurePartialWorkspace.cs: 309d4276b0164b05348aedbd51cc0b2f -> 10fcc6b6d43dd5ed36c43c6f7b5906c4
  custom:scripting/monoscript/fileName/ValidRepositoryName.cs: 43c262be3f66a970816e3d3a3ee8872a -> 56bcf92a3678f6ad6215cae2e4914cfd
  custom:scripting/monoscript/fileName/OtherOptionsFoldout.cs: eea27b9873519c1ea7c35b8afc1b7947 -> cc8f3a7680050422963ebd2bf169a841
  custom:container-demuxer-webm: 4f35f7cbe854078d1ac9338744f61a02 -> 
  custom:scripting/monoscript/fileName/GetPlasticShortcut.cs: 2a84c035152261f00e7e66eb44cd0ffa -> 5c2b7bf07ddd2284efc64b09ef0f1f72
  custom:scripting/monoscript/fileName/ApplyShelveWithConflictsQuestionerBuilder.cs: e109c624745dcc4304c557872b253808 -> 02e4256f31bc905362a382e31c3387eb
  custom:scripting/monoscript/fileName/GuiEnabled.cs: 1b1658fd7715b5cc664c10a130c6b629 -> 7bb13fcc8d8cbd392e00f7232841f086
  custom:scripting/monoscript/fileName/BuildPathDictionary.cs: 943911b84162d26cea47f964f9a0a399 -> 9fabc7cc73fcfc50b8a3307c6aa6ec4d
  custom:scripting/monoscript/fileName/FindEditorWindow.cs: 2bb64182aef631315344623cf583c78a -> 8c3c78bb7e82ac5008f8a2b8a0d68cff
  custom:scripting/monoscript/fileName/ShelvePendingChangesDialog.cs: 47aa4c07d31152c0c1eff64d2ba76cc6 -> 86b1f48b5fbaffa67e939e7f404062e6
  custom:scripting/monoscript/fileName/DrawProgressForViews.cs: c153245b67af73b7ee03f693a1127796 -> 068a172cb549ad77d9873d721698bd0d
  custom:scripting/monoscript/fileName/UpdateReportDialog.cs: 706e7e86547c339cdb3a4462e3f7a54d -> 087837d8f73228f1a817d0de82c77260
  custom:scripting/monoscript/fileName/UnityMergeTree.cs: f81f2d7551ab855fe9dc724f3f2e2892 -> 59edaa0a4669bbcb540a261166adc144
  custom:scripting/monoscript/fileName/CycleMoveMenu.cs: 91c21a0be9b3727d7673f94321029c52 -> b3993a7306fc941f55ca963833965729
  custom:scripting/monoscript/fileName/HistoryListView.cs: 527da2d093462f1c4a278d6957e7d5ac -> 7b2d1d2c12ab43d9d244e35197127919
  custom:scripting/monoscript/fileName/ChangeTreeViewItem.cs: 506ed128854137d9f75f9e3d2576a06b -> b0a38ce0a620643c776a3db4fd91bc4c
  custom:scripting/monoscript/fileName/BringWindowToFront.cs: 88b20f2a2881db6a013f54923d68cdee -> a30c7c1ba746c6d277a5aedd3057d15e
  custom:scripting/monoscript/fileName/ShelvesViewMenu.cs: 947ea245959bf421539573511c3a0058 -> da5dc74b3444288f443961ecab7245d6
  custom:scripting/monoscript/fileName/LaunchCheckinConflictsDialog.cs: 4417eba1591eccb2221bfdce0106c1e0 -> e2c1e3f8f4e14a62e4363fe6259adbc2
  custom:scripting/monoscript/fileName/ParseArguments.cs: 03c1a4d7e357164ca313a0019713c3db -> ae915d9f5fe287ced40627c9ca8bfafd
  custom:scripting/monoscript/fileName/ExternalLink.cs: 685ff1dd6f55eb61a1fd8af84a2aa7f5 -> a8ff952d8c27d10f226ab92b7aa83b69
  custom:scripting/monoscript/fileName/WaitingSignInPanel.cs: 247680fcfc6a176b9fa28a3df600a754 -> 7585e1c7111b6b900784e6d1c9454258
  custom:scripting/monoscript/fileName/OperationProgressData.cs: 0db72349eeecbe9449a517b1d79cc760 -> 15f68712baaea535af36d9e0333c0a6e
  custom:scripting/monoscript/fileName/RepositoriesListHeaderState.cs: c0353a1af15ae4fd3d5a2a3cac816423 -> fb71b961ab7c924511a6b0e8680b60ee
  custom:scripting/monoscript/fileName/ClientDiffTreeViewItem.cs: 56be9d3aa410e770e75de2d8b93be89d -> 43bdd7aa5bf1aa039a5b572c119c38d0
  custom:scripting/monoscript/fileName/CreateWorkspaceView.cs: c40bc4c8524ef3e2374ef997beb2e4a6 -> 9ae2295080d141c0f12d02a71014e11c
  custom:scripting/monoscript/fileName/CommandLineArguments.cs: 0d20ca25f94249586a7c1484c469d8a2 -> 48a62ad3f817c0269ea7fc4a53799594
  custom:scripting/monoscript/fileName/DownloadRepository.cs: 46fc68d9cc4da8e8ed765ff28b2dd438 -> 5bad8d3f76a3fcb41a94637e37c11ab0
  custom:scripting/monoscript/fileName/ParentWindow.cs: 2476d8a6ba9c3055f984ac9792cae61a -> d6aa079e592e01701c5baa3ab98898bc
  custom:scripting/monoscript/fileName/OperationParams.cs: 091a140b35535b91c773ddf98925322d -> 3312c7a4424a66ffbf2f88f056f329aa
  custom:scripting/monoscript/fileName/SignInWithEmailPanel.cs: a5823728eb62cf6dbd8c933c1cb26f53 -> 6e8957c0ed7609303e68389067e72d72
  custom:scripting/monoscript/fileName/LaunchInstaller.cs: f9b7c99441bc32980ce9b95be066824b -> b75efdf5909b501e06cacd9c66f75981
  custom:scripting/monoscript/fileName/GetWindowIfOpened.cs: 84a2356c61155912908cf98a62600c22 -> fd8bfd1a9b371371ebbff48e377726f9
  custom:scripting/monoscript/fileName/AvatarImages.cs: ea6dca998cf0ec5122553a9e010ef687 -> 3aa8c25a350843151ec4070c820c411a
  custom:scripting/monoscript/fileName/DrawUserIcon.cs: 2f65feb9bed897237f97fbf9c5479092 -> 7d5385bf780ae84e648a8b49f8fe0825
  custom:scripting/monoscript/fileName/TreeViewItemExtensions.cs: d22abf8de7a9ab0e852b869a652f100d -> 6849c47ffa8623d630ef12f76bd49905
  custom:scripting/monoscript/fileName/AssetStatus.cs: b9ea657347f2c22e8e401cdb256c516c -> e017010009bdb28bcb0d7d8ef05e7dd9
  custom:scripting/monoscript/fileName/BranchesListView.cs: 334a3fb302f855f71fb71520fb442a71 -> 3f5ed9fe5a1bca512014ae1600ee1666
  custom:scripting/monoscript/fileName/DrawGuiModeSwitcher.cs: 363adc150c5f1c5059a678f179906090 -> d3be34a3134d3fe80ef6b14d0d519128
  custom:scripting/monoscript/fileName/UnityMenuItem.cs: 5f445176ad3735e69769d93250663be7 -> 73f3c859f1b5092ad362c09e23b3a922
  custom:scripting/monoscript/fileName/WebRestApiClient.cs: 8ab6ae74a3793a3375cc48f328048a82 -> 746756fd499dddd02a4e7ccdbac48be3
  custom:scripting/monoscript/fileName/ShelveListViewItem.cs: a37862556d04b25f75804d991e109d87 -> 373418f0ae11fc25a26ff7fe4f472006
  custom:scripting/monoscript/fileName/OpenPlasticProjectSettings.cs: 5a86fd454f7c9f74b62653e269818d3f -> 
  custom:scripting/monoscript/fileName/PendingChangesOptionsFoldout.cs: 2a2f5a0ba87bd75c4475236a9a012016 -> f9e651bcc5d4441496c88ab59a32f360
  custom:scripting/monoscript/fileName/IncomingChangesTreeView.cs: d8c19bc81b07c04d7721396d2821d297 -> 96479648d4498738733254eb4e4c6fb5
  custom:scripting/monoscript/fileName/GenericProgress.cs: 11287c7d038c487f32d0c8edc476a32d -> 8492ec26f01fc248d3eb3c2f5b3b6c0f
  custom:scripting/monoscript/fileName/ShelvesListView.cs: 0763e4076b11a683fa148282680085c0 -> 01c1f087b2f83b458da6b8ad18736606
  custom:scripting/monoscript/fileName/MergeCategoryTreeViewItem.cs: c1ecd9dc0cd73eb7eb129994dedc1a91 -> 6bd59fcbfeafe06987a54631991d755b
  custom:scripting/monoscript/fileName/CheckinDialog.cs: 1709b78fae1329cc05fd4f39334b25f5 -> 702fdb8d0a3b4bfcb9ba109e71325cad
  custom:scripting/monoscript/fileName/SortOrderComparer.cs: 8f6297df34271fdb1ce2d9607ec6261d -> 90647cc400823b41df847a6cbfc29026
  custom:scripting/monoscript/fileName/GUIActionRunner.cs: 69af7de0762ed6d085feb4cc4b5101b3 -> 4a0608de635b0d82868d57923d68eff7
  custom:scripting/monoscript/fileName/PlasticMenuItem.cs: 30c3a785b4c2607e2ae9aad693d5f604 -> 
  custom:scripting/monoscript/fileName/PendingChangesTreeView.cs: f3722f38014385705913f17dbe0f90c1 -> 17142d220a0a50a3f3d184c4718a0da7
  custom:scripting/monoscript/fileName/VCSPlugin.cs: 69c1b7249af35f35848ae707bd5e7113 -> 
  custom:scripting/monoscript/fileName/GetClientDiffInfos.cs: 4ae14b15e2cf5177a84735548a44cdc9 -> f8db8e637ded2d5e935a953a13b85ebe
  custom:scripting/monoscript/fileName/DrawActionButtonWithMenu.cs: d7f31944358aed2f3ed3982246fca039 -> 8d4f5edd02a1dd0f38c4f2baf5ee8a33
  custom:scripting/monoscript/fileName/ErrorListViewItem.cs: 9bf59c82e9c9992a012a3eb2b6c2bfe5 -> 509edc26860f8be303ec97d68aabc30d
  custom:container-muxer-webm: aa71ff27fc2769a1b78a27578f13a17b -> 
  custom:scripting/monoscript/fileName/EditorProgressControls.cs: b1f133fa38afd918d537a72574fc93a0 -> 2e606eb01a6e6a567f3de9a0379ed3ae
  custom:scripting/monoscript/fileName/BranchesListHeaderState.cs: d47f1164fa7093137db851c4c16ffba3 -> 82eab21603f4efc696334ee80641c2c9
  custom:scripting/monoscript/fileName/DrawSearchField.cs: b11b864a92c7d76f85d4ec87d6faf61c -> 3de70beba9f4447205d50241d95b066a
  custom:scripting/monoscript/fileName/PendingChangesTab.cs: c99065f3c85ec85c85ece2a1a30665af -> 15ae6787065f4af65778e981f418a60b
  custom:scripting/monoscript/fileName/MergeTreeHeaderState.cs: d266e9dd03ced7ec66ad3688e5f18f26 -> 6293ca7f65e9641fcbe12100e705a990
  custom:scripting/monoscript/fileName/BuildGetEventExtraInfoFunction.cs: 1308a6936e8051866a117b3b7c2c7b77 -> 74bfc8c01f931108a3c2b127aa04cc8d
  custom:scripting/monoscript/fileName/ShelvesTab.cs: 88e0da7511313c57d3f51ba183c4d3fc -> fca0a219bdad45e636bd34724e5dc89d
  custom:video-decoder-webm-vp8: 9c59270c3fd7afecdb556c50c9e8de78 -> 
  custom:scripting/monoscript/fileName/WelcomeView.cs: 07e35bfe1faa2c52c049eb30958acd54 -> f06c185659ea2f4a75f9397861dc6096
  custom:scripting/monoscript/fileName/DeleteMoveMenu.cs: 39c593e854a9a8ae0e6d34ceb587fce1 -> 4d026cbabd8105e38661f97da078042a
  custom:scripting/monoscript/fileName/PlasticApp.cs: c440a0fb380601a77ad475d6c15d4fa1 -> c57de230d90beac7b586f10b9c7c6cb5
  custom:scripting/monoscript/fileName/ChangesetsTab.cs: ef408d8aaf89e01b17643ed0c836680d -> 46dde8f7856048792ad2e75490bb8c5e
  custom:scripting/monoscript/fileName/DeleteBranchDialog.cs: efbbc070bfeda2b746e8b15a4380cb26 -> 8549b0fc52962c89115fd78724fee578
  custom:scripting/monoscript/fileName/IncomingChangesNotification.cs: d7ac4b8f9ea939309b8ceb7f729100a2 -> caa8ea2c7336b9227381f0971759e01a
  custom:scripting/monoscript/fileName/DrawTreeViewEmptyState.cs: d4c16fd6aad8161eda7d99fd74cbb08e -> 
  custom:scripting/monoscript/fileName/ErrorsListView.cs: cc3142391037796392fcd3fe860891dd -> cd35171982f17897dd5148dda46e0956
  custom:scripting/monoscript/fileName/UnityPendingChangesTree.cs: fd6f0a038401268983bd9328d10dec93 -> f391d9a00dc9e202cee4d4ebcf6d21c0
  custom:scripting/monoscript/fileName/ClientConfiguration.cs: 5f5e47bfb7cedc7420d7e59c6d7ae6f0 -> 01b18b09a6dbb3756e1f42a5b64aab0f
  custom:scripting/monoscript/fileName/AssetVcsOperations.cs: 50ee89e011ba3d800b4e7a9a24aca7e1 -> 
  custom:scripting/monoscript/fileName/PlasticDialog.cs: b0aae1bf1889af041741f324070b7b84 -> 63a17a2b696bc2a13c9046aa16f8cea4
  custom:SearchIndexIgnoredProperties: e643bd26f0fe6173181afceb89e7c659 -> 
  custom:scripting/monoscript/fileName/AutoRefresh.cs: 9d30d5d3f0e8985355be1ab597da1dbb -> 0a8afde180a876655ad16caa14493409
  custom:scripting/monoscript/fileName/PlasticPluginIsEnabledPreference.cs: 7953272c37f4a828a3d1096e7479f346 -> 
  custom:scripting/monoscript/fileName/GetRelativePath.cs: 9b16eb2de9e98b392077181cc34243c1 -> ab04ae5e0cafb93ebf5c96148bb52df0
  custom:scripting/monoscript/fileName/UnityEvents.cs: 253411328de37811883aded592b97268 -> c830e584565fcd66ca0d5a23ad8b9bd6
  custom:AudioImporter_EditorPlatform: 2f0ff77a95e0ac474e3e8eeba4e2f7cb -> 
  custom:scripting/monoscript/fileName/DeleteChangeMenu.cs: 540c783b689e4d6a4a383862455d5d39 -> bfa368dc06e11abcc107d6f80c7c19c5
  custom:scripting/monoscript/fileName/SelectNewCodeReviewBehavior.cs: df6e8e132199ea6ec467c9bced11011d -> a16edf3a8c3e5ac26863e890f68fd937
  custom:scripting/monoscript/fileName/DockEditorWindow.cs: 581124d5e19667105f2446d6dfbf7982 -> a9e5e467234133af999283610b6e84e6
  custom:scripting/monoscript/fileName/ProjectPackages.cs: e247c98bd45807b228765f9a94d82145 -> 9e9e13e39b2e9718b602503b87245c18
  custom:scripting/monoscript/fileName/BranchesSelection.cs: 7eb1fcb556f0fad697e4ec9d989be099 -> 33b36e7b03910960966036894ec90c7c
  custom:scripting/monoscript/fileName/SaveAction.cs: b68fbb4319dbb368959c40781b39fdf8 -> 27c387bb58f3a69b0c9ff60d2209e18f
  custom:scripting/monoscript/fileName/AutoConfig.cs: 6c4e7f9dc55323aa1299debfe9723aa6 -> bf4bbd2f2e752464ef51dbf102faed17
  custom:scripting/monoscript/fileName/DiffPanel.cs: 02288a38bd14cc2b52a25b302a6f154e -> 210366dab3631628227b9406f87a9b7f
  custom:scripting/monoscript/fileName/PlasticAssetsProcessor.cs: ff731c8aacf4a537dc74c7cf9eaeaed0 -> 
  custom:scripting/monoscript/fileName/DrawActionToolbar.cs: 52293cb82089e0370f52e257f41c0869 -> e05748a99799f26304c1bbafd90f703b
  custom:scripting/monoscript/fileName/EditorVersion.cs: 70953c9eccf7726f70c672a9a51619e9 -> 698aba075b19a52a056d67a7b809d179
  custom:scripting/monoscript/fileName/TeamEditionConfigurationWindow.cs: d06f049421c16e5927ec29f770917e09 -> e53b1ca5561894aaeff930afb696d001
  custom:scripting/monoscript/fileName/TreeViewItemIds.cs: 7d654a2b5b3a10da3e7d8472196e96d1 -> 0cdf409b5aa8d4c25876d72b5c6a3b60
  custom:scripting/monoscript/fileName/ProgressOperationHandler.cs: 5fbb4e0f656dcfaa4498bd2e492e4710 -> ec62666c0ca1649dd33cc6bc6834c6f7
  custom:scripting/monoscript/fileName/UnityPlasticTimer.cs: 961fdb6492c99b4a3eadbed28e78c4b0 -> 6c887e722e951c2964523825cad70c4c
  custom:scripting/monoscript/fileName/TreeHeaderColumns.cs: 9fc4a0396a421346b8aa3b7788860851 -> 316e5ea62e66b20fd6e687a6b9e5958e
  custom:scripting/monoscript/fileName/MergeOptionsDialog.cs: 25ac62df73845405e13f44e4dfdcf0d1 -> 9250ce23d260ab84f87bd5899c6cf983
  custom:scripting/monoscript/fileName/AssetFilesFilterPatternsMenuBuilder.cs: 8fe5de6e5dc3d42fb7e95de2aaedbf5a -> 0d99e7514c6a33cda8314deed8f34bc5
  custom:scripting/monoscript/fileName/MergeTreeView.cs: 143a828a1a236483d3cdc1d010ce9d51 -> 3feb38cec50d3fc7576ddbf07a9a9ce8
  custom:scripting/monoscript/fileName/PlasticNotification.cs: 3629fdff9f054b2013702f5b131b2c47 -> 
  custom:scripting/monoscript/fileName/ConfirmContinueWithPendingChangesDialog.cs: c0e147ff008a0b77c9337132a3ea70af -> 77462b1904ad8f6fee2f8da4523d59fe
  custom:scripting/monoscript/fileName/ShelvesListHeaderState.cs: d3cea237aa496a145829475430d90f29 -> 287f23cbe09ecb9b28ec8dd05ede8846
  custom:scripting/monoscript/fileName/ChangelistTreeViewItem.cs: a4a6f6169cdb3afe249e104e2b7b1a2c -> 87f69636be8bd1a264ec4eac1bffa701
  custom:scripting/monoscript/fileName/CollabPlugin.cs: bda741ff77a19affbf276298e29313ec -> ca276d65e7cd77c5c99d9f119ffdb215
  custom:scripting/monoscript/fileName/TabButton.cs: 757146b89ed597b1d75c77241e5d5f63 -> 
  custom:scripting/monoscript/fileName/LaunchTool.cs: 3ac53c8af1f56365aad9e1ae5366d98d -> 60773d78646dc188d4b2caca77f20b17
  custom:scripting/monoscript/fileName/RunModal.cs: 33b931100ee477e6812324eabaa2e837 -> c83ee2ef642c5d8b8dfd32f033bfc438
  custom:scripting/monoscript/fileName/BranchListViewItem.cs: 8fdaa5aa842f5a70237affa304b9d506 -> 55028f4aef24d6227589aaa95582b2ff
  custom:scripting/monoscript/fileName/GetAvatar.cs: 07c98163f75f0b7c672bd453fc82bf61 -> 04ffae2a9e5a4c32a119f93144f558d2
  custom:scripting/monoscript/fileName/MoveAddMenu.cs: 81d47caeb9f49803adfe1627c8ce5bf4 -> 1fbfab870b2e95fdd8a81f6019f764df
  custom:scripting/monoscript/fileName/FindTool.cs: fc3b0710b24078288fe829d0bb041dd0 -> 2f9d82566cfb01fb68fc30111fb47624
  custom:scripting/monoscript/fileName/ChannelCertificateUiImpl.cs: 75d7831ab5da75cc0082e28863abb142 -> cefccf1e13b7bcf15e3c9f2dd4cd2fc8
  custom:scripting/monoscript/fileName/ApplyCircleMask.cs: 02eb67e485278e7c9b719fee5ff90f4a -> b955b378d261fdcbd6272fe8711d1e4f
  custom:scripting/monoscript/fileName/AssetMenuOperations.cs: 131bfc7279b97eba576abe13a47f8f91 -> ebcce67603e288b4a84d49287db6ef5a
  custom:scripting/monoscript/fileName/ShelveAndSwitchOptionsFoldout.cs: 676902ec49ff9c5abb2a832f067966e8 -> e7b216a23869eafb9aecd00a8905fafa
  custom:scripting/monoscript/fileName/VisualElementExtensions.cs: cd98f4a51563fccdfc39eed097290325 -> 0aad2728225c469038631668406aebb3
  custom:scripting/monoscript/fileName/LocksSelector.cs: 70b046a562568fd78d093736e68a3a58 -> 7b0f4fc5552c1d92ba7f4648526ceb21
  custom:scripting/monoscript/fileName/ListViewItemIds.cs: 8f6297df34271fdb1ce2d9607ec6261d -> 90647cc400823b41df847a6cbfc29026
  custom:scripting/monoscript/fileName/CreateWorkspaceViewState.cs: 1deb37b3c17c224d9a7dca9c990ea191 -> 0fe23b7cca9336b31a27790c714de652
  custom:scripting/monoscript/fileName/MergeLinkListViewItem.cs: ebc1e6f9e3a3005d8f4c51a794adfdaa -> 3fa407d29597803190dd374d88ed170d
  custom:scripting/monoscript/fileName/DrawCommentTextArea.cs: ad5449f632fd412ac0f7ba0d171fd453 -> c58c26552f95f108a8d9610eaf001fbc
  custom:scripting/monoscript/fileName/ErrorsListHeaderState.cs: 9141660c9776c5dac5f980fd03a672a8 -> b961336a4a43551eb826f97c57673007
  custom:scripting/monoscript/fileName/MergeViewDirectoryConflictMenu.cs: d45972e8b5f74223c607a4daa895ff3d -> fad8e1937fc14fd75ca21a68ee1037b8
  custom:scripting/monoscript/fileName/RefreshAsset.cs: 4479d2949a66a97f66d1e550067f3767 -> 5a15c606785f1f54a697bb0d0d846dfb
  custom:scripting/monoscript/fileName/BoolSetting.cs: d67f952c3a5976591f3e9a9e7356bbab -> 12bf039ccd38b0f4ccfffbec3cbbf108
  custom:scripting/monoscript/fileName/CreateChangelistDialog.cs: 774371d4233cc1d394d98dc80507a1f8 -> 386b03e27c951c5f1d63daf7aae486ca
  custom:scripting/monoscript/fileName/HistoryListViewMenu.cs: 15a489e494f04a7ea37a587c7601070e -> 29770348599c8d5473b78d72e5741b40
  custom:scripting/monoscript/fileName/MergeViewFileConflictMenu.cs: d7362b83d6b320a0f0ceaf99dbe21727 -> 8fc0f292158abfa71c2c7b3b6f38d32a
  custom:scripting/monoscript/fileName/FilterRulesConfirmationDialog.cs: 5186d89f21d03764f0cca01c2a0122d7 -> 9c91c6c91f20e6d013a753f32343b327
  custom:scripting/monoscript/fileName/ChangesetsSelection.cs: d154d1782ed752b83834c54a0bde3df9 -> 8b9d539af9f7e269bac4e3d79e9ffab8
  custom:scripting/monoscript/fileName/AssetPostprocessor.cs: 96208057b904410715a8df295ba4f8f4 -> 
  custom:scripting/monoscript/fileName/IsResolved.cs: 67a72533af97b9ab7830798057ab806c -> f54a3e2c5134aa4306f9ad150b1911a9
  custom:scripting/monoscript/fileName/LocalStatusCache.cs: a558fcf5f34357bab4cfc7b75e2bb356 -> 30974ea30517fbfd1b93153f6c849a76
  custom:scripting/monoscript/fileName/RepositoryExplorerDialog.cs: 143e7416b576681e1f2ea71288e530e6 -> eea34924da79ad7254f3e141a891c78d
  custom:scripting/monoscript/fileName/WorkspaceWindow.cs: ff52e13cd29dacd66db0169e14f71a23 -> b042f06133312d3bfed176231d97d77c
  custom:scripting/monoscript/fileName/BranchesTab_Operations.cs: 764cb17e9337c58ad4f5304b60b2042e -> 57c33f76c527a5aba4d269245ffff188
  custom:scripting/monoscript/fileName/DiffAndMergeOptionsFoldout.cs: 080cbf9242c0571bafa2e45ef8932448 -> 2810bae564e92b04bc7ebe4e47a2880b
  custom:scripting/monoscript/fileName/PlasticShutdown.cs: a8df8eeeed98372d06e446171a192a6d -> 
  custom:scripting/monoscript/fileName/FilesFilterPatternsMenuBuilder.cs: 28072cd275c96994687e6d4d0d6e1dff -> cf716a8d336c8113475a9ca67a799ec1
  custom:scripting/monoscript/fileName/HistoryListViewItem.cs: 2d3b1fc954b6bdbae298ec250ade0663 -> 96f2b67ec620b83e35d13f11877e1ac1
  custom:scripting/monoscript/fileName/RemoteStatusCache.cs: 00463e6b90cfe7da080d7c266f783980 -> 402d5663f3675e9324c129274b0c00f2
  custom:scripting/monoscript/fileName/EditorWindowFocus.cs: 1012e4e2e29e9b29bdcc03d8b92762a8 -> f258b0cf85078a7435d001e522d5e8e3
  custom:scripting/monoscript/fileName/EnumExtensions.cs: 24df84756ec75feecd53a80a0991ea16 -> 872fcb89b813d64606e680211dede528
  custom:scripting/monoscript/fileName/NewIncomingChanges.cs: fc48261878ef7e4b956e7172f5803aee -> 
  custom:scripting/monoscript/fileName/IsExeVersion.cs: 093723a3ef9cbad630dfdc60c764eff0 -> 9ef63354090e3419637bfe79e3489687
  custom:video-encoder-webm-vp8: eb34c28f22e8b96e1ab97ce403110664 -> 
  custom:scripting/monoscript/fileName/UnityIncomingChangesTree.cs: f774bb8bf0bd45a254894c795843c695 -> 42967773c43d3de5d23be4ddc6dfd9c4
  custom:scripting/monoscript/fileName/UnityDiffTree.cs: 447fc3a8922f56330f4bae8c9dc9a8be -> 1029ffd567bc0e646e6b119719dcb2ff
  custom:scripting/monoscript/fileName/TreeHeaderSettings.cs: 114eb9e27124403e8e111494b8eaf987 -> 662b1714c0fce36da72bbfe60201987a
  custom:scripting/monoscript/fileName/UnityConstants.cs: 323df5e3c80d05e06517581c776fde34 -> e3d3c3e11a194da9e5bbbfb97087a7bd
  custom:scripting/monoscript/fileName/IsExeAvailable.cs: 3e4283303610c884e542b8f6d3e922d4 -> 4a3dbc5ded94087064afd97407f26631
  custom:scripting/monoscript/fileName/LoadedTwiceMenu.cs: 961f9b82936caa7937046ac23d323c2c -> b54aa2e14eb740621bb6f926af7cb8ef
  custom:scripting/monoscript/fileName/AutoLogin.cs: e67ed70aada38469aeb667115929c368 -> b4cb98371fc38cca00d7123b7e649e12
  custom:scripting/monoscript/fileName/DrawMergeOverview.cs: 1db93bf179b38015949e3a3cb6ef1bd3 -> 49e0e525c3c170f79c20dc6779b7ead8
  custom:audio-decoder-ogg-vorbis: bf7c407c2cedff20999df2af8eb42d56 -> 
  custom:scripting/monoscript/fileName/UpdateReportLineListViewItem.cs: a101f0ba5292fc139445870b3f4af838 -> 9f63395e1ea590dbbab4d59cd0032ac4
  custom:scripting/monoscript/fileName/DrawSplitter.cs: ec7e8739eacabcca3e2946d9833eea0f -> d2f114a8e8e4167f7762d835a83b2f55
  custom:scripting/monoscript/fileName/LaunchDependenciesDialog.cs: e1c527862a66e73f0417ae177d7fdfb5 -> 2cabf22eb95430074b6c730a84e03493
  custom:scripting/monoscript/fileName/CredentialsResponse.cs: 96b135ae1c4ea541dc762170ea524fa9 -> 3dd2507693e56dac75ee7783f598cbb9
  custom:scripting/monoscript/fileName/LaunchDiffOperations.cs: aeae601320588a70eea7590a2f7e0f69 -> 871a0804a9fe2d9f2ad088303a89a63e
  custom:scripting/monoscript/fileName/PlasticSplitterGUILayout.cs: 111849f67dfbfea65ad2a9298ad1654d -> 
  custom:scripting/monoscript/fileName/CheckinDialogOperations.cs: 0b2a2cd4c41cf1865a29cf91b2a96a48 -> d032d69e8060311c06b88286e8f22ddd
  custom:scripting/monoscript/fileName/PendingChangesViewMenu.cs: 68fab310addfd7068cfd7920070496ff -> 9b0019b6df6bb14eb3a2dbafa53fb54b
  custom:scripting/monoscript/fileName/AssetsSelection.cs: 35cec24e81f0cb1de51daeb356abc4ff -> 0227d7ff4d5687932d10967a945a9b06
  custom:scripting/monoscript/fileName/EnumPopupSetting.cs: 8f6297df34271fdb1ce2d9607ec6261d -> 90647cc400823b41df847a6cbfc29026
  custom:scripting/monoscript/fileName/PlasticConnectionMonitor.cs: 920e8e381bfc94da8bb69d336dda57ca -> 
  custom:scripting/monoscript/fileName/HistoryListHeaderState.cs: 6226ef13a567fa81584864f8698be331 -> a87e0364d14866c369ad50d669bdfa85
  custom:scripting/monoscript/fileName/EnableSwitchAndShelveFeatureDialog.cs: 2cb9334d072aaff777efab2d72a2583e -> 03bdf2f298649e7c429ac90c7a3c461a
  custom:scripting/monoscript/fileName/CloudEditionWelcomeWindow.cs: c886fdb39f4b8787e6ea3701a8f88f4a -> b1721e471183956468462f6b64901640
  custom:scripting/monoscript/fileName/AssetsPath.cs: 367269acf8f676d2cdd30fdc387b3920 -> e0e986124adc46d913f0683c34b88c9f
  custom:scripting/monoscript/fileName/MetaPath.cs: 1f80313a7ce6ec6ece505285578f5745 -> 417a84eb354831f828a6752b26c8592d
  custom:scripting/monoscript/fileName/CredentialsUIImpl.cs: 90e9c2de8d7bdd8424e0d89c415108ae -> dbacf67c37819fd95562fe169e706732
  custom:scripting/monoscript/fileName/ChangesetsViewMenu.cs: b720f0168f4ce1b1e0d358a6d5ec9a42 -> 7d1a2de81910b5990e71a0bfff26fdca
  custom:scripting/monoscript/fileName/UnityPlasticGuiMessage.cs: 2a7f71f59c0d7dc731fd345a3713957c -> 24eef0792e3802809607a7f9d04b8f1d
  custom:scripting/monoscript/fileName/OrganizationCredentials.cs: ee462057b3bd23cc3dab953ac4d656e2 -> 0b123406cadd651e9adc01c85fab5124
  custom:scripting/monoscript/fileName/StatusBar.cs: 2c8c488a8bbfe924f6b53b202ff6aadd -> 
  custom:scripting/monoscript/fileName/IsCurrent.cs: 7343ceec4312304bb8b398eeb6c375fa -> cf1fd01890d0fd9f011c1a1a491e2cf0
  custom:scripting/monoscript/fileName/ChangesetFromCollabCommitResponse.cs: b986ab8b1acd322b0367812e2d541734 -> ba336e4117e1b7ee28e4c17197bc3d0e
  custom:scripting/monoscript/fileName/MoveToChangelistMenuBuilder.cs: 3a2ef8cb0baf69e5dadeafc731fe32a9 -> a90b3e388d3e1316fa104d4c9a03e2d1
  custom:scripting/monoscript/fileName/LoadingSpinner.cs: b3299af90b664a9f42123e7df43fae24 -> 6aff0ac022d117a8e24a7b5e4b11904c
  custom:scripting/monoscript/fileName/LocksTab.cs: 134c512484ae73354c15c06a6dc69f9f -> 00ffb5a39c16fdc2d733c7e53471a3a9
  custom:scripting/monoscript/fileName/BranchesTab.cs: 764cb17e9337c58ad4f5304b60b2042e -> 57c33f76c527a5aba4d269245ffff188
  custom:scripting/monoscript/fileName/ToolConfig.cs: 18b1ea271ce5e7b6deea7b4e8e175269 -> fcffc3165b047f54ed6ccafa4c8760dd
  custom:scripting/monoscript/fileName/DropDownTextField.cs: e66e7314096900597993d2b353757d8d -> c8fc484ce140049ff31ebc2c6cbebf28
  custom:scripting/monoscript/fileName/AssetsProcessor.cs: 47679a6e15b70f4fef48eb1b2df31b19 -> 18737889e95cd4088e8dfd4153fa8f40
  custom:scripting/monoscript/fileName/DrawActionButton.cs: d847a7d82ac92cab2b3d0ae268cefb3d -> 81e6708d2b8fa199354e53f85db731a8
  custom:scripting/monoscript/fileName/TableViewOperations.cs: ddc7b903e0dbd6bd109f2bd709b95f0e -> bef3a31deb1fe794a90f767d16e4c868
  custom:scripting/monoscript/fileName/UpdateProgress.cs: 5b04f01bf199310f09ab9522f89c78f4 -> 281e1e05168d6a30be1d8d2f6200bef8
  custom:scripting/monoscript/fileName/OrganizationsInformation.cs: b3f0758c6655b2dad1161792812992fa -> 5f067ea8d90fc79055a3dcfd58ae6dca
  custom:scripting/monoscript/fileName/ChangeDeleteMenu.cs: 652dcd6f863c509bfa0376b6d95ab1ec -> 4fefe66d6e279ce0ac2fdc57d409f232
  custom:scripting/monoscript/fileName/SubscriptionDetailsResponse.cs: e10e0299ef716630c63b8cf5f792cda0 -> e5121cec860a6d1097cc809217b3d8fe
  custom:scripting/monoscript/fileName/DrawProgressForDialogs.cs: 5f8d39e3ea7c4a42148c6b1a7b4ca061 -> a5f2abd8875e7a6afbc171fabfbae81f
  custom:scripting/monoscript/fileName/ToolbarButton.cs: 47dc767626bbd94d66707af31ddc5eb6 -> 
  custom:scripting/monoscript/fileName/ProjectViewAssetSelection.cs: 349dc288d32791de51156d4e59000b7b -> 2560eadaf6a13a74a46a4a207cd5a8b6
  custom:scripting/monoscript/fileName/DrawTreeViewItem.cs: cceebc4f1185658619e40964f29acb08 -> 0921a62a588ab864253743d1f07afb5a
  custom:scripting/monoscript/fileName/DrawSceneOperations.cs: 2426c0c2ee58cd28be59874f6425940c -> d87f46f9fb97181a2f51490ea2e1efc3
  custom:audio-encoder-webm-vorbis: bf7c407c2cedff20999df2af8eb42d56 -> 
  custom:scripting/monoscript/fileName/DrawActionHelpBox.cs: dcd6ec2e7fb1b44f22c4a79ff87b70cd -> c8f6be9dab1e6f8d71e0c63c29679186
  custom:scripting/monoscript/fileName/PendingChangesMultiColumnHeader.cs: 21802cc6929e0e180fb4f0be8e34d9d0 -> 722de7d6e07a79981d750438e6febb8f
  custom:scripting/monoscript/fileName/EditorDispatcher.cs: c739e073a8c38dbcf59192f45d1004c5 -> 3c402eae57d73cc54863f3f6a13096ae
  custom:scripting/monoscript/fileName/MovedEvilTwinMenu.cs: ce111941dc7264d29598ce7fd2770927 -> d480b839850d28c1c9526cb587fc752d
  custom:scripting/monoscript/fileName/IIncomingChangesTab.cs: d4ceabdc48d8a1872bbe87f04d89a4ff -> 40644cd18074db84684b9e437bf8fa77
  custom:scripting/monoscript/fileName/GetChangesOverlayIcon.cs: f00e4b795697c6cf3092760f3b6fc49d -> d599d6efdee28305661bc0cf6683858a
  custom:scripting/monoscript/fileName/ShelvedChangesNotification.cs: 13b6a2ccd8b4ac1f5ee30c8404cea3b0 -> a27e9e7b242b904f41fc1b16d3a1b3fd
  custom:scripting/monoscript/fileName/EvilTwinMenu.cs: 475a88947051822ca4915306469f9bcc -> 919e4faae0573e49949f6dfbb5a733da
  custom:scripting/monoscript/fileName/ChangesetsListView.cs: caae0aefb36c869f50691482a5cd0944 -> 87b74e0d80cf59010f55e2baaeb6679d
  custom:scripting/monoscript/fileName/UpdateReportListView.cs: 2d8fccdaad50bbd7454b52cf9cb4a0f9 -> 08d26df1ab6c3a7628addc5e54e50b08
  custom:scripting/monoscript/fileName/UnityConfigurationChecker.cs: 59a8f0715a7c89a752351bf42f94abbd -> 874cd65cce0384fef4b60e71fb08a429
  custom:scripting/monoscript/fileName/CheckWorkspaceTreeNodeStatus.cs: 5e11ff64963669981115eb58dc2b6e8b -> 1e1255b803bf7cbc935bb804bf0dbe7b
  custom:scripting/monoscript/fileName/TreeViewSessionState.cs: 8333273b312d475b653610e2871c20a5 -> 9f39a2ca55a7481b8ba078d3a2b6815e
  custom:scripting/monoscript/fileName/ErrorsPanel.cs: 21fc210ee17d5e95782397ef8c7dafab -> 515b7ba9af5e7885ba3068b1d63c6104
  custom:scripting/monoscript/fileName/PlasticPlugin.cs: a57c142b98ca3d4daad221737fd72924 -> c64561980f26020cc3206ae8b1047268
  custom:scripting/monoscript/fileName/SwitchModeConfirmationDialog.cs: 4d9c02587760213784bfe53d012122b4 -> 30cd71d0b3ee4b2689cde689908d301e
  custom:scripting/monoscript/fileName/PlasticWindow.cs: fc467478941f610919bc69526ba2c215 -> 
  custom:scripting/monoscript/fileName/PlasticExeLauncher.cs: caa0b5dda5df50c85bb19d27252d16b9 -> f1da27253760250030952f02cb54965a
  custom:scripting/monoscript/fileName/BranchesViewMenu.cs: 8089f11c30784e2e57775dd6cdbae898 -> 7bfc83e917c9b0b5aa423bb947ce2a38
  custom:scripting/monoscript/fileName/CooldownWindowDelayer.cs: 7816cfcad485500dbac9993c4502ea69 -> 4c95e39c8dd4cfa1bca106097fdb6524
  custom:scripting/monoscript/fileName/GetInstallerTmpFileName.cs: fa7bda723ac795b48e38504727f44981 -> d09e0b5c7a9af5874530e17ef23025f0
  custom:scripting/monoscript/fileName/AssetModificationProcessor.cs: a602c9e59e7db185e3a0d68d986e6fef -> 
  custom:scripting/monoscript/fileName/IsCollabProjectMigratedResponse.cs: 4c3294c6a51e6f42161d191230692016 -> af2b76c693935deee55cfcaed2aa7568
========================================================================
Received Prepare
Caller must complete domain reload
Begin MonoManager ReloadAssembly
- Loaded All Assemblies, in  2.445 seconds
Native extension for LinuxStandalone target not found
Native extension for WindowsStandalone target not found
Native extension for iOS target not found
Native extension for Android target not found
Native extension for WebGL target not found
Mono: successfully reloaded assembly
- Finished resetting the current domain, in  4.386 seconds
Domain Reload Profiling: 6802ms
	BeginReloadAssembly (213ms)
		ExecutionOrderSort (0ms)
		DisableScriptedObjects (10ms)
		BackupInstance (0ms)
		ReleaseScriptingObjects (0ms)
		CreateAndSetChildDomain (47ms)
	RebuildCommonClasses (60ms)
	RebuildNativeTypeToScriptingClass (15ms)
	initialDomainReloadingComplete (83ms)
	LoadAllAssembliesAndSetupDomain (2045ms)
		LoadAssemblies (2084ms)
		RebuildTransferFunctionScriptingTraits (0ms)
		AnalyzeDomain (48ms)
			TypeCache.Refresh (14ms)
				TypeCache.ScanAssembly (1ms)
			ScanForSourceGeneratedMonoScriptInfo (20ms)
			ResolveRequiredComponents (10ms)
	FinalizeReload (4387ms)
		ReleaseScriptCaches (0ms)
		RebuildScriptCaches (0ms)
		SetupLoadedEditorAssemblies (740ms)
			LogAssemblyErrors (0ms)
			InitializePlatformSupportModulesInManaged (102ms)
			SetLoadedEditorAssemblies (7ms)
			RefreshPlugins (0ms)
			BeforeProcessingInitializeOnLoad (187ms)
			ProcessInitializeOnLoadAttributes (399ms)
			ProcessInitializeOnLoadMethodAttributes (35ms)
			AfterProcessingInitializeOnLoad (8ms)
			EditorAssembliesLoaded (0ms)
		ExecutionOrderSort2 (0ms)
		AwakeInstancesAfterBackupRestoration (5ms)
Refreshing native plugins compatible for Editor in 60.73 ms, found 0 plugins.
Preloading 0 native plugins for Editor in 0.00 ms.
Unloading 4208 Unused Serialized files (Serialized files now loaded: 0)
Unloading 19 unused Assets / (48.2 KB). Loaded Objects now: 4696.
Memory consumption went from 138.3 MB to 138.2 MB.
Total: 6.010802 ms (FindLiveObjects: 0.507604 ms CreateObjectMapping: 0.208642 ms MarkObjects: 5.115218 ms  DeleteObjects: 0.177103 ms)

Prepare: number of updated asset objects reloaded= 0
AssetImportParameters requested are different than current active one (requested -> active):
  custom:scripting/monoscript/fileName/BuildMergeTabParameters.cs: 2c923f29302a39560b4301c3fd163a7b -> 
  custom:scripting/monoscript/fileName/IncomingChangesTab.cs: 8a20aca125f6d4b837670edb6e36bc05 -> 82bff1d960538992d4e618d909869d2e
  custom:scripting/monoscript/fileName/DiffSelection.cs: 34faf7c86f7e0c9a01162e930679d82f -> 1460aaba4240ef35322cb9c198487990
  custom:scripting/monoscript/fileName/DrawStaticElement.cs: 6cbd346d4a1be2ee84c9ebe55a7f9f79 -> 5765d84d60602f16f5577bf0b7fc6b96
  custom:scripting/monoscript/fileName/MoveDeleteMenu.cs: f1a7b8a8be76c035d934c51863f3b934 -> c4ad4528e772c33a6167006886a8d1da
  custom:scripting/monoscript/fileName/DialogWithCheckBox.cs: 738e3e0af97e826e16805dda77e5f009 -> 
  custom:scripting/monoscript/fileName/DateFilter.cs: de3aab0283a2b4a1d4d64145b14132d5 -> 3a6cb8c2e3ffbb5a9052e322ee5bf411
  custom:scripting/monoscript/fileName/PerformInitialCheckin.cs: be22d181e456c0a8a5713675f29ac72a -> 8ef9a9f407b8b94b2b5fad9d24e61f79
  custom:scripting/monoscript/fileName/ConflictResolutionState.cs: d9394655856a9fc1a0b280bc997bac16 -> 74a230000ff2fd58c5a60ab4258207dc
  custom:scripting/monoscript/fileName/FindWorkspace.cs: 39bbd18bfe6bf4a99f5c185dcda4dd4a -> 6af6c9e9382fef881c020ab184e6f7f5
  custom:container-demuxer-ogg: 62fdf1f143b41e24485cea50d1cbac27 -> 
  custom:scripting/monoscript/fileName/CheckinConflictsDialog.cs: d3af1d70d3f60a9847d2942647274222 -> e13fa04a97fb675842c94586fc602871
  custom:scripting/monoscript/fileName/AuthToken.cs: d22b2893825e943bc1389be142abd57e -> 0fba7e8eb1ec8b699f274cdc956451b2
  custom:scripting/monoscript/fileName/ProgressControlsForDialogs.cs: 6bf8e69ac7dc2163fe988e5d8181ce88 -> 7e6bd1727985204e3b64e1946e589b1c
  custom:scripting/monoscript/fileName/AssetStatusCache.cs: beede06d8a6d93e7907fd192ad653f2b -> 260d5f85663ac58b2a7e9553c453bc3e
  custom:scripting/monoscript/fileName/OrganizationPanel.cs: d7ac1288bef1b15a05bb26d201a4d87f -> 57a57e6a345dbd536e91c348b70943a9
  custom:scripting/monoscript/fileName/ChangeCategoryTreeViewItem.cs: efd70108e1f6ff61ed2723220486adfc -> fd14db176fff061715c8ec88ced1902f
  custom:scripting/monoscript/fileName/CurrentUserAdminCheckResponse.cs: cec2f173fe8732108711c497674c6f66 -> d57c2dcace740834acd59fdfbc5023b8
  custom:scripting/monoscript/fileName/UIElementsExtensions.cs: a191d7293be4538b0adb29dfe5b06a46 -> 52e0d612ab032e4d22e9558b90396b99
  custom:scripting/monoscript/fileName/CreateBranchDialog.cs: c429477092287209232592c8cde1a615 -> 9eb29fda08033b4f847247136c412db6
  custom:scripting/monoscript/fileName/DrawCreateWorkspaceView.cs: 6422239d8f649480614f0dd4f018b7f2 -> c6039ac84d85ab3926aa94de163a9f7d
  custom:scripting/monoscript/fileName/ProjectPath.cs: 5634ebdbea8ca94089eb9622d1b60497 -> 2007f972d3a73eeb86dfe05e849c7f69
  custom:scripting/monoscript/fileName/SSOCredentialsDialog.cs: 8967ceae1bc195ea8dd32b23c42dd852 -> e140ede12a96f68f30062138385171c3
  custom:scripting/monoscript/fileName/DownloadPlasticExeDialog.cs: 2dd40c53d0303d041a27a44a95c331cb -> 093cfe0607c2346a88cdfdfe1435614f
  custom:scripting/monoscript/fileName/GetOperationDelegate.cs: e719058321e4f2be94be212e42f097c8 -> 
  custom:scripting/monoscript/fileName/PendingChangesTab_Operations.cs: c99065f3c85ec85c85ece2a1a30665af -> 15ae6787065f4af65778e981f418a60b
  custom:scripting/monoscript/fileName/LocksListViewItem.cs: cc9cd24c5be4f7363367cba72f12aad4 -> f4a19fabbec093eb3d6a7e1cd4f42611
  custom:scripting/monoscript/fileName/PendingChangesViewPendingChangeMenu.cs: 561ad0f702e1db14300a4a5f810051f9 -> 9a6ef2277212bf26d647c7f12f946287
  custom:scripting/monoscript/fileName/SignInPanel.cs: f7e82045994d4eefe3b021faa87b55c6 -> bac0318ce35e37bed3a2cc8137452435
  custom:scripting/monoscript/fileName/DrawInspectorOperations.cs: 61c4a6a6507d8f84ef5bdf5cba3f0aee -> 8c94fe642e98309082411f46db89106b
  custom:scripting/monoscript/fileName/DrawDirectoryResolutionPanel.cs: b77d9918f02a8eac64394aaf99fa4b28 -> e4e3c9b4bc511687802b504b71016540
  custom:scripting/monoscript/fileName/CloseWindowIfOpened.cs: d820344e932a12600b5fe6fb7e9f1563 -> ce229ef3b7461ff17e2c1af0695a6657
  custom:scripting/monoscript/fileName/SaveAssets.cs: e472a52843752df7d7ad4ca6b2c8da98 -> b56abea3d51c742ac29e4aec958afad6
  custom:scripting/monoscript/fileName/MergeViewMenu.cs: 93bc40369a2f104c249cef1d685ad358 -> c1676e16bdcf215f6595ea9de7a1fc33
  custom:scripting/monoscript/fileName/RepositoriesListView.cs: 9f95c83dc460fb03fb0916472f14b8a7 -> 95287f65338ca0073ad04002a16eaaf7
  custom:scripting/monoscript/fileName/HandleMenuItem.cs: 740e54c5f6dca1acc88cad87af74b744 -> b4ad1ecc5243212c5967125ad5e41b1f
  custom:scripting/monoscript/fileName/ScreenResolution.cs: 5c975132cf4e36dcc261bd0acd604271 -> 7bb7bb5b955671820101b322f0a7bf3d
  custom:scripting/monoscript/fileName/ApplicationDataPath.cs: 8e4094e28762fb76a1baecfe90c6b65e -> 3e8c4ea8debfda8013fed860ac233d22
  custom:scripting/monoscript/fileName/MergeSelection.cs: 6deb9bc55c10a7ac7c9f905a7b92dbe8 -> 630eecd27cae3311e65e09d9c63da8b7
  custom:video-decoder-ogg-theora: a1e56fd34408186e4bbccfd4996cb3dc -> 
  custom:scripting/monoscript/fileName/RepaintInspector.cs: f134606300316994850c28a68d0cb5a3 -> 
  custom:scripting/monoscript/fileName/LockStatusCache.cs: 5e3725e03dc21c716034553589a67eae -> e99b3f34c5cd3eb73ec19439af1f7f80
  custom:scripting/monoscript/fileName/DiffTreeView.cs: 68195907d129ef826aa6b6df7202696d -> 49f46fd2a65ea674a218eead75f27aac
  custom:scripting/monoscript/fileName/DependenciesDialog.cs: 82d30fc8d5e1a73ec0d1ee9acc00fbc2 -> c8902186ab2f4e6471b5dd147afb01b6
  custom:scripting/monoscript/fileName/ChangesetListViewItem.cs: 95a197949f1e777703db60eea8cc21b3 -> d742a4910e302777daa1ccb9c8e92cb9
  custom:scripting/monoscript/fileName/LocksViewMenu.cs: fda08381fa9abca53b6eaf3bf55f14f8 -> 186d8514e824865b191ba1829afe4b33
  custom:scripting/monoscript/fileName/IncomingChangesViewMenu.cs: 5f96afa82d3e2a8078206b7f6d3b0752 -> 13196979a03411533716f6775c9a624b
  custom:scripting/monoscript/fileName/DivergentMoveMenu.cs: 5b146ed65a6a030ab7d86a0d711244f7 -> 98d76b5791494212a0c25aa6a4af7288
  custom:scripting/monoscript/fileName/QueryVisualElementsExtensions.cs: 75ea535788abf9c38ba9341c984a6241 -> a49740b6efbb934f55475cc70b864a4c
  custom:scripting/monoscript/fileName/WriteLogConfiguration.cs: 1a8401f47b522f631a3dc005105719f5 -> 1589212d1638ae91a029ea3ddf9999f2
  custom:scripting/monoscript/fileName/FileSystemOperation.cs: c31a686e69e66801c204a11be56c950a -> f0ccbe91654279794a85bf6f1c034716
  custom:scripting/monoscript/fileName/MigrateCollabProject.cs: af93695e471d9c8e4ad014c4165f2c3c -> 9f3487f03a783b35518405572f20ac9e
  custom:scripting/monoscript/fileName/ProgressControlsForViews.cs: 7d677c6df38ab15cf390062b5b0bb854 -> a8a18a90f46aa63848e1e45d8d7ff9af
  custom:scripting/monoscript/fileName/DrawAssetOverlay.cs: 04a46044def089f0abcdafdd281e3646 -> 
  custom:scripting/monoscript/fileName/ProjectWindow.cs: c62567a3d71fd74636bc783de5162474 -> 
  custom:scripting/monoscript/fileName/MergeLinksListView.cs: 826afb5fb5988163105086b4bf5027af -> c9488671ae9b14523680d0c19097baa0
  custom:scripting/monoscript/fileName/UnityCloudProjectLinkMonitor.cs: a6d5b729fcd63f578363f7929a986e8b -> 86b74508945daf368996ea82904ac8da
  custom:scripting/monoscript/fileName/EditorProgressBar.cs: 7418be9b22aaea32732f8a5f49569d1c -> 08c2f2b90ef64df631d46389f0e22c8e
  custom:scripting/monoscript/fileName/MeasureMaxWidth.cs: cd9322680ae61d38397008451b7ed0ed -> 1569e3f1dad91a9b01cba66ab6aa30b0
  custom:scripting/monoscript/fileName/RotateOnY.cs: 1f4538f6e3a282cc342bcb25fa7ddca2 -> 
  custom:scripting/monoscript/fileName/ChangesetsListHeaderState.cs: 69fc4f1a2bc3782d7043ec48961a3616 -> fe1392f9b135da83e13fe8a5e5f39fc2
  custom:scripting/monoscript/fileName/PendingChangesTreeHeaderState.cs: 7d278b5569d28437d07554a3bbb56e1b -> 5d7f70d142c9ac67864ec14950523d62
  custom:scripting/monoscript/fileName/MissingEncryptionPasswordPromptHandler.cs: 7f5831fc8a41e9cadd84fcfd0e885072 -> 5d7b9646eb14a39b6d3d5bab19d266ff
  custom:scripting/monoscript/fileName/ChangelistMenu.cs: ca33bac56b3a337faa90a1b1bba632d6 -> c1bf5aeb760cc5eae584ea3944d6531b
  custom:scripting/monoscript/fileName/NotificationBar.cs: d1a4cf5e8103d80fd25347275f906aa8 -> 50f1a85fa18d94338418def78dcd8543
  custom:scripting/monoscript/fileName/EmptyCommentDialog.cs: c9c28ff22d24598d7e4856f434bb1b92 -> 99cc06133e502eab7998108e26fd5614
  custom:scripting/monoscript/fileName/UnityThreadWaiter.cs: dbd556f2802baab90a20da38c288d36c -> 99333406d92d10003984b4d1920de2f9
  custom:scripting/monoscript/fileName/CredentialsDialog.cs: 179b5e49656a1623c2e79d838f0f5876 -> c785d5e40f8d66b7ef7ba04ee7c324e0
  custom:scripting/monoscript/fileName/ProcessHubCommand.cs: 30630f626164e285c361aa64e681100e -> 8ab0fc63fa4d9d749198dd61b09d7e37
  custom:scripting/monoscript/fileName/GetRestorePathDialog.cs: e21eb9983f0b989125951478cd5e9b35 -> 353d1126ca2d2063d5bdbd06806ffc08
  custom:scripting/monoscript/fileName/UpdateReportListHeaderState.cs: 64a5bf775d221ad9a5ff8c78a1e0e1fa -> d6cbe54be2898ed2c96c2e79572c2e08
  custom:scripting/monoscript/fileName/LocksListView.cs: 8c6202774eebcf67be9c3b5a2926cc7c -> 7aa51ff93bcc98aa05dec8b46ec200c4
  custom:scripting/monoscript/fileName/DownloadAndInstallOperation.cs: b043b8d5921892e87f4566e00162cff6 -> 4f4065aeafda2af0ec272a3c228e27b2
  custom:scripting/monoscript/fileName/DiffTreeViewMenu.cs: 3e62bfc69ca7486976988e151b88922e -> 8039fc4ecf68b3e966e1f4822789e7fa
  custom:scripting/monoscript/fileName/UnityStyles.cs: 1a176026ce9da8057f3ec90dfe0bac74 -> bbbba3cda37678cfc74d71ffebf36e7f
  custom:scripting/monoscript/fileName/HistoryTab.cs: 4d086984813cd90d6be245dd8e03a2ba -> d57f000c65fde42a2228c7a105a836e5
  custom:scripting/monoscript/fileName/HistorySelection.cs: 7c3afcf345a55e8b77ea41ca0f570218 -> 3d07a3d1241e204b5420d71f1137eba4
  custom:scripting/monoscript/fileName/CreateWorkspace.cs: 7b3086384e5ddcd73cd5064a3ce31cd2 -> 5256205b5cf0570b6f698c7abe518f5a
  custom:scripting/monoscript/fileName/ShowWindow.cs: c731454122754eec192bc3c53fac3d95 -> a6bb1d20733c178256b38974418d7450
  custom:scripting/monoscript/fileName/LocksListHeaderState.cs: b80c5f044f18764adef2e9dbea5f0fb1 -> c7fe4d3b5f954615048f8e79925d29e3
  custom:scripting/monoscript/fileName/CreateRepositoryDialog.cs: 1e1c5399cf3d0b071c7982c565a710ce -> 5cec3e66b09e0dbe1f805953c5c64af9
  custom:scripting/monoscript/fileName/RenameBranchDialog.cs: a3111a345c6451ee64cd16f1989c2313 -> e5c89c05c87517babb3730e87196a494
  custom:scripting/monoscript/fileName/EncryptionConfigurationDialog.cs: 6423045767c07e6360ff314ec741c601 -> 19e9c54aff6ffc68d60fe11f80578947
  custom:scripting/monoscript/fileName/CheckinProgress.cs: 298ac58365579798eb3b4defc181ccaf -> 75b93dbc5ef307111f0647f735640420
  custom:scripting/monoscript/fileName/AssetCopyPathOperation.cs: 571ede78b6298606a236918df9df62d5 -> 633a9d130b72ba594756844b628f0ae2
  custom:scripting/monoscript/fileName/PendingChangesSelection.cs: 766664749a54eea9ecce5dff917430ef -> 1721ad72d074757364587c71b49d9382
  custom:scripting/monoscript/fileName/LoadAsset.cs: 9042eb334fc462cf466672445be1d4c2 -> 5e4e082aa5b21c13b80eb237fe94d00b
  custom:scripting/monoscript/fileName/Images.cs: 0b0c14141950fed99e3ef33199b3b4c9 -> fbdd1e600315d249327f3effde045c9d
  custom:scripting/monoscript/fileName/DrawLocksListViewItem.cs: ce3a3d64ec2d84c3556ffd4141efc4f7 -> 6201c4d50383e970d554210505562d37
  custom:scripting/monoscript/fileName/DrawProgressForOperations.cs: ea9179848be98ee7719316b39339ef29 -> b544f18e6532ba53bbd1b691fa5cd571
  custom:scripting/monoscript/fileName/ViewSwitcher.cs: bb22cc2814598bf2511f6c811c1dc194 -> dd1f6d6bc6ad5beda69b13cdb560799f
  custom:scripting/monoscript/fileName/RepositoryListViewItem.cs: 2f16ba7694ec7934685021093e722c4e -> 3cabcd81911a2500dcd9e2b6ffae3f00
  custom:scripting/monoscript/fileName/InspectorAssetSelection.cs: 71ba78e42827a9b22a9a6016733d756f -> 4b3c1ae4c44d88205aef26229acfe022
  custom:scripting/monoscript/fileName/UVCPackageVersion.cs: c4d95cb84d9d8dff4727eba6b0a64378 -> 
  custom:scripting/monoscript/fileName/IncomingChangesTreeHeaderState.cs: f578f4545f0afb1f0a2de9a25e26e33b -> 9fcb97ef2da44c66332f5c6800c2e6ed
  custom:scripting/monoscript/fileName/DrawTextBlockWithLink.cs: d38f3ee197d9063693d0301d5157b32c -> 1d43814d810f0d56e2964ad3b72f271e
  custom:scripting/monoscript/fileName/WorkspaceOperationsMonitor.cs: 5f05751fd4d94e02e79a5bf200f98f9a -> 43dcc435c252a54bdaaf4d6588b7d66e
  custom:CustomObjectIndexerAttribute: 232f87dd983dbecb2a4e21e08eb2cef8 -> 
  custom:scripting/monoscript/fileName/ShelvesSelection.cs: 05891c88858e4ac7776c0c0c49b5b74f -> 8a3e11e7cd7bbf10b24988c7bf636dea
  custom:scripting/monoscript/fileName/MacOSConfigWorkaround.cs: 8634a542fc5c45ea8cd9a8244bf2c871 -> 9fe61e763da506601651f6c451cecb0a
  custom:scripting/monoscript/fileName/IncomingChangesSelection.cs: a96a5a084d59fe3917a3831b68fa9479 -> d86f9f4463e6f9d99bb815e1f018ccf1
  custom:scripting/monoscript/fileName/AddMoveMenu.cs: 07e842d83dd343358454fef0a7927a0d -> e681c3341f01390e9c1d636ae93280df
  custom:scripting/monoscript/fileName/PlasticProjectSettingsProvider.cs: c126b47f9f934d48f0646c249a5bfcca -> 8c4ae1aeb34c51d2a5a8924265075ff2
  custom:scripting/monoscript/fileName/AssetMenuItems.cs: 9ce81cedb8e568c6b7b646aa6263645b -> 
  custom:scripting/monoscript/fileName/ToolConstants.cs: a088b027c7b0922429c756f12b0507ea -> 3b0d2490617bc7f94a0bdab65a399e1d
  custom:scripting/monoscript/fileName/MergeTab.cs: f39dce5bbfdc053d284a55fc102a8be9 -> f0a9f00e065364eb63b070091ade67f8
  custom:scripting/monoscript/fileName/GetSelectedPaths.cs: 02423a81496d6c63598b5cdc203f4354 -> be35dd49dddd53fc840b9febf21b4d0d
  custom:scripting/monoscript/fileName/TokenExchangeResponse.cs: 0dd9138dbeab6f132711a5b608de5c13 -> f20183d4cf939766d3c1e15cc3bec2e3
  custom:scripting/monoscript/fileName/ChangesetsTab_Operations.cs: eca44847b108faefa69f8c525242c965 -> 3290c4c0cd248666e01a08ee6d621249
  custom:scripting/monoscript/fileName/OverlayRect.cs: 59d6887e4803f8a44ffaa0409470e410 -> 
  custom:scripting/monoscript/fileName/ConfigurePartialWorkspace.cs: 309d4276b0164b05348aedbd51cc0b2f -> 10fcc6b6d43dd5ed36c43c6f7b5906c4
  custom:scripting/monoscript/fileName/ValidRepositoryName.cs: 43c262be3f66a970816e3d3a3ee8872a -> 56bcf92a3678f6ad6215cae2e4914cfd
  custom:scripting/monoscript/fileName/OtherOptionsFoldout.cs: eea27b9873519c1ea7c35b8afc1b7947 -> cc8f3a7680050422963ebd2bf169a841
  custom:container-demuxer-webm: 4f35f7cbe854078d1ac9338744f61a02 -> 
  custom:scripting/monoscript/fileName/GetPlasticShortcut.cs: 2a84c035152261f00e7e66eb44cd0ffa -> 5c2b7bf07ddd2284efc64b09ef0f1f72
  custom:scripting/monoscript/fileName/ApplyShelveWithConflictsQuestionerBuilder.cs: e109c624745dcc4304c557872b253808 -> 02e4256f31bc905362a382e31c3387eb
  custom:scripting/monoscript/fileName/GuiEnabled.cs: 1b1658fd7715b5cc664c10a130c6b629 -> 7bb13fcc8d8cbd392e00f7232841f086
  custom:scripting/monoscript/fileName/BuildPathDictionary.cs: 943911b84162d26cea47f964f9a0a399 -> 9fabc7cc73fcfc50b8a3307c6aa6ec4d
  custom:scripting/monoscript/fileName/FindEditorWindow.cs: 2bb64182aef631315344623cf583c78a -> 8c3c78bb7e82ac5008f8a2b8a0d68cff
  custom:scripting/monoscript/fileName/ShelvePendingChangesDialog.cs: 47aa4c07d31152c0c1eff64d2ba76cc6 -> 86b1f48b5fbaffa67e939e7f404062e6
  custom:scripting/monoscript/fileName/DrawProgressForViews.cs: c153245b67af73b7ee03f693a1127796 -> 068a172cb549ad77d9873d721698bd0d
  custom:scripting/monoscript/fileName/UpdateReportDialog.cs: 706e7e86547c339cdb3a4462e3f7a54d -> 087837d8f73228f1a817d0de82c77260
  custom:scripting/monoscript/fileName/UnityMergeTree.cs: f81f2d7551ab855fe9dc724f3f2e2892 -> 59edaa0a4669bbcb540a261166adc144
  custom:scripting/monoscript/fileName/CycleMoveMenu.cs: 91c21a0be9b3727d7673f94321029c52 -> b3993a7306fc941f55ca963833965729
  custom:scripting/monoscript/fileName/HistoryListView.cs: 527da2d093462f1c4a278d6957e7d5ac -> 7b2d1d2c12ab43d9d244e35197127919
  custom:scripting/monoscript/fileName/ChangeTreeViewItem.cs: 506ed128854137d9f75f9e3d2576a06b -> b0a38ce0a620643c776a3db4fd91bc4c
  custom:scripting/monoscript/fileName/BringWindowToFront.cs: 88b20f2a2881db6a013f54923d68cdee -> a30c7c1ba746c6d277a5aedd3057d15e
  custom:scripting/monoscript/fileName/ShelvesViewMenu.cs: 947ea245959bf421539573511c3a0058 -> da5dc74b3444288f443961ecab7245d6
  custom:scripting/monoscript/fileName/LaunchCheckinConflictsDialog.cs: 4417eba1591eccb2221bfdce0106c1e0 -> e2c1e3f8f4e14a62e4363fe6259adbc2
  custom:scripting/monoscript/fileName/ParseArguments.cs: 03c1a4d7e357164ca313a0019713c3db -> ae915d9f5fe287ced40627c9ca8bfafd
  custom:scripting/monoscript/fileName/ExternalLink.cs: 685ff1dd6f55eb61a1fd8af84a2aa7f5 -> a8ff952d8c27d10f226ab92b7aa83b69
  custom:scripting/monoscript/fileName/WaitingSignInPanel.cs: 247680fcfc6a176b9fa28a3df600a754 -> 7585e1c7111b6b900784e6d1c9454258
  custom:scripting/monoscript/fileName/OperationProgressData.cs: 0db72349eeecbe9449a517b1d79cc760 -> 15f68712baaea535af36d9e0333c0a6e
  custom:scripting/monoscript/fileName/RepositoriesListHeaderState.cs: c0353a1af15ae4fd3d5a2a3cac816423 -> fb71b961ab7c924511a6b0e8680b60ee
  custom:scripting/monoscript/fileName/ClientDiffTreeViewItem.cs: 56be9d3aa410e770e75de2d8b93be89d -> 43bdd7aa5bf1aa039a5b572c119c38d0
  custom:scripting/monoscript/fileName/CreateWorkspaceView.cs: c40bc4c8524ef3e2374ef997beb2e4a6 -> 9ae2295080d141c0f12d02a71014e11c
  custom:scripting/monoscript/fileName/CommandLineArguments.cs: 0d20ca25f94249586a7c1484c469d8a2 -> 48a62ad3f817c0269ea7fc4a53799594
  custom:scripting/monoscript/fileName/DownloadRepository.cs: 46fc68d9cc4da8e8ed765ff28b2dd438 -> 5bad8d3f76a3fcb41a94637e37c11ab0
  custom:scripting/monoscript/fileName/ParentWindow.cs: 2476d8a6ba9c3055f984ac9792cae61a -> d6aa079e592e01701c5baa3ab98898bc
  custom:scripting/monoscript/fileName/OperationParams.cs: 091a140b35535b91c773ddf98925322d -> 3312c7a4424a66ffbf2f88f056f329aa
  custom:scripting/monoscript/fileName/SignInWithEmailPanel.cs: a5823728eb62cf6dbd8c933c1cb26f53 -> 6e8957c0ed7609303e68389067e72d72
  custom:scripting/monoscript/fileName/LaunchInstaller.cs: f9b7c99441bc32980ce9b95be066824b -> b75efdf5909b501e06cacd9c66f75981
  custom:scripting/monoscript/fileName/GetWindowIfOpened.cs: 84a2356c61155912908cf98a62600c22 -> fd8bfd1a9b371371ebbff48e377726f9
  custom:scripting/monoscript/fileName/AvatarImages.cs: ea6dca998cf0ec5122553a9e010ef687 -> 3aa8c25a350843151ec4070c820c411a
  custom:scripting/monoscript/fileName/DrawUserIcon.cs: 2f65feb9bed897237f97fbf9c5479092 -> 7d5385bf780ae84e648a8b49f8fe0825
  custom:scripting/monoscript/fileName/TreeViewItemExtensions.cs: d22abf8de7a9ab0e852b869a652f100d -> 6849c47ffa8623d630ef12f76bd49905
  custom:scripting/monoscript/fileName/AssetStatus.cs: b9ea657347f2c22e8e401cdb256c516c -> e017010009bdb28bcb0d7d8ef05e7dd9
  custom:scripting/monoscript/fileName/BranchesListView.cs: 334a3fb302f855f71fb71520fb442a71 -> 3f5ed9fe5a1bca512014ae1600ee1666
  custom:scripting/monoscript/fileName/DrawGuiModeSwitcher.cs: 363adc150c5f1c5059a678f179906090 -> d3be34a3134d3fe80ef6b14d0d519128
  custom:scripting/monoscript/fileName/UnityMenuItem.cs: 5f445176ad3735e69769d93250663be7 -> 73f3c859f1b5092ad362c09e23b3a922
  custom:scripting/monoscript/fileName/WebRestApiClient.cs: 8ab6ae74a3793a3375cc48f328048a82 -> 746756fd499dddd02a4e7ccdbac48be3
  custom:scripting/monoscript/fileName/ShelveListViewItem.cs: a37862556d04b25f75804d991e109d87 -> 373418f0ae11fc25a26ff7fe4f472006
  custom:scripting/monoscript/fileName/OpenPlasticProjectSettings.cs: 5a86fd454f7c9f74b62653e269818d3f -> 
  custom:scripting/monoscript/fileName/PendingChangesOptionsFoldout.cs: 2a2f5a0ba87bd75c4475236a9a012016 -> f9e651bcc5d4441496c88ab59a32f360
  custom:scripting/monoscript/fileName/IncomingChangesTreeView.cs: d8c19bc81b07c04d7721396d2821d297 -> 96479648d4498738733254eb4e4c6fb5
  custom:scripting/monoscript/fileName/GenericProgress.cs: 11287c7d038c487f32d0c8edc476a32d -> 8492ec26f01fc248d3eb3c2f5b3b6c0f
  custom:scripting/monoscript/fileName/ShelvesListView.cs: 0763e4076b11a683fa148282680085c0 -> 01c1f087b2f83b458da6b8ad18736606
  custom:scripting/monoscript/fileName/MergeCategoryTreeViewItem.cs: c1ecd9dc0cd73eb7eb129994dedc1a91 -> 6bd59fcbfeafe06987a54631991d755b
  custom:scripting/monoscript/fileName/CheckinDialog.cs: 1709b78fae1329cc05fd4f39334b25f5 -> 702fdb8d0a3b4bfcb9ba109e71325cad
  custom:scripting/monoscript/fileName/SortOrderComparer.cs: 8f6297df34271fdb1ce2d9607ec6261d -> 90647cc400823b41df847a6cbfc29026
  custom:scripting/monoscript/fileName/GUIActionRunner.cs: 69af7de0762ed6d085feb4cc4b5101b3 -> 4a0608de635b0d82868d57923d68eff7
  custom:scripting/monoscript/fileName/PlasticMenuItem.cs: 30c3a785b4c2607e2ae9aad693d5f604 -> 
  custom:scripting/monoscript/fileName/PendingChangesTreeView.cs: f3722f38014385705913f17dbe0f90c1 -> 17142d220a0a50a3f3d184c4718a0da7
  custom:scripting/monoscript/fileName/VCSPlugin.cs: 69c1b7249af35f35848ae707bd5e7113 -> 
  custom:scripting/monoscript/fileName/GetClientDiffInfos.cs: 4ae14b15e2cf5177a84735548a44cdc9 -> f8db8e637ded2d5e935a953a13b85ebe
  custom:scripting/monoscript/fileName/DrawActionButtonWithMenu.cs: d7f31944358aed2f3ed3982246fca039 -> 8d4f5edd02a1dd0f38c4f2baf5ee8a33
  custom:scripting/monoscript/fileName/ErrorListViewItem.cs: 9bf59c82e9c9992a012a3eb2b6c2bfe5 -> 509edc26860f8be303ec97d68aabc30d
  custom:container-muxer-webm: aa71ff27fc2769a1b78a27578f13a17b -> 
  custom:scripting/monoscript/fileName/EditorProgressControls.cs: b1f133fa38afd918d537a72574fc93a0 -> 2e606eb01a6e6a567f3de9a0379ed3ae
  custom:scripting/monoscript/fileName/BranchesListHeaderState.cs: d47f1164fa7093137db851c4c16ffba3 -> 82eab21603f4efc696334ee80641c2c9
  custom:scripting/monoscript/fileName/DrawSearchField.cs: b11b864a92c7d76f85d4ec87d6faf61c -> 3de70beba9f4447205d50241d95b066a
  custom:scripting/monoscript/fileName/PendingChangesTab.cs: c99065f3c85ec85c85ece2a1a30665af -> 15ae6787065f4af65778e981f418a60b
  custom:scripting/monoscript/fileName/MergeTreeHeaderState.cs: d266e9dd03ced7ec66ad3688e5f18f26 -> 6293ca7f65e9641fcbe12100e705a990
  custom:scripting/monoscript/fileName/BuildGetEventExtraInfoFunction.cs: 1308a6936e8051866a117b3b7c2c7b77 -> 74bfc8c01f931108a3c2b127aa04cc8d
  custom:scripting/monoscript/fileName/ShelvesTab.cs: 88e0da7511313c57d3f51ba183c4d3fc -> fca0a219bdad45e636bd34724e5dc89d
  custom:video-decoder-webm-vp8: 9c59270c3fd7afecdb556c50c9e8de78 -> 
  custom:scripting/monoscript/fileName/WelcomeView.cs: 07e35bfe1faa2c52c049eb30958acd54 -> f06c185659ea2f4a75f9397861dc6096
  custom:scripting/monoscript/fileName/DeleteMoveMenu.cs: 39c593e854a9a8ae0e6d34ceb587fce1 -> 4d026cbabd8105e38661f97da078042a
  custom:scripting/monoscript/fileName/PlasticApp.cs: c440a0fb380601a77ad475d6c15d4fa1 -> c57de230d90beac7b586f10b9c7c6cb5
  custom:scripting/monoscript/fileName/ChangesetsTab.cs: ef408d8aaf89e01b17643ed0c836680d -> 46dde8f7856048792ad2e75490bb8c5e
  custom:scripting/monoscript/fileName/DeleteBranchDialog.cs: efbbc070bfeda2b746e8b15a4380cb26 -> 8549b0fc52962c89115fd78724fee578
  custom:scripting/monoscript/fileName/IncomingChangesNotification.cs: d7ac4b8f9ea939309b8ceb7f729100a2 -> caa8ea2c7336b9227381f0971759e01a
  custom:scripting/monoscript/fileName/DrawTreeViewEmptyState.cs: d4c16fd6aad8161eda7d99fd74cbb08e -> 
  custom:scripting/monoscript/fileName/ErrorsListView.cs: cc3142391037796392fcd3fe860891dd -> cd35171982f17897dd5148dda46e0956
  custom:scripting/monoscript/fileName/UnityPendingChangesTree.cs: fd6f0a038401268983bd9328d10dec93 -> f391d9a00dc9e202cee4d4ebcf6d21c0
  custom:scripting/monoscript/fileName/ClientConfiguration.cs: 5f5e47bfb7cedc7420d7e59c6d7ae6f0 -> 01b18b09a6dbb3756e1f42a5b64aab0f
  custom:scripting/monoscript/fileName/AssetVcsOperations.cs: 50ee89e011ba3d800b4e7a9a24aca7e1 -> 
  custom:scripting/monoscript/fileName/PlasticDialog.cs: b0aae1bf1889af041741f324070b7b84 -> 63a17a2b696bc2a13c9046aa16f8cea4
  custom:SearchIndexIgnoredProperties: e643bd26f0fe6173181afceb89e7c659 -> 
  custom:scripting/monoscript/fileName/AutoRefresh.cs: 9d30d5d3f0e8985355be1ab597da1dbb -> 0a8afde180a876655ad16caa14493409
  custom:scripting/monoscript/fileName/PlasticPluginIsEnabledPreference.cs: 7953272c37f4a828a3d1096e7479f346 -> 
  custom:scripting/monoscript/fileName/GetRelativePath.cs: 9b16eb2de9e98b392077181cc34243c1 -> ab04ae5e0cafb93ebf5c96148bb52df0
  custom:scripting/monoscript/fileName/UnityEvents.cs: 253411328de37811883aded592b97268 -> c830e584565fcd66ca0d5a23ad8b9bd6
  custom:AudioImporter_EditorPlatform: 2f0ff77a95e0ac474e3e8eeba4e2f7cb -> 
  custom:scripting/monoscript/fileName/DeleteChangeMenu.cs: 540c783b689e4d6a4a383862455d5d39 -> bfa368dc06e11abcc107d6f80c7c19c5
  custom:scripting/monoscript/fileName/SelectNewCodeReviewBehavior.cs: df6e8e132199ea6ec467c9bced11011d -> a16edf3a8c3e5ac26863e890f68fd937
  custom:scripting/monoscript/fileName/DockEditorWindow.cs: 581124d5e19667105f2446d6dfbf7982 -> a9e5e467234133af999283610b6e84e6
  custom:scripting/monoscript/fileName/ProjectPackages.cs: e247c98bd45807b228765f9a94d82145 -> 9e9e13e39b2e9718b602503b87245c18
  custom:scripting/monoscript/fileName/BranchesSelection.cs: 7eb1fcb556f0fad697e4ec9d989be099 -> 33b36e7b03910960966036894ec90c7c
  custom:scripting/monoscript/fileName/SaveAction.cs: b68fbb4319dbb368959c40781b39fdf8 -> 27c387bb58f3a69b0c9ff60d2209e18f
  custom:scripting/monoscript/fileName/AutoConfig.cs: 6c4e7f9dc55323aa1299debfe9723aa6 -> bf4bbd2f2e752464ef51dbf102faed17
  custom:scripting/monoscript/fileName/DiffPanel.cs: 02288a38bd14cc2b52a25b302a6f154e -> 210366dab3631628227b9406f87a9b7f
  custom:scripting/monoscript/fileName/PlasticAssetsProcessor.cs: ff731c8aacf4a537dc74c7cf9eaeaed0 -> 
  custom:scripting/monoscript/fileName/DrawActionToolbar.cs: 52293cb82089e0370f52e257f41c0869 -> e05748a99799f26304c1bbafd90f703b
  custom:scripting/monoscript/fileName/EditorVersion.cs: 70953c9eccf7726f70c672a9a51619e9 -> 698aba075b19a52a056d67a7b809d179
  custom:scripting/monoscript/fileName/TeamEditionConfigurationWindow.cs: d06f049421c16e5927ec29f770917e09 -> e53b1ca5561894aaeff930afb696d001
  custom:scripting/monoscript/fileName/TreeViewItemIds.cs: 7d654a2b5b3a10da3e7d8472196e96d1 -> 0cdf409b5aa8d4c25876d72b5c6a3b60
  custom:scripting/monoscript/fileName/ProgressOperationHandler.cs: 5fbb4e0f656dcfaa4498bd2e492e4710 -> ec62666c0ca1649dd33cc6bc6834c6f7
  custom:scripting/monoscript/fileName/UnityPlasticTimer.cs: 961fdb6492c99b4a3eadbed28e78c4b0 -> 6c887e722e951c2964523825cad70c4c
  custom:scripting/monoscript/fileName/TreeHeaderColumns.cs: 9fc4a0396a421346b8aa3b7788860851 -> 316e5ea62e66b20fd6e687a6b9e5958e
  custom:scripting/monoscript/fileName/MergeOptionsDialog.cs: 25ac62df73845405e13f44e4dfdcf0d1 -> 9250ce23d260ab84f87bd5899c6cf983
  custom:scripting/monoscript/fileName/AssetFilesFilterPatternsMenuBuilder.cs: 8fe5de6e5dc3d42fb7e95de2aaedbf5a -> 0d99e7514c6a33cda8314deed8f34bc5
  custom:scripting/monoscript/fileName/MergeTreeView.cs: 143a828a1a236483d3cdc1d010ce9d51 -> 3feb38cec50d3fc7576ddbf07a9a9ce8
  custom:scripting/monoscript/fileName/PlasticNotification.cs: 3629fdff9f054b2013702f5b131b2c47 -> 
  custom:scripting/monoscript/fileName/ConfirmContinueWithPendingChangesDialog.cs: c0e147ff008a0b77c9337132a3ea70af -> 77462b1904ad8f6fee2f8da4523d59fe
  custom:scripting/monoscript/fileName/ShelvesListHeaderState.cs: d3cea237aa496a145829475430d90f29 -> 287f23cbe09ecb9b28ec8dd05ede8846
  custom:scripting/monoscript/fileName/ChangelistTreeViewItem.cs: a4a6f6169cdb3afe249e104e2b7b1a2c -> 87f69636be8bd1a264ec4eac1bffa701
  custom:scripting/monoscript/fileName/CollabPlugin.cs: bda741ff77a19affbf276298e29313ec -> ca276d65e7cd77c5c99d9f119ffdb215
  custom:scripting/monoscript/fileName/TabButton.cs: 757146b89ed597b1d75c77241e5d5f63 -> 
  custom:scripting/monoscript/fileName/LaunchTool.cs: 3ac53c8af1f56365aad9e1ae5366d98d -> 60773d78646dc188d4b2caca77f20b17
  custom:scripting/monoscript/fileName/RunModal.cs: 33b931100ee477e6812324eabaa2e837 -> c83ee2ef642c5d8b8dfd32f033bfc438
  custom:scripting/monoscript/fileName/BranchListViewItem.cs: 8fdaa5aa842f5a70237affa304b9d506 -> 55028f4aef24d6227589aaa95582b2ff
  custom:scripting/monoscript/fileName/GetAvatar.cs: 07c98163f75f0b7c672bd453fc82bf61 -> 04ffae2a9e5a4c32a119f93144f558d2
  custom:scripting/monoscript/fileName/MoveAddMenu.cs: 81d47caeb9f49803adfe1627c8ce5bf4 -> 1fbfab870b2e95fdd8a81f6019f764df
  custom:scripting/monoscript/fileName/FindTool.cs: fc3b0710b24078288fe829d0bb041dd0 -> 2f9d82566cfb01fb68fc30111fb47624
  custom:scripting/monoscript/fileName/ChannelCertificateUiImpl.cs: 75d7831ab5da75cc0082e28863abb142 -> cefccf1e13b7bcf15e3c9f2dd4cd2fc8
  custom:scripting/monoscript/fileName/ApplyCircleMask.cs: 02eb67e485278e7c9b719fee5ff90f4a -> b955b378d261fdcbd6272fe8711d1e4f
  custom:scripting/monoscript/fileName/AssetMenuOperations.cs: 131bfc7279b97eba576abe13a47f8f91 -> ebcce67603e288b4a84d49287db6ef5a
  custom:scripting/monoscript/fileName/ShelveAndSwitchOptionsFoldout.cs: 676902ec49ff9c5abb2a832f067966e8 -> e7b216a23869eafb9aecd00a8905fafa
  custom:scripting/monoscript/fileName/VisualElementExtensions.cs: cd98f4a51563fccdfc39eed097290325 -> 0aad2728225c469038631668406aebb3
  custom:scripting/monoscript/fileName/LocksSelector.cs: 70b046a562568fd78d093736e68a3a58 -> 7b0f4fc5552c1d92ba7f4648526ceb21
  custom:scripting/monoscript/fileName/ListViewItemIds.cs: 8f6297df34271fdb1ce2d9607ec6261d -> 90647cc400823b41df847a6cbfc29026
  custom:scripting/monoscript/fileName/CreateWorkspaceViewState.cs: 1deb37b3c17c224d9a7dca9c990ea191 -> 0fe23b7cca9336b31a27790c714de652
  custom:scripting/monoscript/fileName/MergeLinkListViewItem.cs: ebc1e6f9e3a3005d8f4c51a794adfdaa -> 3fa407d29597803190dd374d88ed170d
  custom:scripting/monoscript/fileName/DrawCommentTextArea.cs: ad5449f632fd412ac0f7ba0d171fd453 -> c58c26552f95f108a8d9610eaf001fbc
  custom:scripting/monoscript/fileName/ErrorsListHeaderState.cs: 9141660c9776c5dac5f980fd03a672a8 -> b961336a4a43551eb826f97c57673007
  custom:scripting/monoscript/fileName/MergeViewDirectoryConflictMenu.cs: d45972e8b5f74223c607a4daa895ff3d -> fad8e1937fc14fd75ca21a68ee1037b8
  custom:scripting/monoscript/fileName/RefreshAsset.cs: 4479d2949a66a97f66d1e550067f3767 -> 5a15c606785f1f54a697bb0d0d846dfb
  custom:scripting/monoscript/fileName/BoolSetting.cs: d67f952c3a5976591f3e9a9e7356bbab -> 12bf039ccd38b0f4ccfffbec3cbbf108
  custom:scripting/monoscript/fileName/CreateChangelistDialog.cs: 774371d4233cc1d394d98dc80507a1f8 -> 386b03e27c951c5f1d63daf7aae486ca
  custom:scripting/monoscript/fileName/HistoryListViewMenu.cs: 15a489e494f04a7ea37a587c7601070e -> 29770348599c8d5473b78d72e5741b40
  custom:scripting/monoscript/fileName/MergeViewFileConflictMenu.cs: d7362b83d6b320a0f0ceaf99dbe21727 -> 8fc0f292158abfa71c2c7b3b6f38d32a
  custom:scripting/monoscript/fileName/FilterRulesConfirmationDialog.cs: 5186d89f21d03764f0cca01c2a0122d7 -> 9c91c6c91f20e6d013a753f32343b327
  custom:scripting/monoscript/fileName/ChangesetsSelection.cs: d154d1782ed752b83834c54a0bde3df9 -> 8b9d539af9f7e269bac4e3d79e9ffab8
  custom:scripting/monoscript/fileName/AssetPostprocessor.cs: 96208057b904410715a8df295ba4f8f4 -> 
  custom:scripting/monoscript/fileName/IsResolved.cs: 67a72533af97b9ab7830798057ab806c -> f54a3e2c5134aa4306f9ad150b1911a9
  custom:scripting/monoscript/fileName/LocalStatusCache.cs: a558fcf5f34357bab4cfc7b75e2bb356 -> 30974ea30517fbfd1b93153f6c849a76
  custom:scripting/monoscript/fileName/RepositoryExplorerDialog.cs: 143e7416b576681e1f2ea71288e530e6 -> eea34924da79ad7254f3e141a891c78d
  custom:scripting/monoscript/fileName/WorkspaceWindow.cs: ff52e13cd29dacd66db0169e14f71a23 -> b042f06133312d3bfed176231d97d77c
  custom:scripting/monoscript/fileName/BranchesTab_Operations.cs: 764cb17e9337c58ad4f5304b60b2042e -> 57c33f76c527a5aba4d269245ffff188
  custom:scripting/monoscript/fileName/DiffAndMergeOptionsFoldout.cs: 080cbf9242c0571bafa2e45ef8932448 -> 2810bae564e92b04bc7ebe4e47a2880b
  custom:scripting/monoscript/fileName/PlasticShutdown.cs: a8df8eeeed98372d06e446171a192a6d -> 
  custom:scripting/monoscript/fileName/FilesFilterPatternsMenuBuilder.cs: 28072cd275c96994687e6d4d0d6e1dff -> cf716a8d336c8113475a9ca67a799ec1
  custom:scripting/monoscript/fileName/HistoryListViewItem.cs: 2d3b1fc954b6bdbae298ec250ade0663 -> 96f2b67ec620b83e35d13f11877e1ac1
  custom:scripting/monoscript/fileName/RemoteStatusCache.cs: 00463e6b90cfe7da080d7c266f783980 -> 402d5663f3675e9324c129274b0c00f2
  custom:scripting/monoscript/fileName/EditorWindowFocus.cs: 1012e4e2e29e9b29bdcc03d8b92762a8 -> f258b0cf85078a7435d001e522d5e8e3
  custom:scripting/monoscript/fileName/EnumExtensions.cs: 24df84756ec75feecd53a80a0991ea16 -> 872fcb89b813d64606e680211dede528
  custom:scripting/monoscript/fileName/NewIncomingChanges.cs: fc48261878ef7e4b956e7172f5803aee -> 
  custom:scripting/monoscript/fileName/IsExeVersion.cs: 093723a3ef9cbad630dfdc60c764eff0 -> 9ef63354090e3419637bfe79e3489687
  custom:video-encoder-webm-vp8: eb34c28f22e8b96e1ab97ce403110664 -> 
  custom:scripting/monoscript/fileName/UnityIncomingChangesTree.cs: f774bb8bf0bd45a254894c795843c695 -> 42967773c43d3de5d23be4ddc6dfd9c4
  custom:scripting/monoscript/fileName/UnityDiffTree.cs: 447fc3a8922f56330f4bae8c9dc9a8be -> 1029ffd567bc0e646e6b119719dcb2ff
  custom:scripting/monoscript/fileName/TreeHeaderSettings.cs: 114eb9e27124403e8e111494b8eaf987 -> 662b1714c0fce36da72bbfe60201987a
  custom:scripting/monoscript/fileName/UnityConstants.cs: 323df5e3c80d05e06517581c776fde34 -> e3d3c3e11a194da9e5bbbfb97087a7bd
  custom:scripting/monoscript/fileName/IsExeAvailable.cs: 3e4283303610c884e542b8f6d3e922d4 -> 4a3dbc5ded94087064afd97407f26631
  custom:scripting/monoscript/fileName/LoadedTwiceMenu.cs: 961f9b82936caa7937046ac23d323c2c -> b54aa2e14eb740621bb6f926af7cb8ef
  custom:scripting/monoscript/fileName/AutoLogin.cs: e67ed70aada38469aeb667115929c368 -> b4cb98371fc38cca00d7123b7e649e12
  custom:scripting/monoscript/fileName/DrawMergeOverview.cs: 1db93bf179b38015949e3a3cb6ef1bd3 -> 49e0e525c3c170f79c20dc6779b7ead8
  custom:audio-decoder-ogg-vorbis: bf7c407c2cedff20999df2af8eb42d56 -> 
  custom:scripting/monoscript/fileName/UpdateReportLineListViewItem.cs: a101f0ba5292fc139445870b3f4af838 -> 9f63395e1ea590dbbab4d59cd0032ac4
  custom:scripting/monoscript/fileName/DrawSplitter.cs: ec7e8739eacabcca3e2946d9833eea0f -> d2f114a8e8e4167f7762d835a83b2f55
  custom:scripting/monoscript/fileName/LaunchDependenciesDialog.cs: e1c527862a66e73f0417ae177d7fdfb5 -> 2cabf22eb95430074b6c730a84e03493
  custom:scripting/monoscript/fileName/CredentialsResponse.cs: 96b135ae1c4ea541dc762170ea524fa9 -> 3dd2507693e56dac75ee7783f598cbb9
  custom:scripting/monoscript/fileName/LaunchDiffOperations.cs: aeae601320588a70eea7590a2f7e0f69 -> 871a0804a9fe2d9f2ad088303a89a63e
  custom:scripting/monoscript/fileName/PlasticSplitterGUILayout.cs: 111849f67dfbfea65ad2a9298ad1654d -> 
  custom:scripting/monoscript/fileName/CheckinDialogOperations.cs: 0b2a2cd4c41cf1865a29cf91b2a96a48 -> d032d69e8060311c06b88286e8f22ddd
  custom:scripting/monoscript/fileName/PendingChangesViewMenu.cs: 68fab310addfd7068cfd7920070496ff -> 9b0019b6df6bb14eb3a2dbafa53fb54b
  custom:scripting/monoscript/fileName/AssetsSelection.cs: 35cec24e81f0cb1de51daeb356abc4ff -> 0227d7ff4d5687932d10967a945a9b06
  custom:scripting/monoscript/fileName/EnumPopupSetting.cs: 8f6297df34271fdb1ce2d9607ec6261d -> 90647cc400823b41df847a6cbfc29026
  custom:scripting/monoscript/fileName/PlasticConnectionMonitor.cs: 920e8e381bfc94da8bb69d336dda57ca -> 
  custom:scripting/monoscript/fileName/HistoryListHeaderState.cs: 6226ef13a567fa81584864f8698be331 -> a87e0364d14866c369ad50d669bdfa85
  custom:scripting/monoscript/fileName/EnableSwitchAndShelveFeatureDialog.cs: 2cb9334d072aaff777efab2d72a2583e -> 03bdf2f298649e7c429ac90c7a3c461a
  custom:scripting/monoscript/fileName/CloudEditionWelcomeWindow.cs: c886fdb39f4b8787e6ea3701a8f88f4a -> b1721e471183956468462f6b64901640
  custom:scripting/monoscript/fileName/AssetsPath.cs: 367269acf8f676d2cdd30fdc387b3920 -> e0e986124adc46d913f0683c34b88c9f
  custom:scripting/monoscript/fileName/MetaPath.cs: 1f80313a7ce6ec6ece505285578f5745 -> 417a84eb354831f828a6752b26c8592d
  custom:scripting/monoscript/fileName/CredentialsUIImpl.cs: 90e9c2de8d7bdd8424e0d89c415108ae -> dbacf67c37819fd95562fe169e706732
  custom:scripting/monoscript/fileName/ChangesetsViewMenu.cs: b720f0168f4ce1b1e0d358a6d5ec9a42 -> 7d1a2de81910b5990e71a0bfff26fdca
  custom:scripting/monoscript/fileName/UnityPlasticGuiMessage.cs: 2a7f71f59c0d7dc731fd345a3713957c -> 24eef0792e3802809607a7f9d04b8f1d
  custom:scripting/monoscript/fileName/OrganizationCredentials.cs: ee462057b3bd23cc3dab953ac4d656e2 -> 0b123406cadd651e9adc01c85fab5124
  custom:scripting/monoscript/fileName/StatusBar.cs: 2c8c488a8bbfe924f6b53b202ff6aadd -> 
  custom:scripting/monoscript/fileName/IsCurrent.cs: 7343ceec4312304bb8b398eeb6c375fa -> cf1fd01890d0fd9f011c1a1a491e2cf0
  custom:scripting/monoscript/fileName/ChangesetFromCollabCommitResponse.cs: b986ab8b1acd322b0367812e2d541734 -> ba336e4117e1b7ee28e4c17197bc3d0e
  custom:scripting/monoscript/fileName/MoveToChangelistMenuBuilder.cs: 3a2ef8cb0baf69e5dadeafc731fe32a9 -> a90b3e388d3e1316fa104d4c9a03e2d1
  custom:scripting/monoscript/fileName/LoadingSpinner.cs: b3299af90b664a9f42123e7df43fae24 -> 6aff0ac022d117a8e24a7b5e4b11904c
  custom:scripting/monoscript/fileName/LocksTab.cs: 134c512484ae73354c15c06a6dc69f9f -> 00ffb5a39c16fdc2d733c7e53471a3a9
  custom:scripting/monoscript/fileName/BranchesTab.cs: 764cb17e9337c58ad4f5304b60b2042e -> 57c33f76c527a5aba4d269245ffff188
  custom:scripting/monoscript/fileName/ToolConfig.cs: 18b1ea271ce5e7b6deea7b4e8e175269 -> fcffc3165b047f54ed6ccafa4c8760dd
  custom:scripting/monoscript/fileName/DropDownTextField.cs: e66e7314096900597993d2b353757d8d -> c8fc484ce140049ff31ebc2c6cbebf28
  custom:scripting/monoscript/fileName/AssetsProcessor.cs: 47679a6e15b70f4fef48eb1b2df31b19 -> 18737889e95cd4088e8dfd4153fa8f40
  custom:scripting/monoscript/fileName/DrawActionButton.cs: d847a7d82ac92cab2b3d0ae268cefb3d -> 81e6708d2b8fa199354e53f85db731a8
  custom:scripting/monoscript/fileName/TableViewOperations.cs: ddc7b903e0dbd6bd109f2bd709b95f0e -> bef3a31deb1fe794a90f767d16e4c868
  custom:scripting/monoscript/fileName/UpdateProgress.cs: 5b04f01bf199310f09ab9522f89c78f4 -> 281e1e05168d6a30be1d8d2f6200bef8
  custom:scripting/monoscript/fileName/OrganizationsInformation.cs: b3f0758c6655b2dad1161792812992fa -> 5f067ea8d90fc79055a3dcfd58ae6dca
  custom:scripting/monoscript/fileName/ChangeDeleteMenu.cs: 652dcd6f863c509bfa0376b6d95ab1ec -> 4fefe66d6e279ce0ac2fdc57d409f232
  custom:scripting/monoscript/fileName/SubscriptionDetailsResponse.cs: e10e0299ef716630c63b8cf5f792cda0 -> e5121cec860a6d1097cc809217b3d8fe
  custom:scripting/monoscript/fileName/DrawProgressForDialogs.cs: 5f8d39e3ea7c4a42148c6b1a7b4ca061 -> a5f2abd8875e7a6afbc171fabfbae81f
  custom:scripting/monoscript/fileName/ToolbarButton.cs: 47dc767626bbd94d66707af31ddc5eb6 -> 
  custom:scripting/monoscript/fileName/ProjectViewAssetSelection.cs: 349dc288d32791de51156d4e59000b7b -> 2560eadaf6a13a74a46a4a207cd5a8b6
  custom:scripting/monoscript/fileName/DrawTreeViewItem.cs: cceebc4f1185658619e40964f29acb08 -> 0921a62a588ab864253743d1f07afb5a
  custom:scripting/monoscript/fileName/DrawSceneOperations.cs: 2426c0c2ee58cd28be59874f6425940c -> d87f46f9fb97181a2f51490ea2e1efc3
  custom:audio-encoder-webm-vorbis: bf7c407c2cedff20999df2af8eb42d56 -> 
  custom:scripting/monoscript/fileName/DrawActionHelpBox.cs: dcd6ec2e7fb1b44f22c4a79ff87b70cd -> c8f6be9dab1e6f8d71e0c63c29679186
  custom:scripting/monoscript/fileName/PendingChangesMultiColumnHeader.cs: 21802cc6929e0e180fb4f0be8e34d9d0 -> 722de7d6e07a79981d750438e6febb8f
  custom:scripting/monoscript/fileName/EditorDispatcher.cs: c739e073a8c38dbcf59192f45d1004c5 -> 3c402eae57d73cc54863f3f6a13096ae
  custom:scripting/monoscript/fileName/MovedEvilTwinMenu.cs: ce111941dc7264d29598ce7fd2770927 -> d480b839850d28c1c9526cb587fc752d
  custom:scripting/monoscript/fileName/IIncomingChangesTab.cs: d4ceabdc48d8a1872bbe87f04d89a4ff -> 40644cd18074db84684b9e437bf8fa77
  custom:scripting/monoscript/fileName/GetChangesOverlayIcon.cs: f00e4b795697c6cf3092760f3b6fc49d -> d599d6efdee28305661bc0cf6683858a
  custom:scripting/monoscript/fileName/ShelvedChangesNotification.cs: 13b6a2ccd8b4ac1f5ee30c8404cea3b0 -> a27e9e7b242b904f41fc1b16d3a1b3fd
  custom:scripting/monoscript/fileName/EvilTwinMenu.cs: 475a88947051822ca4915306469f9bcc -> 919e4faae0573e49949f6dfbb5a733da
  custom:scripting/monoscript/fileName/ChangesetsListView.cs: caae0aefb36c869f50691482a5cd0944 -> 87b74e0d80cf59010f55e2baaeb6679d
  custom:scripting/monoscript/fileName/UpdateReportListView.cs: 2d8fccdaad50bbd7454b52cf9cb4a0f9 -> 08d26df1ab6c3a7628addc5e54e50b08
  custom:scripting/monoscript/fileName/UnityConfigurationChecker.cs: 59a8f0715a7c89a752351bf42f94abbd -> 874cd65cce0384fef4b60e71fb08a429
  custom:scripting/precompiled-assembly-types:Assembly-CSharp: 84beccfd353859b754aad720e26c10bf -> 9210f6cd38f8a76c7cfd12cd654bc9ba
  custom:scripting/monoscript/fileName/CheckWorkspaceTreeNodeStatus.cs: 5e11ff64963669981115eb58dc2b6e8b -> 1e1255b803bf7cbc935bb804bf0dbe7b
  custom:scripting/monoscript/fileName/TreeViewSessionState.cs: 8333273b312d475b653610e2871c20a5 -> 9f39a2ca55a7481b8ba078d3a2b6815e
  custom:scripting/monoscript/fileName/ErrorsPanel.cs: 21fc210ee17d5e95782397ef8c7dafab -> 515b7ba9af5e7885ba3068b1d63c6104
  custom:scripting/monoscript/fileName/PlasticPlugin.cs: a57c142b98ca3d4daad221737fd72924 -> c64561980f26020cc3206ae8b1047268
  custom:scripting/monoscript/fileName/SwitchModeConfirmationDialog.cs: 4d9c02587760213784bfe53d012122b4 -> 30cd71d0b3ee4b2689cde689908d301e
  custom:scripting/monoscript/fileName/PlasticWindow.cs: fc467478941f610919bc69526ba2c215 -> 
  custom:scripting/monoscript/fileName/PlasticExeLauncher.cs: caa0b5dda5df50c85bb19d27252d16b9 -> f1da27253760250030952f02cb54965a
  custom:scripting/monoscript/fileName/BranchesViewMenu.cs: 8089f11c30784e2e57775dd6cdbae898 -> 7bfc83e917c9b0b5aa423bb947ce2a38
  custom:scripting/monoscript/fileName/CooldownWindowDelayer.cs: 7816cfcad485500dbac9993c4502ea69 -> 4c95e39c8dd4cfa1bca106097fdb6524
  custom:scripting/monoscript/fileName/GetInstallerTmpFileName.cs: fa7bda723ac795b48e38504727f44981 -> d09e0b5c7a9af5874530e17ef23025f0
  custom:scripting/monoscript/fileName/AssetModificationProcessor.cs: a602c9e59e7db185e3a0d68d986e6fef -> 
  custom:scripting/monoscript/fileName/IsCollabProjectMigratedResponse.cs: 4c3294c6a51e6f42161d191230692016 -> af2b76c693935deee55cfcaed2aa7568
========================================================================
Received Import Request.
  Time since last request: 253.994168 seconds.
  path: Assets/FishNet
  artifactKey: Guid(f1525dbf8ebd59e438b504fa19c4fd6c) Importer(815301076,1909f56bfc062723c751e8b465ee728b)
Start importing Assets/FishNet using Guid(f1525dbf8ebd59e438b504fa19c4fd6c) Importer(815301076,1909f56bfc062723c751e8b465ee728b) [PhysX] Initialized MultithreadedTaskDispatcher with 8 workers.
 -> (artifact id: '0b8adedc692b31b6067e1e22b395e9fa') in 0.004000 seconds
Number of updated asset objects reloaded before import = 0
Number of asset objects unloaded after import = 0
