Unity Editor version:    2022.3.62f3 (96770f904ca7)
Branch:                  2022.3/respin/2022.3.62f2-4af31df585-v2
Build type:              Release
Batch mode:              YES
System name:             Linux
Distro version:          #37~24.04.1-Ubuntu SMP PREEMPT_DYNAMIC Thu Nov 20 10:25:38 UTC 2
Kernel version:          6.14.0-37-generic
Architecture:            x86_64
Available memory:        48123 MB
Using pre-set license
Pro License: YES

(Unity:16889): Gtk-CRITICAL **: 16:30:43.997: gtk_window_set_default_icon: assertion 'GDK_IS_PIXBUF (icon)' failed

(Unity:16889): GLib-GObject-CRITICAL **: 16:30:43.997: g_object_unref: assertion 'G_IS_OBJECT (object)' failed
Desktop is 1920 x 1080 @ 60 Hz
Initialize udev device monitor.

COMMAND LINE ARGUMENTS:
Unity
-adb2
-batchMode
-noUpm
-name
AssetImportWorker1
-projectPath
/mnt/dev/Projects/unity/StarTraders
-logFile
Logs/AssetImportWorker1.log
-srvPort
40247
Successfully changed project path to: /mnt/dev/Projects/unity/StarTraders
/mnt/dev/Projects/unity/StarTraders
[UnityMemory] Configuration Parameters - Can be set up in boot.config
    "memorysetup-bucket-allocator-granularity=16"
    "memorysetup-bucket-allocator-bucket-count=8"
    "memorysetup-bucket-allocator-block-size=33554432"
    "memorysetup-bucket-allocator-block-count=8"
    "memorysetup-main-allocator-block-size=16777216"
    "memorysetup-thread-allocator-block-size=16777216"
    "memorysetup-gfx-main-allocator-block-size=16777216"
    "memorysetup-gfx-thread-allocator-block-size=16777216"
    "memorysetup-cache-allocator-block-size=4194304"
    "memorysetup-typetree-allocator-block-size=2097152"
    "memorysetup-profiler-bucket-allocator-granularity=16"
    "memorysetup-profiler-bucket-allocator-bucket-count=8"
    "memorysetup-profiler-bucket-allocator-block-size=33554432"
    "memorysetup-profiler-bucket-allocator-block-count=8"
    "memorysetup-profiler-allocator-block-size=16777216"
    "memorysetup-profiler-editor-allocator-block-size=1048576"
    "memorysetup-temp-allocator-size-main=16777216"
    "memorysetup-job-temp-allocator-block-size=2097152"
    "memorysetup-job-temp-allocator-block-size-background=1048576"
    "memorysetup-job-temp-allocator-reduction-small-platforms=262144"
    "memorysetup-allocator-temp-initial-block-size-main=262144"
    "memorysetup-allocator-temp-initial-block-size-worker=262144"
    "memorysetup-temp-allocator-size-background-worker=32768"
    "memorysetup-temp-allocator-size-job-worker=262144"
    "memorysetup-temp-allocator-size-preload-manager=33554432"
    "memorysetup-temp-allocator-size-nav-mesh-worker=65536"
    "memorysetup-temp-allocator-size-audio-worker=65536"
    "memorysetup-temp-allocator-size-cloud-worker=32768"
    "memorysetup-temp-allocator-size-gi-baking-worker=262144"
    "memorysetup-temp-allocator-size-gfx=262144"
Player connection [128519429043200]  Target information:

Player connection [128519429043200]  * "[IP] 192.168.0.53 [Port] 0 [Flags] 2 [Guid] 2452648896 [EditorId] 2452648896 [Version] 1048832 [Id] LinuxEditor(16,192.168.0.53) [Debug] 1 [PackageName] LinuxEditor [ProjectName] Editor" 

Player connection [128519429043200]  * "[IP] 192.168.122.1 [Port] 0 [Flags] 2 [Guid] 2452648896 [EditorId] 2452648896 [Version] 1048832 [Id] LinuxEditor(16,192.168.0.53) [Debug] 1 [PackageName] LinuxEditor [ProjectName] Editor" 

Player connection [128519429043200]  * "[IP] 172.17.0.1 [Port] 0 [Flags] 2 [Guid] 2452648896 [EditorId] 2452648896 [Version] 1048832 [Id] LinuxEditor(16,192.168.0.53) [Debug] 1 [PackageName] LinuxEditor [ProjectName] Editor" 

Player connection [128519429043200] Host joined multi-casting on [225.0.0.222:54997]...
Player connection [128519429043200] Host joined alternative multi-casting on [225.0.0.222:34997]...
Input System module state changed to: Initialized.
[PhysX] Initialized MultithreadedTaskDispatcher with 8 workers.
Unable to load player prefs
Refreshing native plugins compatible for Editor in 104.70 ms, found 0 plugins.
Preloading 0 native plugins for Editor in 0.00 ms.
Initialize engine version: 2022.3.62f3 (96770f904ca7)
[Subsystems] Discovering subsystems at path /home/localuser/Unity/Hub/Editor/2022.3.62f3/Editor/Data/Resources/UnitySubsystems
[Subsystems] Discovering subsystems at path /mnt/dev/Projects/unity/StarTraders/Assets
GLX Extensions: GLX_ARB_get_proc_address GLX_ARB_multisample GLX_EXT_visual_info GLX_EXT_visual_rating GLX_EXT_import_context GLX_SGI_video_sync GLX_SGIX_fbconfig GLX_SGIX_pbuffer GLX_SGI_swap_control GLX_EXT_swap_control GLX_EXT_swap_control_tear GLX_EXT_buffer_age GLX_ARB_create_context GLX_ARB_create_context_profile GLX_NV_float_buffer GLX_ARB_fbconfig_float GLX_EXT_texture_from_pixmap GLX_EXT_framebuffer_sRGB GLX_NV_copy_image GLX_EXT_create_context_es_profile GLX_EXT_create_context_es2_profile GLX_ARB_create_context_no_error GLX_ARB_create_context_robustness GLX_NV_delay_before_swap GLX_EXT_stereo_tree GLX_ARB_context_flush_control GLX_NV_robustness_video_memory_purge GLX_NV_multigpu_context 
Renderer: NVIDIA GeForce RTX 3050/PCIe/SSE2
Vendor:   NVIDIA Corporation
Version:  4.5.0 NVIDIA 580.126.09
GLES:     0
 GL_AMD_multi_draw_indirect GL_AMD_seamless_cubemap_per_texture GL_AMD_vertex_shader_viewport_index GL_AMD_vertex_shader_layer GL_ARB_arrays_of_arrays GL_ARB_base_instance GL_ARB_bindless_texture GL_ARB_blend_func_extended GL_ARB_buffer_storage GL_ARB_clear_buffer_object GL_ARB_clear_texture GL_ARB_clip_control GL_ARB_color_buffer_float GL_ARB_compressed_texture_pixel_storage GL_ARB_conservative_depth GL_ARB_compute_shader GL_ARB_compute_variable_group_size GL_ARB_conditional_render_inverted GL_ARB_copy_buffer GL_ARB_copy_image GL_ARB_cull_distance GL_ARB_debug_output GL_ARB_depth_buffer_float GL_ARB_depth_clamp GL_ARB_depth_texture GL_ARB_derivative_control GL_ARB_direct_state_access GL_ARB_draw_buffers GL_ARB_draw_buffers_blend GL_ARB_draw_indirect GL_ARB_draw_elements_base_vertex GL_ARB_draw_instanced GL_ARB_enhanced_layouts GL_ARB_ES2_compatibility GL_ARB_ES3_compatibility GL_ARB_ES3_1_compatibility GL_ARB_ES3_2_compatibility GL_ARB_explicit_attrib_location GL_ARB_explicit_uniform_location GL_ARB_fragmen
t_coord_conventions GL_ARB_fragment_layer_viewport GL_ARB_fragment_program GL_ARB_fragment_program_shadow GL_ARB_fragment_shader GL_ARB_fragment_shader_interlock GL_ARB_framebuffer_no_attachments GL_ARB_framebuffer_object GL_ARB_framebuffer_sRGB GL_ARB_geometry_shader4 GL_ARB_get_program_binary GL_ARB_get_texture_sub_image GL_ARB_gl_spirv GL_ARB_gpu_shader5 GL_ARB_gpu_shader_fp64 GL_ARB_gpu_shader_int64 GL_ARB_half_float_pixel GL_ARB_half_float_vertex GL_ARB_imaging GL_ARB_indirect_parameters GL_ARB_instanced_arrays GL_ARB_internalformat_query GL_ARB_internalformat_query2 GL_ARB_invalidate_subdata GL_ARB_map_buffer_alignment GL_ARB_map_buffer_range GL_ARB_multi_bind GL_ARB_multi_draw_indirect GL_ARB_multisample GL_ARB_multitexture GL_ARB_occlusion_query GL_ARB_occlusion_query2 GL_ARB_parallel_shader_compile GL_ARB_pipeline_statistics_query GL_ARB_pixel_buffer_object GL_ARB_point_parameters GL_ARB_point_sprite GL_ARB_polygon_offset_clamp GL_ARB_post_depth_coverage GL_ARB_program_interface_query GL_ARB_provoki
ng_vertex GL_ARB_query_buffer_object GL_ARB_robust_buffer_access_behavior GL_ARB_robustness GL_ARB_sample_locations GL_ARB_sample_shading GL_ARB_sampler_objects GL_ARB_seamless_cube_map GL_ARB_seamless_cubemap_per_texture GL_ARB_separate_shader_objects GL_ARB_shader_atomic_counter_ops GL_ARB_shader_atomic_counters GL_ARB_shader_ballot GL_ARB_shader_bit_encoding GL_ARB_shader_clock GL_ARB_shader_draw_parameters GL_ARB_shader_group_vote GL_ARB_shader_image_load_store GL_ARB_shader_image_size GL_ARB_shader_objects GL_ARB_shader_precision GL_ARB_shader_storage_buffer_object GL_ARB_shader_subroutine GL_ARB_shader_texture_image_samples GL_ARB_shader_texture_lod GL_ARB_shading_language_100 GL_ARB_shader_viewport_layer_array GL_ARB_shading_language_420pack GL_ARB_shading_language_include GL_ARB_shading_language_packing GL_ARB_shadow GL_ARB_sparse_buffer GL_ARB_sparse_texture GL_ARB_sparse_texture2 GL_ARB_sparse_texture_clamp GL_ARB_spirv_extensions GL_ARB_stencil_texturing GL_ARB_sync GL_ARB_tessellation_shader GL_A
RB_texture_barrier GL_ARB_texture_border_clamp GL_ARB_texture_buffer_object GL_ARB_texture_buffer_object_rgb32 GL_ARB_texture_buffer_range GL_ARB_texture_compression GL_ARB_texture_compression_bptc GL_ARB_texture_compression_rgtc GL_ARB_texture_cube_map GL_ARB_texture_cube_map_array GL_ARB_texture_env_add GL_ARB_texture_env_combine GL_ARB_texture_env_crossbar GL_ARB_texture_env_dot3 GL_ARB_texture_filter_anisotropic GL_ARB_texture_filter_minmax GL_ARB_texture_float GL_ARB_texture_gather GL_ARB_texture_mirror_clamp_to_edge GL_ARB_texture_mirrored_repeat GL_ARB_texture_multisample GL_ARB_texture_non_power_of_two GL_ARB_texture_query_levels GL_ARB_texture_query_lod GL_ARB_texture_rectangle GL_ARB_texture_rg GL_ARB_texture_rgb10_a2ui GL_ARB_texture_stencil8 GL_ARB_texture_storage GL_ARB_texture_storage_multisample GL_ARB_texture_swizzle GL_ARB_texture_view GL_ARB_timer_query GL_ARB_transform_feedback2 GL_ARB_transform_feedback3 GL_ARB_transform_feedback_instanced GL_ARB_transform_feedback_overflow_query GL_ARB_t
ranspose_matrix GL_ARB_uniform_buffer_object GL_ARB_vertex_array_bgra GL_ARB_vertex_array_object GL_ARB_vertex_attrib_64bit GL_ARB_vertex_attrib_binding GL_ARB_vertex_buffer_object GL_ARB_vertex_program GL_ARB_vertex_shader GL_ARB_vertex_type_10f_11f_11f_rev GL_ARB_vertex_type_2_10_10_10_rev GL_ARB_viewport_array GL_ARB_window_pos GL_ATI_draw_buffers GL_ATI_texture_float GL_ATI_texture_mirror_once GL_S3_s3tc GL_EXT_texture_env_add GL_EXT_abgr GL_EXT_bgra GL_EXT_bindable_uniform GL_EXT_blend_color GL_EXT_blend_equation_separate GL_EXT_blend_func_separate GL_EXT_blend_minmax GL_EXT_blend_subtract GL_EXT_compiled_vertex_array GL_EXT_Cg_shader GL_EXT_depth_bounds_test GL_EXT_direct_state_access GL_EXT_draw_buffers2 GL_EXT_draw_instanced GL_EXT_draw_range_elements GL_EXT_fog_coord GL_EXT_framebuffer_blit GL_EXT_framebuffer_multisample GL_EXTX_framebuffer_mixed_formats GL_EXT_framebuffer_multisample_blit_scaled GL_EXT_framebuffer_object GL_EXT_framebuffer_sRGB GL_EXT_geometry_shader4 GL_EXT_gpu_program_parameters 
GL_EXT_gpu_shader4 GL_EXT_multi_draw_arrays GL_EXT_multiview_texture_multisample GL_EXT_multiview_timer_query GL_EXT_packed_depth_stencil GL_EXT_packed_float GL_EXT_packed_pixels GL_EXT_pixel_buffer_object GL_EXT_point_parameters GL_EXT_polygon_offset_clamp GL_EXT_post_depth_coverage GL_EXT_provoking_vertex GL_EXT_raster_multisample GL_EXT_rescale_normal GL_EXT_secondary_color GL_EXT_separate_shader_objects GL_EXT_separate_specular_color GL_EXT_shader_image_load_formatted GL_EXT_shader_image_load_store GL_EXT_shader_integer_mix GL_EXT_shadow_funcs GL_EXT_sparse_texture2 GL_EXT_stencil_two_side GL_EXT_stencil_wrap GL_EXT_texture3D GL_EXT_texture_array GL_EXT_texture_buffer_object GL_EXT_texture_compression_dxt1 GL_EXT_texture_compression_latc GL_EXT_texture_compression_rgtc GL_EXT_texture_compression_s3tc GL_EXT_texture_cube_map GL_EXT_texture_edge_clamp GL_EXT_texture_env_combine GL_EXT_texture_env_dot3 GL_EXT_texture_filter_anisotropic GL_EXT_texture_filter_minmax GL_EXT_texture_integer GL_EXT_texture_lod G
L_EXT_texture_lod_bias GL_EXT_texture_mirror_clamp GL_EXT_texture_object GL_EXT_texture_shadow_lod GL_EXT_texture_shared_exponent GL_EXT_texture_sRGB GL_EXT_texture_sRGB_R8 GL_EXT_texture_sRGB_decode GL_EXT_texture_storage GL_EXT_texture_swizzle GL_EXT_timer_query GL_EXT_transform_feedback2 GL_EXT_vertex_array GL_EXT_vertex_array_bgra GL_EXT_vertex_attrib_64bit GL_EXT_window_rectangles GL_EXT_x11_sync_object GL_EXT_import_sync_object GL_NV_robustness_video_memory_purge GL_IBM_rasterpos_clip GL_IBM_texture_mirrored_repeat GL_KHR_context_flush_control GL_KHR_debug GL_EXT_memory_object GL_EXT_memory_object_fd GL_NV_memory_object_sparse GL_KHR_parallel_shader_compile GL_KHR_no_error GL_KHR_robust_buffer_access_behavior GL_KHR_robustness GL_EXT_semaphore GL_EXT_semaphore_fd GL_NV_timeline_semaphore GL_KHR_shader_subgroup GL_KTX_buffer_region GL_NV_alpha_to_coverage_dither_control GL_NV_bindless_multi_draw_indirect GL_NV_bindless_multi_draw_indirect_count GL_NV_bindless_texture GL_NV_blend_equation_advanced GL_NV_
blend_equation_advanced_coherent GL_NVX_blend_equation_advanced_multi_draw_buffers GL_NV_blend_minmax_factor GL_NV_blend_square GL_NV_clip_space_w_scaling GL_NV_command_list GL_NV_compute_program5 GL_NV_compute_shader_derivatives GL_NV_conditional_render GL_NV_conservative_raster GL_NV_conservative_raster_dilate GL_NV_conservative_raster_pre_snap GL_NV_conservative_raster_pre_snap_triangles GL_NV_conservative_raster_underestimation GL_NV_copy_depth_to_color GL_NV_copy_image GL_NV_depth_buffer_float GL_NV_depth_clamp GL_NV_draw_texture GL_NV_draw_vulkan_image GL_NV_ES1_1_compatibility GL_NV_ES3_1_compatibility GL_NV_explicit_multisample GL_NV_feature_query GL_NV_fence GL_NV_fill_rectangle GL_NV_float_buffer GL_NV_fog_distance GL_NV_fragment_coverage_to_color GL_NV_fragment_program GL_NV_fragment_program_option GL_NV_fragment_program2 GL_NV_fragment_shader_barycentric GL_NV_fragment_shader_interlock GL_NV_framebuffer_mixed_samples GL_NV_framebuffer_multisample_coverage GL_NV_geometry_shader4 GL_NV_geometry_sha
der_passthrough GL_NV_gpu_program4 GL_NV_internalformat_sample_query GL_NV_gpu_program4_1 GL_NV_gpu_program5 GL_NV_gpu_program5_mem_extended GL_NV_gpu_program_fp64 GL_NV_gpu_program_multiview GL_NV_gpu_shader5 GL_NV_half_float GL_NV_light_max_exponent GL_NV_memory_attachment GL_NV_mesh_shader GL_NV_multisample_coverage GL_NV_multisample_filter_hint GL_NV_occlusion_query GL_NV_packed_depth_stencil GL_NV_parameter_buffer_object GL_NV_parameter_buffer_object2 GL_NV_path_rendering GL_NV_path_rendering_shared_edge GL_NV_pixel_data_range GL_NV_point_sprite GL_NV_primitive_restart GL_NV_primitive_shading_rate GL_NV_query_resource GL_NV_query_resource_tag GL_NV_register_combiners GL_NV_register_combiners2 GL_NV_representative_fragment_test GL_NV_sample_locations GL_NV_sample_mask_override_coverage GL_NV_scissor_exclusive GL_NV_shader_atomic_counters GL_NV_shader_atomic_float GL_NV_shader_atomic_float64 GL_NV_shader_atomic_fp16_vector GL_NV_shader_atomic_int64 GL_NV_shader_buffer_load GL_NV_shader_storage_buffer_obje
ct GL_NV_shader_subgroup_partitioned GL_NV_shader_texture_footprint GL_NV_shading_rate_image GL_NV_stereo_view_rendering GL_NV_texgen_reflection GL_NV_texture_barrier GL_NV_texture_compression_vtc GL_NV_texture_dirty_tile_map GL_NV_texture_env_combine4 GL_NV_texture_multisample GL_NV_texture_rectangle GL_NV_texture_rectangle_compressed GL_NV_texture_shader GL_NV_texture_shader2 GL_NV_texture_shader3 GL_NV_transform_feedback GL_NV_transform_feedback2 GL_NV_uniform_buffer_unified_memory GL_NV_uniform_buffer_std430_layout GL_NV_vdpau_interop GL_NV_vdpau_interop2 GL_NV_vertex_array_range GL_NV_vertex_array_range2 GL_NV_vertex_attrib_integer_64bit GL_NV_vertex_buffer_unified_memory GL_NV_vertex_program GL_NV_vertex_program1_1 GL_NV_vertex_program2 GL_NV_vertex_program2_option GL_NV_vertex_program3 GL_NV_viewport_array2 GL_NV_viewport_swizzle GL_NVX_conditional_render GL_NV_gpu_multicast GL_NVX_progress_fence GL_NVX_gpu_memory_info GL_NVX_nvenc_interop GL_NV_shader_thread_group GL_NV_shader_thread_shuffle GL_KHR_b
lend_equation_advanced GL_KHR_blend_equation_advanced_coherent GL_OVR_multiview GL_OVR_multiview2 GL_SGIS_generate_mipmap GL_SGIS_texture_lod GL_SGIX_depth_texture GL_SGIX_shadow GL_SUN_slice_accum
OPENGL LOG: Creating OpenGL 4.5 graphics device ; Context level  <OpenGL 4.5> ; Context handle 915286552
Initialize mono
Mono path[0] = '/home/localuser/Unity/Hub/Editor/2022.3.62f3/Editor/Data/Managed'
Mono path[1] = '/home/localuser/Unity/Hub/Editor/2022.3.62f3/Editor/Data/MonoBleedingEdge/lib/mono/unityjit-linux'
Mono config path = '/home/localuser/Unity/Hub/Editor/2022.3.62f3/Editor/Data/MonoBleedingEdge/etc'
Using monoOptions --debugger-agent=transport=dt_socket,embedding=1,server=y,suspend=n,address=127.0.0.1:56889
Begin MonoManager ReloadAssembly
Registering precompiled unity dll's ...
Register platform support module: /home/localuser/Unity/Hub/Editor/2022.3.62f3/Editor/Data/PlaybackEngines/WebGLSupport/UnityEditor.WebGL.Extensions.dll
Register platform support module: /home/localuser/Unity/Hub/Editor/2022.3.62f3/Editor/Data/PlaybackEngines/AndroidPlayer/UnityEditor.Android.Extensions.dll
Register platform support module: /home/localuser/Unity/Hub/Editor/2022.3.62f3/Editor/Data/PlaybackEngines/iOSSupport/UnityEditor.iOS.Extensions.dll
Register platform support module: /home/localuser/Unity/Hub/Editor/2022.3.62f3/Editor/Data/PlaybackEngines/WindowsStandaloneSupport/UnityEditor.WindowsStandalone.Extensions.dll
Register platform support module: /home/localuser/Unity/Hub/Editor/2022.3.62f3/Editor/Data/PlaybackEngines/LinuxStandaloneSupport/UnityEditor.LinuxStandalone.Extensions.dll
Registered in 0.034017 seconds.
- Loaded All Assemblies, in  0.610 seconds
Native extension for LinuxStandalone target not found
Native extension for WindowsStandalone target not found
[usbmuxd] Start listen thread
[usbmuxd] Listen thread started
Native extension for iOS target not found
Native extension for Android target not found
Android Extension - Scanning For ADB Devices 352 ms
Native extension for WebGL target not found
Mono: successfully reloaded assembly
- Finished resetting the current domain, in  0.961 seconds
Domain Reload Profiling: 1572ms
	BeginReloadAssembly (136ms)
		ExecutionOrderSort (0ms)
		DisableScriptedObjects (0ms)
		BackupInstance (0ms)
		ReleaseScriptingObjects (0ms)
		CreateAndSetChildDomain (1ms)
	RebuildCommonClasses (64ms)
	RebuildNativeTypeToScriptingClass (12ms)
	initialDomainReloadingComplete (126ms)
	LoadAllAssembliesAndSetupDomain (271ms)
		LoadAssemblies (136ms)
		RebuildTransferFunctionScriptingTraits (0ms)
		AnalyzeDomain (267ms)
			TypeCache.Refresh (264ms)
				TypeCache.ScanAssembly (243ms)
			ScanForSourceGeneratedMonoScriptInfo (1ms)
			ResolveRequiredComponents (1ms)
	FinalizeReload (962ms)
		ReleaseScriptCaches (0ms)
		RebuildScriptCaches (0ms)
		SetupLoadedEditorAssemblies (875ms)
			LogAssemblyErrors (0ms)
			InitializePlatformSupportModulesInManaged (571ms)
			SetLoadedEditorAssemblies (7ms)
			RefreshPlugins (0ms)
			BeforeProcessingInitializeOnLoad (4ms)
			ProcessInitializeOnLoadAttributes (214ms)
			ProcessInitializeOnLoadMethodAttributes (79ms)
			AfterProcessingInitializeOnLoad (0ms)
			EditorAssembliesLoaded (0ms)
		ExecutionOrderSort2 (0ms)
		AwakeInstancesAfterBackupRestoration (0ms)
========================================================================
Worker process is ready to serve import requests
Caller must complete domain reload
Begin MonoManager ReloadAssembly
- Loaded All Assemblies, in  1.877 seconds
Native extension for LinuxStandalone target not found
Native extension for WindowsStandalone target not found
Native extension for iOS target not found
Native extension for Android target not found
Native extension for WebGL target not found
Mono: successfully reloaded assembly
- Finished resetting the current domain, in  1.179 seconds
Domain Reload Profiling: 3027ms
	BeginReloadAssembly (206ms)
		ExecutionOrderSort (0ms)
		DisableScriptedObjects (10ms)
		BackupInstance (0ms)
		ReleaseScriptingObjects (0ms)
		CreateAndSetChildDomain (43ms)
	RebuildCommonClasses (57ms)
	RebuildNativeTypeToScriptingClass (13ms)
	initialDomainReloadingComplete (118ms)
	LoadAllAssembliesAndSetupDomain (1453ms)
		LoadAssemblies (1171ms)
		RebuildTransferFunctionScriptingTraits (0ms)
		AnalyzeDomain (376ms)
			TypeCache.Refresh (331ms)
				TypeCache.ScanAssembly (306ms)
			ScanForSourceGeneratedMonoScriptInfo (32ms)
			ResolveRequiredComponents (10ms)
	FinalizeReload (1179ms)
		ReleaseScriptCaches (0ms)
		RebuildScriptCaches (0ms)
		SetupLoadedEditorAssemblies (891ms)
			LogAssemblyErrors (0ms)
			InitializePlatformSupportModulesInManaged (102ms)
			SetLoadedEditorAssemblies (11ms)
			RefreshPlugins (0ms)
			BeforeProcessingInitializeOnLoad (206ms)
			ProcessInitializeOnLoadAttributes (522ms)
			ProcessInitializeOnLoadMethodAttributes (40ms)
			AfterProcessingInitializeOnLoad (9ms)
			EditorAssembliesLoaded (0ms)
		ExecutionOrderSort2 (0ms)
		AwakeInstancesAfterBackupRestoration (6ms)
Launched and connected shader compiler UnityShaderCompiler after 0.03 seconds
Refreshing native plugins compatible for Editor in 65.09 ms, found 0 plugins.
Preloading 0 native plugins for Editor in 0.00 ms.
Unloading 4213 Unused Serialized files (Serialized files now loaded: 0)
Unloading 23 unused Assets / (47.5 KB). Loaded Objects now: 4678.
Memory consumption went from 138.1 MB to 138.1 MB.
Total: 10.659823 ms (FindLiveObjects: 0.644422 ms CreateObjectMapping: 0.441470 ms MarkObjects: 8.992859 ms  DeleteObjects: 0.578548 ms)

AssetImportParameters requested are different than current active one (requested -> active):
  custom:scripting/monoscript/fileName/BuildMergeTabParameters.cs: 2c923f29302a39560b4301c3fd163a7b -> 
  custom:scripting/monoscript/fileName/IncomingChangesTab.cs: 8a20aca125f6d4b837670edb6e36bc05 -> 82bff1d960538992d4e618d909869d2e
  custom:scripting/monoscript/fileName/DiffSelection.cs: 34faf7c86f7e0c9a01162e930679d82f -> 1460aaba4240ef35322cb9c198487990
  custom:scripting/monoscript/fileName/DrawStaticElement.cs: 6cbd346d4a1be2ee84c9ebe55a7f9f79 -> 5765d84d60602f16f5577bf0b7fc6b96
  custom:scripting/monoscript/fileName/MoveDeleteMenu.cs: f1a7b8a8be76c035d934c51863f3b934 -> c4ad4528e772c33a6167006886a8d1da
  custom:scripting/monoscript/fileName/DialogWithCheckBox.cs: 738e3e0af97e826e16805dda77e5f009 -> 
  custom:scripting/monoscript/fileName/DateFilter.cs: de3aab0283a2b4a1d4d64145b14132d5 -> 3a6cb8c2e3ffbb5a9052e322ee5bf411
  custom:scripting/monoscript/fileName/PerformInitialCheckin.cs: be22d181e456c0a8a5713675f29ac72a -> 8ef9a9f407b8b94b2b5fad9d24e61f79
  custom:scripting/monoscript/fileName/ConflictResolutionState.cs: d9394655856a9fc1a0b280bc997bac16 -> 74a230000ff2fd58c5a60ab4258207dc
  custom:scripting/monoscript/fileName/FindWorkspace.cs: 39bbd18bfe6bf4a99f5c185dcda4dd4a -> 6af6c9e9382fef881c020ab184e6f7f5
  custom:container-demuxer-ogg: 62fdf1f143b41e24485cea50d1cbac27 -> 
  custom:scripting/monoscript/fileName/CheckinConflictsDialog.cs: d3af1d70d3f60a9847d2942647274222 -> e13fa04a97fb675842c94586fc602871
  custom:scripting/monoscript/fileName/AuthToken.cs: d22b2893825e943bc1389be142abd57e -> 0fba7e8eb1ec8b699f274cdc956451b2
  custom:scripting/monoscript/fileName/ProgressControlsForDialogs.cs: 6bf8e69ac7dc2163fe988e5d8181ce88 -> 7e6bd1727985204e3b64e1946e589b1c
  custom:scripting/monoscript/fileName/AssetStatusCache.cs: beede06d8a6d93e7907fd192ad653f2b -> 260d5f85663ac58b2a7e9553c453bc3e
  custom:scripting/monoscript/fileName/OrganizationPanel.cs: d7ac1288bef1b15a05bb26d201a4d87f -> 57a57e6a345dbd536e91c348b70943a9
  custom:scripting/monoscript/fileName/ChangeCategoryTreeViewItem.cs: efd70108e1f6ff61ed2723220486adfc -> fd14db176fff061715c8ec88ced1902f
  custom:scripting/monoscript/fileName/CurrentUserAdminCheckResponse.cs: cec2f173fe8732108711c497674c6f66 -> d57c2dcace740834acd59fdfbc5023b8
  custom:scripting/monoscript/fileName/UIElementsExtensions.cs: a191d7293be4538b0adb29dfe5b06a46 -> 52e0d612ab032e4d22e9558b90396b99
  custom:scripting/monoscript/fileName/CreateBranchDialog.cs: c429477092287209232592c8cde1a615 -> 9eb29fda08033b4f847247136c412db6
  custom:scripting/monoscript/fileName/DrawCreateWorkspaceView.cs: 6422239d8f649480614f0dd4f018b7f2 -> c6039ac84d85ab3926aa94de163a9f7d
  custom:scripting/monoscript/fileName/ProjectPath.cs: 5634ebdbea8ca94089eb9622d1b60497 -> 2007f972d3a73eeb86dfe05e849c7f69
  custom:scripting/monoscript/fileName/SSOCredentialsDialog.cs: 8967ceae1bc195ea8dd32b23c42dd852 -> e140ede12a96f68f30062138385171c3
  custom:scripting/monoscript/fileName/DownloadPlasticExeDialog.cs: 2dd40c53d0303d041a27a44a95c331cb -> 093cfe0607c2346a88cdfdfe1435614f
  custom:scripting/monoscript/fileName/GetOperationDelegate.cs: e719058321e4f2be94be212e42f097c8 -> 
  custom:scripting/monoscript/fileName/PendingChangesTab_Operations.cs: c99065f3c85ec85c85ece2a1a30665af -> 15ae6787065f4af65778e981f418a60b
  custom:scripting/monoscript/fileName/LocksListViewItem.cs: cc9cd24c5be4f7363367cba72f12aad4 -> f4a19fabbec093eb3d6a7e1cd4f42611
  custom:scripting/monoscript/fileName/PendingChangesViewPendingChangeMenu.cs: 561ad0f702e1db14300a4a5f810051f9 -> 9a6ef2277212bf26d647c7f12f946287
  custom:scripting/monoscript/fileName/SignInPanel.cs: f7e82045994d4eefe3b021faa87b55c6 -> bac0318ce35e37bed3a2cc8137452435
  custom:scripting/monoscript/fileName/DrawInspectorOperations.cs: 61c4a6a6507d8f84ef5bdf5cba3f0aee -> 8c94fe642e98309082411f46db89106b
  custom:scripting/monoscript/fileName/DrawDirectoryResolutionPanel.cs: b77d9918f02a8eac64394aaf99fa4b28 -> e4e3c9b4bc511687802b504b71016540
  custom:scripting/monoscript/fileName/CloseWindowIfOpened.cs: d820344e932a12600b5fe6fb7e9f1563 -> ce229ef3b7461ff17e2c1af0695a6657
  custom:scripting/monoscript/fileName/SaveAssets.cs: e472a52843752df7d7ad4ca6b2c8da98 -> b56abea3d51c742ac29e4aec958afad6
  custom:scripting/monoscript/fileName/MergeViewMenu.cs: 93bc40369a2f104c249cef1d685ad358 -> c1676e16bdcf215f6595ea9de7a1fc33
  custom:scripting/monoscript/fileName/RepositoriesListView.cs: 9f95c83dc460fb03fb0916472f14b8a7 -> 95287f65338ca0073ad04002a16eaaf7
  custom:scripting/monoscript/fileName/HandleMenuItem.cs: 740e54c5f6dca1acc88cad87af74b744 -> b4ad1ecc5243212c5967125ad5e41b1f
  custom:scripting/monoscript/fileName/ScreenResolution.cs: 5c975132cf4e36dcc261bd0acd604271 -> 7bb7bb5b955671820101b322f0a7bf3d
  custom:scripting/monoscript/fileName/ApplicationDataPath.cs: 8e4094e28762fb76a1baecfe90c6b65e -> 3e8c4ea8debfda8013fed860ac233d22
  custom:scripting/monoscript/fileName/MergeSelection.cs: 6deb9bc55c10a7ac7c9f905a7b92dbe8 -> 630eecd27cae3311e65e09d9c63da8b7
  custom:video-decoder-ogg-theora: a1e56fd34408186e4bbccfd4996cb3dc -> 
  custom:scripting/monoscript/fileName/RepaintInspector.cs: f134606300316994850c28a68d0cb5a3 -> 
  custom:scripting/monoscript/fileName/LockStatusCache.cs: 5e3725e03dc21c716034553589a67eae -> e99b3f34c5cd3eb73ec19439af1f7f80
  custom:scripting/monoscript/fileName/DiffTreeView.cs: 68195907d129ef826aa6b6df7202696d -> 49f46fd2a65ea674a218eead75f27aac
  custom:scripting/monoscript/fileName/DependenciesDialog.cs: 82d30fc8d5e1a73ec0d1ee9acc00fbc2 -> c8902186ab2f4e6471b5dd147afb01b6
  custom:scripting/monoscript/fileName/ChangesetListViewItem.cs: 95a197949f1e777703db60eea8cc21b3 -> d742a4910e302777daa1ccb9c8e92cb9
  custom:scripting/monoscript/fileName/LocksViewMenu.cs: fda08381fa9abca53b6eaf3bf55f14f8 -> 186d8514e824865b191ba1829afe4b33
  custom:scripting/monoscript/fileName/IncomingChangesViewMenu.cs: 5f96afa82d3e2a8078206b7f6d3b0752 -> 13196979a03411533716f6775c9a624b
  custom:scripting/monoscript/fileName/DivergentMoveMenu.cs: 5b146ed65a6a030ab7d86a0d711244f7 -> 98d76b5791494212a0c25aa6a4af7288
  custom:scripting/monoscript/fileName/QueryVisualElementsExtensions.cs: 75ea535788abf9c38ba9341c984a6241 -> a49740b6efbb934f55475cc70b864a4c
  custom:scripting/monoscript/fileName/WriteLogConfiguration.cs: 1a8401f47b522f631a3dc005105719f5 -> 1589212d1638ae91a029ea3ddf9999f2
  custom:scripting/monoscript/fileName/FileSystemOperation.cs: c31a686e69e66801c204a11be56c950a -> f0ccbe91654279794a85bf6f1c034716
  custom:scripting/monoscript/fileName/MigrateCollabProject.cs: af93695e471d9c8e4ad014c4165f2c3c -> 9f3487f03a783b35518405572f20ac9e
  custom:scripting/monoscript/fileName/ProgressControlsForViews.cs: 7d677c6df38ab15cf390062b5b0bb854 -> a8a18a90f46aa63848e1e45d8d7ff9af
  custom:scripting/monoscript/fileName/DrawAssetOverlay.cs: 04a46044def089f0abcdafdd281e3646 -> 
  custom:scripting/monoscript/fileName/ProjectWindow.cs: c62567a3d71fd74636bc783de5162474 -> 
  custom:scripting/monoscript/fileName/MergeLinksListView.cs: 826afb5fb5988163105086b4bf5027af -> c9488671ae9b14523680d0c19097baa0
  custom:scripting/monoscript/fileName/UnityCloudProjectLinkMonitor.cs: a6d5b729fcd63f578363f7929a986e8b -> 86b74508945daf368996ea82904ac8da
  custom:scripting/monoscript/fileName/EditorProgressBar.cs: 7418be9b22aaea32732f8a5f49569d1c -> 08c2f2b90ef64df631d46389f0e22c8e
  custom:scripting/monoscript/fileName/MeasureMaxWidth.cs: cd9322680ae61d38397008451b7ed0ed -> 1569e3f1dad91a9b01cba66ab6aa30b0
  custom:scripting/monoscript/fileName/ChangesetsListHeaderState.cs: 69fc4f1a2bc3782d7043ec48961a3616 -> fe1392f9b135da83e13fe8a5e5f39fc2
  custom:scripting/monoscript/fileName/PendingChangesTreeHeaderState.cs: 7d278b5569d28437d07554a3bbb56e1b -> 5d7f70d142c9ac67864ec14950523d62
  custom:scripting/monoscript/fileName/MissingEncryptionPasswordPromptHandler.cs: 7f5831fc8a41e9cadd84fcfd0e885072 -> 5d7b9646eb14a39b6d3d5bab19d266ff
  custom:scripting/monoscript/fileName/ChangelistMenu.cs: ca33bac56b3a337faa90a1b1bba632d6 -> c1bf5aeb760cc5eae584ea3944d6531b
  custom:scripting/monoscript/fileName/NotificationBar.cs: d1a4cf5e8103d80fd25347275f906aa8 -> 50f1a85fa18d94338418def78dcd8543
  custom:scripting/monoscript/fileName/EmptyCommentDialog.cs: c9c28ff22d24598d7e4856f434bb1b92 -> 99cc06133e502eab7998108e26fd5614
  custom:scripting/monoscript/fileName/UnityThreadWaiter.cs: dbd556f2802baab90a20da38c288d36c -> 99333406d92d10003984b4d1920de2f9
  custom:scripting/monoscript/fileName/CredentialsDialog.cs: 179b5e49656a1623c2e79d838f0f5876 -> c785d5e40f8d66b7ef7ba04ee7c324e0
  custom:scripting/monoscript/fileName/ProcessHubCommand.cs: 30630f626164e285c361aa64e681100e -> 8ab0fc63fa4d9d749198dd61b09d7e37
  custom:scripting/monoscript/fileName/GetRestorePathDialog.cs: e21eb9983f0b989125951478cd5e9b35 -> 353d1126ca2d2063d5bdbd06806ffc08
  custom:scripting/monoscript/fileName/UpdateReportListHeaderState.cs: 64a5bf775d221ad9a5ff8c78a1e0e1fa -> d6cbe54be2898ed2c96c2e79572c2e08
  custom:scripting/monoscript/fileName/LocksListView.cs: 8c6202774eebcf67be9c3b5a2926cc7c -> 7aa51ff93bcc98aa05dec8b46ec200c4
  custom:scripting/monoscript/fileName/DownloadAndInstallOperation.cs: b043b8d5921892e87f4566e00162cff6 -> 4f4065aeafda2af0ec272a3c228e27b2
  custom:scripting/monoscript/fileName/DiffTreeViewMenu.cs: 3e62bfc69ca7486976988e151b88922e -> 8039fc4ecf68b3e966e1f4822789e7fa
  custom:scripting/monoscript/fileName/UnityStyles.cs: 1a176026ce9da8057f3ec90dfe0bac74 -> bbbba3cda37678cfc74d71ffebf36e7f
  custom:scripting/monoscript/fileName/HistoryTab.cs: 4d086984813cd90d6be245dd8e03a2ba -> d57f000c65fde42a2228c7a105a836e5
  custom:scripting/monoscript/fileName/HistorySelection.cs: 7c3afcf345a55e8b77ea41ca0f570218 -> 3d07a3d1241e204b5420d71f1137eba4
  custom:scripting/monoscript/fileName/CreateWorkspace.cs: 7b3086384e5ddcd73cd5064a3ce31cd2 -> 5256205b5cf0570b6f698c7abe518f5a
  custom:scripting/monoscript/fileName/ShowWindow.cs: c731454122754eec192bc3c53fac3d95 -> a6bb1d20733c178256b38974418d7450
  custom:scripting/monoscript/fileName/LocksListHeaderState.cs: b80c5f044f18764adef2e9dbea5f0fb1 -> c7fe4d3b5f954615048f8e79925d29e3
  custom:scripting/monoscript/fileName/CreateRepositoryDialog.cs: 1e1c5399cf3d0b071c7982c565a710ce -> 5cec3e66b09e0dbe1f805953c5c64af9
  custom:scripting/monoscript/fileName/RenameBranchDialog.cs: a3111a345c6451ee64cd16f1989c2313 -> e5c89c05c87517babb3730e87196a494
  custom:scripting/monoscript/fileName/EncryptionConfigurationDialog.cs: 6423045767c07e6360ff314ec741c601 -> 19e9c54aff6ffc68d60fe11f80578947
  custom:scripting/monoscript/fileName/CheckinProgress.cs: 298ac58365579798eb3b4defc181ccaf -> 75b93dbc5ef307111f0647f735640420
  custom:scripting/monoscript/fileName/AssetCopyPathOperation.cs: 571ede78b6298606a236918df9df62d5 -> 633a9d130b72ba594756844b628f0ae2
  custom:scripting/monoscript/fileName/PendingChangesSelection.cs: 766664749a54eea9ecce5dff917430ef -> 1721ad72d074757364587c71b49d9382
  custom:scripting/monoscript/fileName/LoadAsset.cs: 9042eb334fc462cf466672445be1d4c2 -> 5e4e082aa5b21c13b80eb237fe94d00b
  custom:scripting/monoscript/fileName/Images.cs: 0b0c14141950fed99e3ef33199b3b4c9 -> fbdd1e600315d249327f3effde045c9d
  custom:scripting/monoscript/fileName/DrawLocksListViewItem.cs: ce3a3d64ec2d84c3556ffd4141efc4f7 -> 6201c4d50383e970d554210505562d37
  custom:scripting/monoscript/fileName/DrawProgressForOperations.cs: ea9179848be98ee7719316b39339ef29 -> b544f18e6532ba53bbd1b691fa5cd571
  custom:scripting/monoscript/fileName/ViewSwitcher.cs: bb22cc2814598bf2511f6c811c1dc194 -> dd1f6d6bc6ad5beda69b13cdb560799f
  custom:scripting/monoscript/fileName/RepositoryListViewItem.cs: 2f16ba7694ec7934685021093e722c4e -> 3cabcd81911a2500dcd9e2b6ffae3f00
  custom:scripting/monoscript/fileName/InspectorAssetSelection.cs: 71ba78e42827a9b22a9a6016733d756f -> 4b3c1ae4c44d88205aef26229acfe022
  custom:scripting/monoscript/fileName/UVCPackageVersion.cs: c4d95cb84d9d8dff4727eba6b0a64378 -> 
  custom:scripting/monoscript/fileName/IncomingChangesTreeHeaderState.cs: f578f4545f0afb1f0a2de9a25e26e33b -> 9fcb97ef2da44c66332f5c6800c2e6ed
  custom:scripting/monoscript/fileName/DrawTextBlockWithLink.cs: d38f3ee197d9063693d0301d5157b32c -> 1d43814d810f0d56e2964ad3b72f271e
  custom:scripting/monoscript/fileName/WorkspaceOperationsMonitor.cs: 5f05751fd4d94e02e79a5bf200f98f9a -> 43dcc435c252a54bdaaf4d6588b7d66e
  custom:CustomObjectIndexerAttribute: 232f87dd983dbecb2a4e21e08eb2cef8 -> 
  custom:scripting/monoscript/fileName/ShelvesSelection.cs: 05891c88858e4ac7776c0c0c49b5b74f -> 8a3e11e7cd7bbf10b24988c7bf636dea
  custom:scripting/monoscript/fileName/MacOSConfigWorkaround.cs: 8634a542fc5c45ea8cd9a8244bf2c871 -> 9fe61e763da506601651f6c451cecb0a
  custom:scripting/monoscript/fileName/IncomingChangesSelection.cs: a96a5a084d59fe3917a3831b68fa9479 -> d86f9f4463e6f9d99bb815e1f018ccf1
  custom:scripting/monoscript/fileName/AddMoveMenu.cs: 07e842d83dd343358454fef0a7927a0d -> e681c3341f01390e9c1d636ae93280df
  custom:scripting/monoscript/fileName/PlasticProjectSettingsProvider.cs: c126b47f9f934d48f0646c249a5bfcca -> 8c4ae1aeb34c51d2a5a8924265075ff2
  custom:scripting/monoscript/fileName/AssetMenuItems.cs: 9ce81cedb8e568c6b7b646aa6263645b -> 
  custom:scripting/monoscript/fileName/ToolConstants.cs: a088b027c7b0922429c756f12b0507ea -> 3b0d2490617bc7f94a0bdab65a399e1d
  custom:scripting/monoscript/fileName/MergeTab.cs: f39dce5bbfdc053d284a55fc102a8be9 -> f0a9f00e065364eb63b070091ade67f8
  custom:scripting/monoscript/fileName/GetSelectedPaths.cs: 02423a81496d6c63598b5cdc203f4354 -> be35dd49dddd53fc840b9febf21b4d0d
  custom:scripting/monoscript/fileName/TokenExchangeResponse.cs: 0dd9138dbeab6f132711a5b608de5c13 -> f20183d4cf939766d3c1e15cc3bec2e3
  custom:scripting/monoscript/fileName/ChangesetsTab_Operations.cs: eca44847b108faefa69f8c525242c965 -> 3290c4c0cd248666e01a08ee6d621249
  custom:scripting/monoscript/fileName/OverlayRect.cs: 59d6887e4803f8a44ffaa0409470e410 -> 
  custom:scripting/monoscript/fileName/ConfigurePartialWorkspace.cs: 309d4276b0164b05348aedbd51cc0b2f -> 10fcc6b6d43dd5ed36c43c6f7b5906c4
  custom:scripting/monoscript/fileName/ValidRepositoryName.cs: 43c262be3f66a970816e3d3a3ee8872a -> 56bcf92a3678f6ad6215cae2e4914cfd
  custom:scripting/monoscript/fileName/OtherOptionsFoldout.cs: eea27b9873519c1ea7c35b8afc1b7947 -> cc8f3a7680050422963ebd2bf169a841
  custom:container-demuxer-webm: 4f35f7cbe854078d1ac9338744f61a02 -> 
  custom:scripting/monoscript/fileName/GetPlasticShortcut.cs: 2a84c035152261f00e7e66eb44cd0ffa -> 5c2b7bf07ddd2284efc64b09ef0f1f72
  custom:scripting/monoscript/fileName/ApplyShelveWithConflictsQuestionerBuilder.cs: e109c624745dcc4304c557872b253808 -> 02e4256f31bc905362a382e31c3387eb
  custom:scripting/monoscript/fileName/GuiEnabled.cs: 1b1658fd7715b5cc664c10a130c6b629 -> 7bb13fcc8d8cbd392e00f7232841f086
  custom:scripting/monoscript/fileName/BuildPathDictionary.cs: 943911b84162d26cea47f964f9a0a399 -> 9fabc7cc73fcfc50b8a3307c6aa6ec4d
  custom:scripting/monoscript/fileName/FindEditorWindow.cs: 2bb64182aef631315344623cf583c78a -> 8c3c78bb7e82ac5008f8a2b8a0d68cff
  custom:scripting/monoscript/fileName/ShelvePendingChangesDialog.cs: 47aa4c07d31152c0c1eff64d2ba76cc6 -> 86b1f48b5fbaffa67e939e7f404062e6
  custom:scripting/monoscript/fileName/DrawProgressForViews.cs: c153245b67af73b7ee03f693a1127796 -> 068a172cb549ad77d9873d721698bd0d
  custom:scripting/monoscript/fileName/UpdateReportDialog.cs: 706e7e86547c339cdb3a4462e3f7a54d -> 087837d8f73228f1a817d0de82c77260
  custom:scripting/monoscript/fileName/UnityMergeTree.cs: f81f2d7551ab855fe9dc724f3f2e2892 -> 59edaa0a4669bbcb540a261166adc144
  custom:scripting/monoscript/fileName/CycleMoveMenu.cs: 91c21a0be9b3727d7673f94321029c52 -> b3993a7306fc941f55ca963833965729
  custom:scripting/monoscript/fileName/HistoryListView.cs: 527da2d093462f1c4a278d6957e7d5ac -> 7b2d1d2c12ab43d9d244e35197127919
  custom:scripting/monoscript/fileName/ChangeTreeViewItem.cs: 506ed128854137d9f75f9e3d2576a06b -> b0a38ce0a620643c776a3db4fd91bc4c
  custom:scripting/monoscript/fileName/BringWindowToFront.cs: 88b20f2a2881db6a013f54923d68cdee -> a30c7c1ba746c6d277a5aedd3057d15e
  custom:scripting/monoscript/fileName/ShelvesViewMenu.cs: 947ea245959bf421539573511c3a0058 -> da5dc74b3444288f443961ecab7245d6
  custom:scripting/monoscript/fileName/LaunchCheckinConflictsDialog.cs: 4417eba1591eccb2221bfdce0106c1e0 -> e2c1e3f8f4e14a62e4363fe6259adbc2
  custom:scripting/monoscript/fileName/ParseArguments.cs: 03c1a4d7e357164ca313a0019713c3db -> ae915d9f5fe287ced40627c9ca8bfafd
  custom:scripting/monoscript/fileName/ExternalLink.cs: 685ff1dd6f55eb61a1fd8af84a2aa7f5 -> a8ff952d8c27d10f226ab92b7aa83b69
  custom:scripting/monoscript/fileName/WaitingSignInPanel.cs: 247680fcfc6a176b9fa28a3df600a754 -> 7585e1c7111b6b900784e6d1c9454258
  custom:scripting/monoscript/fileName/OperationProgressData.cs: 0db72349eeecbe9449a517b1d79cc760 -> 15f68712baaea535af36d9e0333c0a6e
  custom:scripting/monoscript/fileName/RepositoriesListHeaderState.cs: c0353a1af15ae4fd3d5a2a3cac816423 -> fb71b961ab7c924511a6b0e8680b60ee
  custom:scripting/monoscript/fileName/ClientDiffTreeViewItem.cs: 56be9d3aa410e770e75de2d8b93be89d -> 43bdd7aa5bf1aa039a5b572c119c38d0
  custom:scripting/monoscript/fileName/CreateWorkspaceView.cs: c40bc4c8524ef3e2374ef997beb2e4a6 -> 9ae2295080d141c0f12d02a71014e11c
  custom:scripting/monoscript/fileName/CommandLineArguments.cs: 0d20ca25f94249586a7c1484c469d8a2 -> 48a62ad3f817c0269ea7fc4a53799594
  custom:scripting/monoscript/fileName/DownloadRepository.cs: 46fc68d9cc4da8e8ed765ff28b2dd438 -> 5bad8d3f76a3fcb41a94637e37c11ab0
  custom:scripting/monoscript/fileName/ParentWindow.cs: 2476d8a6ba9c3055f984ac9792cae61a -> d6aa079e592e01701c5baa3ab98898bc
  custom:scripting/monoscript/fileName/OperationParams.cs: 091a140b35535b91c773ddf98925322d -> 3312c7a4424a66ffbf2f88f056f329aa
  custom:scripting/monoscript/fileName/SignInWithEmailPanel.cs: a5823728eb62cf6dbd8c933c1cb26f53 -> 6e8957c0ed7609303e68389067e72d72
  custom:scripting/monoscript/fileName/LaunchInstaller.cs: f9b7c99441bc32980ce9b95be066824b -> b75efdf5909b501e06cacd9c66f75981
  custom:scripting/monoscript/fileName/GetWindowIfOpened.cs: 84a2356c61155912908cf98a62600c22 -> fd8bfd1a9b371371ebbff48e377726f9
  custom:scripting/monoscript/fileName/AvatarImages.cs: ea6dca998cf0ec5122553a9e010ef687 -> 3aa8c25a350843151ec4070c820c411a
  custom:scripting/monoscript/fileName/DrawUserIcon.cs: 2f65feb9bed897237f97fbf9c5479092 -> 7d5385bf780ae84e648a8b49f8fe0825
  custom:scripting/monoscript/fileName/TreeViewItemExtensions.cs: d22abf8de7a9ab0e852b869a652f100d -> 6849c47ffa8623d630ef12f76bd49905
  custom:scripting/monoscript/fileName/AssetStatus.cs: b9ea657347f2c22e8e401cdb256c516c -> e017010009bdb28bcb0d7d8ef05e7dd9
  custom:scripting/monoscript/fileName/BranchesListView.cs: 334a3fb302f855f71fb71520fb442a71 -> 3f5ed9fe5a1bca512014ae1600ee1666
  custom:scripting/monoscript/fileName/DrawGuiModeSwitcher.cs: 363adc150c5f1c5059a678f179906090 -> d3be34a3134d3fe80ef6b14d0d519128
  custom:scripting/monoscript/fileName/UnityMenuItem.cs: 5f445176ad3735e69769d93250663be7 -> 73f3c859f1b5092ad362c09e23b3a922
  custom:scripting/monoscript/fileName/WebRestApiClient.cs: 8ab6ae74a3793a3375cc48f328048a82 -> 746756fd499dddd02a4e7ccdbac48be3
  custom:scripting/monoscript/fileName/ShelveListViewItem.cs: a37862556d04b25f75804d991e109d87 -> 373418f0ae11fc25a26ff7fe4f472006
  custom:scripting/monoscript/fileName/OpenPlasticProjectSettings.cs: 5a86fd454f7c9f74b62653e269818d3f -> 
  custom:scripting/monoscript/fileName/PendingChangesOptionsFoldout.cs: 2a2f5a0ba87bd75c4475236a9a012016 -> f9e651bcc5d4441496c88ab59a32f360
  custom:scripting/monoscript/fileName/IncomingChangesTreeView.cs: d8c19bc81b07c04d7721396d2821d297 -> 96479648d4498738733254eb4e4c6fb5
  custom:scripting/monoscript/fileName/GenericProgress.cs: 11287c7d038c487f32d0c8edc476a32d -> 8492ec26f01fc248d3eb3c2f5b3b6c0f
  custom:scripting/monoscript/fileName/ShelvesListView.cs: 0763e4076b11a683fa148282680085c0 -> 01c1f087b2f83b458da6b8ad18736606
  custom:scripting/monoscript/fileName/MergeCategoryTreeViewItem.cs: c1ecd9dc0cd73eb7eb129994dedc1a91 -> 6bd59fcbfeafe06987a54631991d755b
  custom:scripting/monoscript/fileName/CheckinDialog.cs: 1709b78fae1329cc05fd4f39334b25f5 -> 702fdb8d0a3b4bfcb9ba109e71325cad
  custom:scripting/monoscript/fileName/SortOrderComparer.cs: 8f6297df34271fdb1ce2d9607ec6261d -> 90647cc400823b41df847a6cbfc29026
  custom:scripting/monoscript/fileName/GUIActionRunner.cs: 69af7de0762ed6d085feb4cc4b5101b3 -> 4a0608de635b0d82868d57923d68eff7
  custom:scripting/monoscript/fileName/PlasticMenuItem.cs: 30c3a785b4c2607e2ae9aad693d5f604 -> 
  custom:scripting/monoscript/fileName/PendingChangesTreeView.cs: f3722f38014385705913f17dbe0f90c1 -> 17142d220a0a50a3f3d184c4718a0da7
  custom:scripting/monoscript/fileName/VCSPlugin.cs: 69c1b7249af35f35848ae707bd5e7113 -> 
  custom:scripting/monoscript/fileName/GetClientDiffInfos.cs: 4ae14b15e2cf5177a84735548a44cdc9 -> f8db8e637ded2d5e935a953a13b85ebe
  custom:scripting/monoscript/fileName/DrawActionButtonWithMenu.cs: d7f31944358aed2f3ed3982246fca039 -> 8d4f5edd02a1dd0f38c4f2baf5ee8a33
  custom:scripting/monoscript/fileName/ErrorListViewItem.cs: 9bf59c82e9c9992a012a3eb2b6c2bfe5 -> 509edc26860f8be303ec97d68aabc30d
  custom:container-muxer-webm: aa71ff27fc2769a1b78a27578f13a17b -> 
  custom:scripting/monoscript/fileName/EditorProgressControls.cs: b1f133fa38afd918d537a72574fc93a0 -> 2e606eb01a6e6a567f3de9a0379ed3ae
  custom:scripting/monoscript/fileName/BranchesListHeaderState.cs: d47f1164fa7093137db851c4c16ffba3 -> 82eab21603f4efc696334ee80641c2c9
  custom:scripting/monoscript/fileName/DrawSearchField.cs: b11b864a92c7d76f85d4ec87d6faf61c -> 3de70beba9f4447205d50241d95b066a
  custom:scripting/monoscript/fileName/PendingChangesTab.cs: c99065f3c85ec85c85ece2a1a30665af -> 15ae6787065f4af65778e981f418a60b
  custom:scripting/monoscript/fileName/MergeTreeHeaderState.cs: d266e9dd03ced7ec66ad3688e5f18f26 -> 6293ca7f65e9641fcbe12100e705a990
  custom:scripting/monoscript/fileName/BuildGetEventExtraInfoFunction.cs: 1308a6936e8051866a117b3b7c2c7b77 -> 74bfc8c01f931108a3c2b127aa04cc8d
  custom:scripting/monoscript/fileName/ShelvesTab.cs: 88e0da7511313c57d3f51ba183c4d3fc -> fca0a219bdad45e636bd34724e5dc89d
  custom:video-decoder-webm-vp8: 9c59270c3fd7afecdb556c50c9e8de78 -> 
  custom:scripting/monoscript/fileName/WelcomeView.cs: 07e35bfe1faa2c52c049eb30958acd54 -> f06c185659ea2f4a75f9397861dc6096
  custom:scripting/monoscript/fileName/DeleteMoveMenu.cs: 39c593e854a9a8ae0e6d34ceb587fce1 -> 4d026cbabd8105e38661f97da078042a
  custom:scripting/monoscript/fileName/PlasticApp.cs: c440a0fb380601a77ad475d6c15d4fa1 -> c57de230d90beac7b586f10b9c7c6cb5
  custom:scripting/monoscript/fileName/ChangesetsTab.cs: ef408d8aaf89e01b17643ed0c836680d -> 46dde8f7856048792ad2e75490bb8c5e
  custom:scripting/monoscript/fileName/DeleteBranchDialog.cs: efbbc070bfeda2b746e8b15a4380cb26 -> 8549b0fc52962c89115fd78724fee578
  custom:scripting/monoscript/fileName/IncomingChangesNotification.cs: d7ac4b8f9ea939309b8ceb7f729100a2 -> caa8ea2c7336b9227381f0971759e01a
  custom:scripting/monoscript/fileName/DrawTreeViewEmptyState.cs: d4c16fd6aad8161eda7d99fd74cbb08e -> 
  custom:scripting/monoscript/fileName/ErrorsListView.cs: cc3142391037796392fcd3fe860891dd -> cd35171982f17897dd5148dda46e0956
  custom:scripting/monoscript/fileName/UnityPendingChangesTree.cs: fd6f0a038401268983bd9328d10dec93 -> f391d9a00dc9e202cee4d4ebcf6d21c0
  custom:scripting/monoscript/fileName/ClientConfiguration.cs: 5f5e47bfb7cedc7420d7e59c6d7ae6f0 -> 01b18b09a6dbb3756e1f42a5b64aab0f
  custom:scripting/monoscript/fileName/AssetVcsOperations.cs: 50ee89e011ba3d800b4e7a9a24aca7e1 -> 
  custom:scripting/monoscript/fileName/PlasticDialog.cs: b0aae1bf1889af041741f324070b7b84 -> 63a17a2b696bc2a13c9046aa16f8cea4
  custom:SearchIndexIgnoredProperties: e643bd26f0fe6173181afceb89e7c659 -> 
  custom:scripting/monoscript/fileName/AutoRefresh.cs: 9d30d5d3f0e8985355be1ab597da1dbb -> 0a8afde180a876655ad16caa14493409
  custom:scripting/monoscript/fileName/PlasticPluginIsEnabledPreference.cs: 7953272c37f4a828a3d1096e7479f346 -> 
  custom:scripting/monoscript/fileName/GetRelativePath.cs: 9b16eb2de9e98b392077181cc34243c1 -> ab04ae5e0cafb93ebf5c96148bb52df0
  custom:scripting/monoscript/fileName/UnityEvents.cs: 253411328de37811883aded592b97268 -> c830e584565fcd66ca0d5a23ad8b9bd6
  custom:AudioImporter_EditorPlatform: 2f0ff77a95e0ac474e3e8eeba4e2f7cb -> 
  custom:scripting/monoscript/fileName/DeleteChangeMenu.cs: 540c783b689e4d6a4a383862455d5d39 -> bfa368dc06e11abcc107d6f80c7c19c5
  custom:scripting/monoscript/fileName/SelectNewCodeReviewBehavior.cs: df6e8e132199ea6ec467c9bced11011d -> a16edf3a8c3e5ac26863e890f68fd937
  custom:scripting/monoscript/fileName/DockEditorWindow.cs: 581124d5e19667105f2446d6dfbf7982 -> a9e5e467234133af999283610b6e84e6
  custom:scripting/monoscript/fileName/ProjectPackages.cs: e247c98bd45807b228765f9a94d82145 -> 9e9e13e39b2e9718b602503b87245c18
  custom:scripting/monoscript/fileName/BranchesSelection.cs: 7eb1fcb556f0fad697e4ec9d989be099 -> 33b36e7b03910960966036894ec90c7c
  custom:scripting/monoscript/fileName/SaveAction.cs: b68fbb4319dbb368959c40781b39fdf8 -> 27c387bb58f3a69b0c9ff60d2209e18f
  custom:scripting/monoscript/fileName/AutoConfig.cs: 6c4e7f9dc55323aa1299debfe9723aa6 -> bf4bbd2f2e752464ef51dbf102faed17
  custom:scripting/monoscript/fileName/DiffPanel.cs: 02288a38bd14cc2b52a25b302a6f154e -> 210366dab3631628227b9406f87a9b7f
  custom:scripting/monoscript/fileName/PlasticAssetsProcessor.cs: ff731c8aacf4a537dc74c7cf9eaeaed0 -> 
  custom:scripting/monoscript/fileName/DrawActionToolbar.cs: 52293cb82089e0370f52e257f41c0869 -> e05748a99799f26304c1bbafd90f703b
  custom:scripting/monoscript/fileName/EditorVersion.cs: 70953c9eccf7726f70c672a9a51619e9 -> 698aba075b19a52a056d67a7b809d179
  custom:scripting/monoscript/fileName/TeamEditionConfigurationWindow.cs: d06f049421c16e5927ec29f770917e09 -> e53b1ca5561894aaeff930afb696d001
  custom:scripting/monoscript/fileName/TreeViewItemIds.cs: 7d654a2b5b3a10da3e7d8472196e96d1 -> 0cdf409b5aa8d4c25876d72b5c6a3b60
  custom:scripting/monoscript/fileName/ProgressOperationHandler.cs: 5fbb4e0f656dcfaa4498bd2e492e4710 -> ec62666c0ca1649dd33cc6bc6834c6f7
  custom:scripting/monoscript/fileName/UnityPlasticTimer.cs: 961fdb6492c99b4a3eadbed28e78c4b0 -> 6c887e722e951c2964523825cad70c4c
  custom:scripting/monoscript/fileName/TreeHeaderColumns.cs: 9fc4a0396a421346b8aa3b7788860851 -> 316e5ea62e66b20fd6e687a6b9e5958e
  custom:scripting/monoscript/fileName/MergeOptionsDialog.cs: 25ac62df73845405e13f44e4dfdcf0d1 -> 9250ce23d260ab84f87bd5899c6cf983
  custom:scripting/monoscript/fileName/AssetFilesFilterPatternsMenuBuilder.cs: 8fe5de6e5dc3d42fb7e95de2aaedbf5a -> 0d99e7514c6a33cda8314deed8f34bc5
  custom:scripting/monoscript/fileName/MergeTreeView.cs: 143a828a1a236483d3cdc1d010ce9d51 -> 3feb38cec50d3fc7576ddbf07a9a9ce8
  custom:scripting/monoscript/fileName/PlasticNotification.cs: 3629fdff9f054b2013702f5b131b2c47 -> 
  custom:scripting/monoscript/fileName/ConfirmContinueWithPendingChangesDialog.cs: c0e147ff008a0b77c9337132a3ea70af -> 77462b1904ad8f6fee2f8da4523d59fe
  custom:scripting/monoscript/fileName/ShelvesListHeaderState.cs: d3cea237aa496a145829475430d90f29 -> 287f23cbe09ecb9b28ec8dd05ede8846
  custom:scripting/monoscript/fileName/ChangelistTreeViewItem.cs: a4a6f6169cdb3afe249e104e2b7b1a2c -> 87f69636be8bd1a264ec4eac1bffa701
  custom:scripting/monoscript/fileName/CollabPlugin.cs: bda741ff77a19affbf276298e29313ec -> ca276d65e7cd77c5c99d9f119ffdb215
  custom:scripting/monoscript/fileName/TabButton.cs: 757146b89ed597b1d75c77241e5d5f63 -> 
  custom:scripting/monoscript/fileName/LaunchTool.cs: 3ac53c8af1f56365aad9e1ae5366d98d -> 60773d78646dc188d4b2caca77f20b17
  custom:scripting/monoscript/fileName/RunModal.cs: 33b931100ee477e6812324eabaa2e837 -> c83ee2ef642c5d8b8dfd32f033bfc438
  custom:scripting/monoscript/fileName/BranchListViewItem.cs: 8fdaa5aa842f5a70237affa304b9d506 -> 55028f4aef24d6227589aaa95582b2ff
  custom:scripting/monoscript/fileName/GetAvatar.cs: 07c98163f75f0b7c672bd453fc82bf61 -> 04ffae2a9e5a4c32a119f93144f558d2
  custom:scripting/monoscript/fileName/MoveAddMenu.cs: 81d47caeb9f49803adfe1627c8ce5bf4 -> 1fbfab870b2e95fdd8a81f6019f764df
  custom:scripting/monoscript/fileName/FindTool.cs: fc3b0710b24078288fe829d0bb041dd0 -> 2f9d82566cfb01fb68fc30111fb47624
  custom:scripting/monoscript/fileName/ChannelCertificateUiImpl.cs: 75d7831ab5da75cc0082e28863abb142 -> cefccf1e13b7bcf15e3c9f2dd4cd2fc8
  custom:scripting/monoscript/fileName/ApplyCircleMask.cs: 02eb67e485278e7c9b719fee5ff90f4a -> b955b378d261fdcbd6272fe8711d1e4f
  custom:scripting/monoscript/fileName/AssetMenuOperations.cs: 131bfc7279b97eba576abe13a47f8f91 -> ebcce67603e288b4a84d49287db6ef5a
  custom:scripting/monoscript/fileName/ShelveAndSwitchOptionsFoldout.cs: 676902ec49ff9c5abb2a832f067966e8 -> e7b216a23869eafb9aecd00a8905fafa
  custom:scripting/monoscript/fileName/VisualElementExtensions.cs: cd98f4a51563fccdfc39eed097290325 -> 0aad2728225c469038631668406aebb3
  custom:scripting/monoscript/fileName/LocksSelector.cs: 70b046a562568fd78d093736e68a3a58 -> 7b0f4fc5552c1d92ba7f4648526ceb21
  custom:scripting/monoscript/fileName/ListViewItemIds.cs: 8f6297df34271fdb1ce2d9607ec6261d -> 90647cc400823b41df847a6cbfc29026
  custom:scripting/monoscript/fileName/CreateWorkspaceViewState.cs: 1deb37b3c17c224d9a7dca9c990ea191 -> 0fe23b7cca9336b31a27790c714de652
  custom:scripting/monoscript/fileName/MergeLinkListViewItem.cs: ebc1e6f9e3a3005d8f4c51a794adfdaa -> 3fa407d29597803190dd374d88ed170d
  custom:scripting/monoscript/fileName/DrawCommentTextArea.cs: ad5449f632fd412ac0f7ba0d171fd453 -> c58c26552f95f108a8d9610eaf001fbc
  custom:scripting/monoscript/fileName/ErrorsListHeaderState.cs: 9141660c9776c5dac5f980fd03a672a8 -> b961336a4a43551eb826f97c57673007
  custom:scripting/monoscript/fileName/MergeViewDirectoryConflictMenu.cs: d45972e8b5f74223c607a4daa895ff3d -> fad8e1937fc14fd75ca21a68ee1037b8
  custom:scripting/monoscript/fileName/RefreshAsset.cs: 4479d2949a66a97f66d1e550067f3767 -> 5a15c606785f1f54a697bb0d0d846dfb
  custom:scripting/monoscript/fileName/BoolSetting.cs: d67f952c3a5976591f3e9a9e7356bbab -> 12bf039ccd38b0f4ccfffbec3cbbf108
  custom:scripting/monoscript/fileName/CreateChangelistDialog.cs: 774371d4233cc1d394d98dc80507a1f8 -> 386b03e27c951c5f1d63daf7aae486ca
  custom:scripting/monoscript/fileName/HistoryListViewMenu.cs: 15a489e494f04a7ea37a587c7601070e -> 29770348599c8d5473b78d72e5741b40
  custom:scripting/monoscript/fileName/MergeViewFileConflictMenu.cs: d7362b83d6b320a0f0ceaf99dbe21727 -> 8fc0f292158abfa71c2c7b3b6f38d32a
  custom:scripting/monoscript/fileName/FilterRulesConfirmationDialog.cs: 5186d89f21d03764f0cca01c2a0122d7 -> 9c91c6c91f20e6d013a753f32343b327
  custom:scripting/monoscript/fileName/ChangesetsSelection.cs: d154d1782ed752b83834c54a0bde3df9 -> 8b9d539af9f7e269bac4e3d79e9ffab8
  custom:scripting/monoscript/fileName/AssetPostprocessor.cs: 96208057b904410715a8df295ba4f8f4 -> 
  custom:scripting/monoscript/fileName/IsResolved.cs: 67a72533af97b9ab7830798057ab806c -> f54a3e2c5134aa4306f9ad150b1911a9
  custom:scripting/monoscript/fileName/LocalStatusCache.cs: a558fcf5f34357bab4cfc7b75e2bb356 -> 30974ea30517fbfd1b93153f6c849a76
  custom:scripting/monoscript/fileName/RepositoryExplorerDialog.cs: 143e7416b576681e1f2ea71288e530e6 -> eea34924da79ad7254f3e141a891c78d
  custom:scripting/monoscript/fileName/WorkspaceWindow.cs: ff52e13cd29dacd66db0169e14f71a23 -> b042f06133312d3bfed176231d97d77c
  custom:scripting/monoscript/fileName/BranchesTab_Operations.cs: 764cb17e9337c58ad4f5304b60b2042e -> 57c33f76c527a5aba4d269245ffff188
  custom:scripting/monoscript/fileName/DiffAndMergeOptionsFoldout.cs: 080cbf9242c0571bafa2e45ef8932448 -> 2810bae564e92b04bc7ebe4e47a2880b
  custom:scripting/monoscript/fileName/PlasticShutdown.cs: a8df8eeeed98372d06e446171a192a6d -> 
  custom:scripting/monoscript/fileName/FilesFilterPatternsMenuBuilder.cs: 28072cd275c96994687e6d4d0d6e1dff -> cf716a8d336c8113475a9ca67a799ec1
  custom:scripting/monoscript/fileName/HistoryListViewItem.cs: 2d3b1fc954b6bdbae298ec250ade0663 -> 96f2b67ec620b83e35d13f11877e1ac1
  custom:scripting/monoscript/fileName/RemoteStatusCache.cs: 00463e6b90cfe7da080d7c266f783980 -> 402d5663f3675e9324c129274b0c00f2
  custom:scripting/monoscript/fileName/EditorWindowFocus.cs: 1012e4e2e29e9b29bdcc03d8b92762a8 -> f258b0cf85078a7435d001e522d5e8e3
  custom:scripting/monoscript/fileName/EnumExtensions.cs: 24df84756ec75feecd53a80a0991ea16 -> 872fcb89b813d64606e680211dede528
  custom:scripting/monoscript/fileName/NewIncomingChanges.cs: fc48261878ef7e4b956e7172f5803aee -> 
  custom:scripting/monoscript/fileName/IsExeVersion.cs: 093723a3ef9cbad630dfdc60c764eff0 -> 9ef63354090e3419637bfe79e3489687
  custom:video-encoder-webm-vp8: eb34c28f22e8b96e1ab97ce403110664 -> 
  custom:scripting/monoscript/fileName/UnityIncomingChangesTree.cs: f774bb8bf0bd45a254894c795843c695 -> 42967773c43d3de5d23be4ddc6dfd9c4
  custom:scripting/monoscript/fileName/UnityDiffTree.cs: 447fc3a8922f56330f4bae8c9dc9a8be -> 1029ffd567bc0e646e6b119719dcb2ff
  custom:scripting/monoscript/fileName/TreeHeaderSettings.cs: 114eb9e27124403e8e111494b8eaf987 -> 662b1714c0fce36da72bbfe60201987a
  custom:scripting/monoscript/fileName/UnityConstants.cs: 323df5e3c80d05e06517581c776fde34 -> e3d3c3e11a194da9e5bbbfb97087a7bd
  custom:scripting/monoscript/fileName/IsExeAvailable.cs: 3e4283303610c884e542b8f6d3e922d4 -> 4a3dbc5ded94087064afd97407f26631
  custom:scripting/monoscript/fileName/LoadedTwiceMenu.cs: 961f9b82936caa7937046ac23d323c2c -> b54aa2e14eb740621bb6f926af7cb8ef
  custom:scripting/monoscript/fileName/AutoLogin.cs: e67ed70aada38469aeb667115929c368 -> b4cb98371fc38cca00d7123b7e649e12
  custom:scripting/monoscript/fileName/DrawMergeOverview.cs: 1db93bf179b38015949e3a3cb6ef1bd3 -> 49e0e525c3c170f79c20dc6779b7ead8
  custom:audio-decoder-ogg-vorbis: bf7c407c2cedff20999df2af8eb42d56 -> 
  custom:scripting/monoscript/fileName/UpdateReportLineListViewItem.cs: a101f0ba5292fc139445870b3f4af838 -> 9f63395e1ea590dbbab4d59cd0032ac4
  custom:scripting/monoscript/fileName/DrawSplitter.cs: ec7e8739eacabcca3e2946d9833eea0f -> d2f114a8e8e4167f7762d835a83b2f55
  custom:scripting/monoscript/fileName/LaunchDependenciesDialog.cs: e1c527862a66e73f0417ae177d7fdfb5 -> 2cabf22eb95430074b6c730a84e03493
  custom:scripting/monoscript/fileName/CredentialsResponse.cs: 96b135ae1c4ea541dc762170ea524fa9 -> 3dd2507693e56dac75ee7783f598cbb9
  custom:scripting/monoscript/fileName/LaunchDiffOperations.cs: aeae601320588a70eea7590a2f7e0f69 -> 871a0804a9fe2d9f2ad088303a89a63e
  custom:scripting/monoscript/fileName/PlasticSplitterGUILayout.cs: 111849f67dfbfea65ad2a9298ad1654d -> 
  custom:scripting/monoscript/fileName/CheckinDialogOperations.cs: 0b2a2cd4c41cf1865a29cf91b2a96a48 -> d032d69e8060311c06b88286e8f22ddd
  custom:scripting/monoscript/fileName/PendingChangesViewMenu.cs: 68fab310addfd7068cfd7920070496ff -> 9b0019b6df6bb14eb3a2dbafa53fb54b
  custom:scripting/monoscript/fileName/AssetsSelection.cs: 35cec24e81f0cb1de51daeb356abc4ff -> 0227d7ff4d5687932d10967a945a9b06
  custom:scripting/monoscript/fileName/EnumPopupSetting.cs: 8f6297df34271fdb1ce2d9607ec6261d -> 90647cc400823b41df847a6cbfc29026
  custom:scripting/monoscript/fileName/PlasticConnectionMonitor.cs: 920e8e381bfc94da8bb69d336dda57ca -> 
  custom:scripting/monoscript/fileName/HistoryListHeaderState.cs: 6226ef13a567fa81584864f8698be331 -> a87e0364d14866c369ad50d669bdfa85
  custom:scripting/monoscript/fileName/EnableSwitchAndShelveFeatureDialog.cs: 2cb9334d072aaff777efab2d72a2583e -> 03bdf2f298649e7c429ac90c7a3c461a
  custom:scripting/monoscript/fileName/CloudEditionWelcomeWindow.cs: c886fdb39f4b8787e6ea3701a8f88f4a -> b1721e471183956468462f6b64901640
  custom:scripting/monoscript/fileName/AssetsPath.cs: 367269acf8f676d2cdd30fdc387b3920 -> e0e986124adc46d913f0683c34b88c9f
  custom:scripting/monoscript/fileName/MetaPath.cs: 1f80313a7ce6ec6ece505285578f5745 -> 417a84eb354831f828a6752b26c8592d
  custom:scripting/monoscript/fileName/CredentialsUIImpl.cs: 90e9c2de8d7bdd8424e0d89c415108ae -> dbacf67c37819fd95562fe169e706732
  custom:scripting/monoscript/fileName/ChangesetsViewMenu.cs: b720f0168f4ce1b1e0d358a6d5ec9a42 -> 7d1a2de81910b5990e71a0bfff26fdca
  custom:scripting/monoscript/fileName/UnityPlasticGuiMessage.cs: 2a7f71f59c0d7dc731fd345a3713957c -> 24eef0792e3802809607a7f9d04b8f1d
  custom:scripting/monoscript/fileName/OrganizationCredentials.cs: ee462057b3bd23cc3dab953ac4d656e2 -> 0b123406cadd651e9adc01c85fab5124
  custom:scripting/monoscript/fileName/StatusBar.cs: 2c8c488a8bbfe924f6b53b202ff6aadd -> 
  custom:scripting/monoscript/fileName/IsCurrent.cs: 7343ceec4312304bb8b398eeb6c375fa -> cf1fd01890d0fd9f011c1a1a491e2cf0
  custom:scripting/monoscript/fileName/ChangesetFromCollabCommitResponse.cs: b986ab8b1acd322b0367812e2d541734 -> ba336e4117e1b7ee28e4c17197bc3d0e
  custom:scripting/monoscript/fileName/MoveToChangelistMenuBuilder.cs: 3a2ef8cb0baf69e5dadeafc731fe32a9 -> a90b3e388d3e1316fa104d4c9a03e2d1
  custom:scripting/monoscript/fileName/LoadingSpinner.cs: b3299af90b664a9f42123e7df43fae24 -> 6aff0ac022d117a8e24a7b5e4b11904c
  custom:scripting/monoscript/fileName/LocksTab.cs: 134c512484ae73354c15c06a6dc69f9f -> 00ffb5a39c16fdc2d733c7e53471a3a9
  custom:scripting/monoscript/fileName/BranchesTab.cs: 764cb17e9337c58ad4f5304b60b2042e -> 57c33f76c527a5aba4d269245ffff188
  custom:scripting/monoscript/fileName/ToolConfig.cs: 18b1ea271ce5e7b6deea7b4e8e175269 -> fcffc3165b047f54ed6ccafa4c8760dd
  custom:scripting/monoscript/fileName/DropDownTextField.cs: e66e7314096900597993d2b353757d8d -> c8fc484ce140049ff31ebc2c6cbebf28
  custom:scripting/monoscript/fileName/AssetsProcessor.cs: 47679a6e15b70f4fef48eb1b2df31b19 -> 18737889e95cd4088e8dfd4153fa8f40
  custom:scripting/monoscript/fileName/DrawActionButton.cs: d847a7d82ac92cab2b3d0ae268cefb3d -> 81e6708d2b8fa199354e53f85db731a8
  custom:scripting/monoscript/fileName/TableViewOperations.cs: ddc7b903e0dbd6bd109f2bd709b95f0e -> bef3a31deb1fe794a90f767d16e4c868
  custom:scripting/monoscript/fileName/UpdateProgress.cs: 5b04f01bf199310f09ab9522f89c78f4 -> 281e1e05168d6a30be1d8d2f6200bef8
  custom:scripting/monoscript/fileName/OrganizationsInformation.cs: b3f0758c6655b2dad1161792812992fa -> 5f067ea8d90fc79055a3dcfd58ae6dca
  custom:scripting/monoscript/fileName/ChangeDeleteMenu.cs: 652dcd6f863c509bfa0376b6d95ab1ec -> 4fefe66d6e279ce0ac2fdc57d409f232
  custom:scripting/monoscript/fileName/SubscriptionDetailsResponse.cs: e10e0299ef716630c63b8cf5f792cda0 -> e5121cec860a6d1097cc809217b3d8fe
  custom:scripting/monoscript/fileName/DrawProgressForDialogs.cs: 5f8d39e3ea7c4a42148c6b1a7b4ca061 -> a5f2abd8875e7a6afbc171fabfbae81f
  custom:scripting/monoscript/fileName/ToolbarButton.cs: 47dc767626bbd94d66707af31ddc5eb6 -> 
  custom:scripting/monoscript/fileName/ProjectViewAssetSelection.cs: 349dc288d32791de51156d4e59000b7b -> 2560eadaf6a13a74a46a4a207cd5a8b6
  custom:scripting/monoscript/fileName/DrawTreeViewItem.cs: cceebc4f1185658619e40964f29acb08 -> 0921a62a588ab864253743d1f07afb5a
  custom:scripting/monoscript/fileName/DrawSceneOperations.cs: 2426c0c2ee58cd28be59874f6425940c -> d87f46f9fb97181a2f51490ea2e1efc3
  custom:audio-encoder-webm-vorbis: bf7c407c2cedff20999df2af8eb42d56 -> 
  custom:scripting/monoscript/fileName/DrawActionHelpBox.cs: dcd6ec2e7fb1b44f22c4a79ff87b70cd -> c8f6be9dab1e6f8d71e0c63c29679186
  custom:scripting/monoscript/fileName/PendingChangesMultiColumnHeader.cs: 21802cc6929e0e180fb4f0be8e34d9d0 -> 722de7d6e07a79981d750438e6febb8f
  custom:scripting/monoscript/fileName/EditorDispatcher.cs: c739e073a8c38dbcf59192f45d1004c5 -> 3c402eae57d73cc54863f3f6a13096ae
  custom:scripting/monoscript/fileName/MovedEvilTwinMenu.cs: ce111941dc7264d29598ce7fd2770927 -> d480b839850d28c1c9526cb587fc752d
  custom:scripting/monoscript/fileName/IIncomingChangesTab.cs: d4ceabdc48d8a1872bbe87f04d89a4ff -> 40644cd18074db84684b9e437bf8fa77
  custom:scripting/monoscript/fileName/GetChangesOverlayIcon.cs: f00e4b795697c6cf3092760f3b6fc49d -> d599d6efdee28305661bc0cf6683858a
  custom:scripting/monoscript/fileName/ShelvedChangesNotification.cs: 13b6a2ccd8b4ac1f5ee30c8404cea3b0 -> a27e9e7b242b904f41fc1b16d3a1b3fd
  custom:scripting/monoscript/fileName/EvilTwinMenu.cs: 475a88947051822ca4915306469f9bcc -> 919e4faae0573e49949f6dfbb5a733da
  custom:scripting/monoscript/fileName/ChangesetsListView.cs: caae0aefb36c869f50691482a5cd0944 -> 87b74e0d80cf59010f55e2baaeb6679d
  custom:scripting/monoscript/fileName/UpdateReportListView.cs: 2d8fccdaad50bbd7454b52cf9cb4a0f9 -> 08d26df1ab6c3a7628addc5e54e50b08
  custom:scripting/monoscript/fileName/UnityConfigurationChecker.cs: 59a8f0715a7c89a752351bf42f94abbd -> 874cd65cce0384fef4b60e71fb08a429
  custom:scripting/monoscript/fileName/CheckWorkspaceTreeNodeStatus.cs: 5e11ff64963669981115eb58dc2b6e8b -> 1e1255b803bf7cbc935bb804bf0dbe7b
  custom:scripting/monoscript/fileName/TreeViewSessionState.cs: 8333273b312d475b653610e2871c20a5 -> 9f39a2ca55a7481b8ba078d3a2b6815e
  custom:scripting/monoscript/fileName/ErrorsPanel.cs: 21fc210ee17d5e95782397ef8c7dafab -> 515b7ba9af5e7885ba3068b1d63c6104
  custom:scripting/monoscript/fileName/PlasticPlugin.cs: a57c142b98ca3d4daad221737fd72924 -> c64561980f26020cc3206ae8b1047268
  custom:scripting/monoscript/fileName/SwitchModeConfirmationDialog.cs: 4d9c02587760213784bfe53d012122b4 -> 30cd71d0b3ee4b2689cde689908d301e
  custom:scripting/monoscript/fileName/PlasticWindow.cs: fc467478941f610919bc69526ba2c215 -> 
  custom:scripting/monoscript/fileName/PlasticExeLauncher.cs: caa0b5dda5df50c85bb19d27252d16b9 -> f1da27253760250030952f02cb54965a
  custom:scripting/monoscript/fileName/BranchesViewMenu.cs: 8089f11c30784e2e57775dd6cdbae898 -> 7bfc83e917c9b0b5aa423bb947ce2a38
  custom:scripting/monoscript/fileName/CooldownWindowDelayer.cs: 7816cfcad485500dbac9993c4502ea69 -> 4c95e39c8dd4cfa1bca106097fdb6524
  custom:scripting/monoscript/fileName/GetInstallerTmpFileName.cs: fa7bda723ac795b48e38504727f44981 -> d09e0b5c7a9af5874530e17ef23025f0
  custom:scripting/monoscript/fileName/AssetModificationProcessor.cs: a602c9e59e7db185e3a0d68d986e6fef -> 
  custom:scripting/monoscript/fileName/IsCollabProjectMigratedResponse.cs: 4c3294c6a51e6f42161d191230692016 -> af2b76c693935deee55cfcaed2aa7568
========================================================================
Received Prepare
Caller must complete domain reload
Begin MonoManager ReloadAssembly
- Loaded All Assemblies, in  1.433 seconds
Native extension for LinuxStandalone target not found
Native extension for WindowsStandalone target not found
Native extension for iOS target not found
Native extension for Android target not found
Native extension for WebGL target not found
Mono: successfully reloaded assembly
- Finished resetting the current domain, in  4.150 seconds
Domain Reload Profiling: 5556ms
	BeginReloadAssembly (231ms)
		ExecutionOrderSort (0ms)
		DisableScriptedObjects (9ms)
		BackupInstance (0ms)
		ReleaseScriptingObjects (0ms)
		CreateAndSetChildDomain (66ms)
	RebuildCommonClasses (57ms)
	RebuildNativeTypeToScriptingClass (12ms)
	initialDomainReloadingComplete (74ms)
	LoadAllAssembliesAndSetupDomain (1032ms)
		LoadAssemblies (1090ms)
		RebuildTransferFunctionScriptingTraits (0ms)
		AnalyzeDomain (25ms)
			TypeCache.Refresh (9ms)
				TypeCache.ScanAssembly (0ms)
			ScanForSourceGeneratedMonoScriptInfo (0ms)
			ResolveRequiredComponents (13ms)
	FinalizeReload (4151ms)
		ReleaseScriptCaches (0ms)
		RebuildScriptCaches (0ms)
		SetupLoadedEditorAssemblies (848ms)
			LogAssemblyErrors (0ms)
			InitializePlatformSupportModulesInManaged (105ms)
			SetLoadedEditorAssemblies (8ms)
			RefreshPlugins (0ms)
			BeforeProcessingInitializeOnLoad (202ms)
			ProcessInitializeOnLoadAttributes (478ms)
			ProcessInitializeOnLoadMethodAttributes (44ms)
			AfterProcessingInitializeOnLoad (11ms)
			EditorAssembliesLoaded (1ms)
		ExecutionOrderSort2 (0ms)
		AwakeInstancesAfterBackupRestoration (7ms)
Refreshing native plugins compatible for Editor in 61.71 ms, found 0 plugins.
Preloading 0 native plugins for Editor in 0.00 ms.
Unloading 4206 Unused Serialized files (Serialized files now loaded: 0)
Unloading 18 unused Assets / (30.5 KB). Loaded Objects now: 4682.
Memory consumption went from 136.9 MB to 136.9 MB.
Total: 6.275771 ms (FindLiveObjects: 0.491173 ms CreateObjectMapping: 0.391987 ms MarkObjects: 5.264038 ms  DeleteObjects: 0.126498 ms)

Prepare: number of updated asset objects reloaded= 0
AssetImportParameters requested are different than current active one (requested -> active):
  custom:scripting/monoscript/fileName/BuildMergeTabParameters.cs: 2c923f29302a39560b4301c3fd163a7b -> 
  custom:scripting/monoscript/fileName/IncomingChangesTab.cs: 8a20aca125f6d4b837670edb6e36bc05 -> 82bff1d960538992d4e618d909869d2e
  custom:scripting/monoscript/fileName/DiffSelection.cs: 34faf7c86f7e0c9a01162e930679d82f -> 1460aaba4240ef35322cb9c198487990
  custom:scripting/monoscript/fileName/DrawStaticElement.cs: 6cbd346d4a1be2ee84c9ebe55a7f9f79 -> 5765d84d60602f16f5577bf0b7fc6b96
  custom:scripting/monoscript/fileName/MoveDeleteMenu.cs: f1a7b8a8be76c035d934c51863f3b934 -> c4ad4528e772c33a6167006886a8d1da
  custom:scripting/monoscript/fileName/DialogWithCheckBox.cs: 738e3e0af97e826e16805dda77e5f009 -> 
  custom:scripting/monoscript/fileName/DateFilter.cs: de3aab0283a2b4a1d4d64145b14132d5 -> 3a6cb8c2e3ffbb5a9052e322ee5bf411
  custom:scripting/monoscript/fileName/PerformInitialCheckin.cs: be22d181e456c0a8a5713675f29ac72a -> 8ef9a9f407b8b94b2b5fad9d24e61f79
  custom:scripting/monoscript/fileName/ConflictResolutionState.cs: d9394655856a9fc1a0b280bc997bac16 -> 74a230000ff2fd58c5a60ab4258207dc
  custom:scripting/monoscript/fileName/FindWorkspace.cs: 39bbd18bfe6bf4a99f5c185dcda4dd4a -> 6af6c9e9382fef881c020ab184e6f7f5
  custom:container-demuxer-ogg: 62fdf1f143b41e24485cea50d1cbac27 -> 
  custom:scripting/monoscript/fileName/CheckinConflictsDialog.cs: d3af1d70d3f60a9847d2942647274222 -> e13fa04a97fb675842c94586fc602871
  custom:scripting/monoscript/fileName/AuthToken.cs: d22b2893825e943bc1389be142abd57e -> 0fba7e8eb1ec8b699f274cdc956451b2
  custom:scripting/monoscript/fileName/ProgressControlsForDialogs.cs: 6bf8e69ac7dc2163fe988e5d8181ce88 -> 7e6bd1727985204e3b64e1946e589b1c
  custom:scripting/monoscript/fileName/AssetStatusCache.cs: beede06d8a6d93e7907fd192ad653f2b -> 260d5f85663ac58b2a7e9553c453bc3e
  custom:scripting/monoscript/fileName/OrganizationPanel.cs: d7ac1288bef1b15a05bb26d201a4d87f -> 57a57e6a345dbd536e91c348b70943a9
  custom:scripting/monoscript/fileName/ChangeCategoryTreeViewItem.cs: efd70108e1f6ff61ed2723220486adfc -> fd14db176fff061715c8ec88ced1902f
  custom:scripting/monoscript/fileName/CurrentUserAdminCheckResponse.cs: cec2f173fe8732108711c497674c6f66 -> d57c2dcace740834acd59fdfbc5023b8
  custom:scripting/monoscript/fileName/UIElementsExtensions.cs: a191d7293be4538b0adb29dfe5b06a46 -> 52e0d612ab032e4d22e9558b90396b99
  custom:scripting/monoscript/fileName/CreateBranchDialog.cs: c429477092287209232592c8cde1a615 -> 9eb29fda08033b4f847247136c412db6
  custom:scripting/monoscript/fileName/DrawCreateWorkspaceView.cs: 6422239d8f649480614f0dd4f018b7f2 -> c6039ac84d85ab3926aa94de163a9f7d
  custom:scripting/monoscript/fileName/ProjectPath.cs: 5634ebdbea8ca94089eb9622d1b60497 -> 2007f972d3a73eeb86dfe05e849c7f69
  custom:scripting/monoscript/fileName/SSOCredentialsDialog.cs: 8967ceae1bc195ea8dd32b23c42dd852 -> e140ede12a96f68f30062138385171c3
  custom:scripting/monoscript/fileName/DownloadPlasticExeDialog.cs: 2dd40c53d0303d041a27a44a95c331cb -> 093cfe0607c2346a88cdfdfe1435614f
  custom:scripting/monoscript/fileName/GetOperationDelegate.cs: e719058321e4f2be94be212e42f097c8 -> 
  custom:scripting/monoscript/fileName/PendingChangesTab_Operations.cs: c99065f3c85ec85c85ece2a1a30665af -> 15ae6787065f4af65778e981f418a60b
  custom:scripting/monoscript/fileName/LocksListViewItem.cs: cc9cd24c5be4f7363367cba72f12aad4 -> f4a19fabbec093eb3d6a7e1cd4f42611
  custom:scripting/monoscript/fileName/PendingChangesViewPendingChangeMenu.cs: 561ad0f702e1db14300a4a5f810051f9 -> 9a6ef2277212bf26d647c7f12f946287
  custom:scripting/monoscript/fileName/SignInPanel.cs: f7e82045994d4eefe3b021faa87b55c6 -> bac0318ce35e37bed3a2cc8137452435
  custom:scripting/monoscript/fileName/DrawInspectorOperations.cs: 61c4a6a6507d8f84ef5bdf5cba3f0aee -> 8c94fe642e98309082411f46db89106b
  custom:scripting/monoscript/fileName/DrawDirectoryResolutionPanel.cs: b77d9918f02a8eac64394aaf99fa4b28 -> e4e3c9b4bc511687802b504b71016540
  custom:scripting/monoscript/fileName/CloseWindowIfOpened.cs: d820344e932a12600b5fe6fb7e9f1563 -> ce229ef3b7461ff17e2c1af0695a6657
  custom:scripting/monoscript/fileName/SaveAssets.cs: e472a52843752df7d7ad4ca6b2c8da98 -> b56abea3d51c742ac29e4aec958afad6
  custom:scripting/monoscript/fileName/MergeViewMenu.cs: 93bc40369a2f104c249cef1d685ad358 -> c1676e16bdcf215f6595ea9de7a1fc33
  custom:scripting/monoscript/fileName/RepositoriesListView.cs: 9f95c83dc460fb03fb0916472f14b8a7 -> 95287f65338ca0073ad04002a16eaaf7
  custom:scripting/monoscript/fileName/HandleMenuItem.cs: 740e54c5f6dca1acc88cad87af74b744 -> b4ad1ecc5243212c5967125ad5e41b1f
  custom:scripting/monoscript/fileName/ScreenResolution.cs: 5c975132cf4e36dcc261bd0acd604271 -> 7bb7bb5b955671820101b322f0a7bf3d
  custom:scripting/monoscript/fileName/ApplicationDataPath.cs: 8e4094e28762fb76a1baecfe90c6b65e -> 3e8c4ea8debfda8013fed860ac233d22
  custom:scripting/monoscript/fileName/MergeSelection.cs: 6deb9bc55c10a7ac7c9f905a7b92dbe8 -> 630eecd27cae3311e65e09d9c63da8b7
  custom:video-decoder-ogg-theora: a1e56fd34408186e4bbccfd4996cb3dc -> 
  custom:scripting/monoscript/fileName/RepaintInspector.cs: f134606300316994850c28a68d0cb5a3 -> 
  custom:scripting/monoscript/fileName/LockStatusCache.cs: 5e3725e03dc21c716034553589a67eae -> e99b3f34c5cd3eb73ec19439af1f7f80
  custom:scripting/monoscript/fileName/DiffTreeView.cs: 68195907d129ef826aa6b6df7202696d -> 49f46fd2a65ea674a218eead75f27aac
  custom:scripting/monoscript/fileName/DependenciesDialog.cs: 82d30fc8d5e1a73ec0d1ee9acc00fbc2 -> c8902186ab2f4e6471b5dd147afb01b6
  custom:scripting/monoscript/fileName/ChangesetListViewItem.cs: 95a197949f1e777703db60eea8cc21b3 -> d742a4910e302777daa1ccb9c8e92cb9
  custom:scripting/monoscript/fileName/LocksViewMenu.cs: fda08381fa9abca53b6eaf3bf55f14f8 -> 186d8514e824865b191ba1829afe4b33
  custom:scripting/monoscript/fileName/IncomingChangesViewMenu.cs: 5f96afa82d3e2a8078206b7f6d3b0752 -> 13196979a03411533716f6775c9a624b
  custom:scripting/monoscript/fileName/DivergentMoveMenu.cs: 5b146ed65a6a030ab7d86a0d711244f7 -> 98d76b5791494212a0c25aa6a4af7288
  custom:scripting/monoscript/fileName/QueryVisualElementsExtensions.cs: 75ea535788abf9c38ba9341c984a6241 -> a49740b6efbb934f55475cc70b864a4c
  custom:scripting/monoscript/fileName/WriteLogConfiguration.cs: 1a8401f47b522f631a3dc005105719f5 -> 1589212d1638ae91a029ea3ddf9999f2
  custom:scripting/monoscript/fileName/FileSystemOperation.cs: c31a686e69e66801c204a11be56c950a -> f0ccbe91654279794a85bf6f1c034716
  custom:scripting/monoscript/fileName/MigrateCollabProject.cs: af93695e471d9c8e4ad014c4165f2c3c -> 9f3487f03a783b35518405572f20ac9e
  custom:scripting/monoscript/fileName/ProgressControlsForViews.cs: 7d677c6df38ab15cf390062b5b0bb854 -> a8a18a90f46aa63848e1e45d8d7ff9af
  custom:scripting/monoscript/fileName/DrawAssetOverlay.cs: 04a46044def089f0abcdafdd281e3646 -> 
  custom:scripting/monoscript/fileName/ProjectWindow.cs: c62567a3d71fd74636bc783de5162474 -> 
  custom:scripting/monoscript/fileName/MergeLinksListView.cs: 826afb5fb5988163105086b4bf5027af -> c9488671ae9b14523680d0c19097baa0
  custom:scripting/monoscript/fileName/UnityCloudProjectLinkMonitor.cs: a6d5b729fcd63f578363f7929a986e8b -> 86b74508945daf368996ea82904ac8da
  custom:scripting/monoscript/fileName/EditorProgressBar.cs: 7418be9b22aaea32732f8a5f49569d1c -> 08c2f2b90ef64df631d46389f0e22c8e
  custom:scripting/monoscript/fileName/MeasureMaxWidth.cs: cd9322680ae61d38397008451b7ed0ed -> 1569e3f1dad91a9b01cba66ab6aa30b0
  custom:scripting/monoscript/fileName/ChangesetsListHeaderState.cs: 69fc4f1a2bc3782d7043ec48961a3616 -> fe1392f9b135da83e13fe8a5e5f39fc2
  custom:scripting/monoscript/fileName/PendingChangesTreeHeaderState.cs: 7d278b5569d28437d07554a3bbb56e1b -> 5d7f70d142c9ac67864ec14950523d62
  custom:scripting/monoscript/fileName/MissingEncryptionPasswordPromptHandler.cs: 7f5831fc8a41e9cadd84fcfd0e885072 -> 5d7b9646eb14a39b6d3d5bab19d266ff
  custom:scripting/monoscript/fileName/ChangelistMenu.cs: ca33bac56b3a337faa90a1b1bba632d6 -> c1bf5aeb760cc5eae584ea3944d6531b
  custom:scripting/monoscript/fileName/NotificationBar.cs: d1a4cf5e8103d80fd25347275f906aa8 -> 50f1a85fa18d94338418def78dcd8543
  custom:scripting/monoscript/fileName/EmptyCommentDialog.cs: c9c28ff22d24598d7e4856f434bb1b92 -> 99cc06133e502eab7998108e26fd5614
  custom:scripting/monoscript/fileName/UnityThreadWaiter.cs: dbd556f2802baab90a20da38c288d36c -> 99333406d92d10003984b4d1920de2f9
  custom:scripting/monoscript/fileName/CredentialsDialog.cs: 179b5e49656a1623c2e79d838f0f5876 -> c785d5e40f8d66b7ef7ba04ee7c324e0
  custom:scripting/monoscript/fileName/ProcessHubCommand.cs: 30630f626164e285c361aa64e681100e -> 8ab0fc63fa4d9d749198dd61b09d7e37
  custom:scripting/monoscript/fileName/GetRestorePathDialog.cs: e21eb9983f0b989125951478cd5e9b35 -> 353d1126ca2d2063d5bdbd06806ffc08
  custom:scripting/monoscript/fileName/UpdateReportListHeaderState.cs: 64a5bf775d221ad9a5ff8c78a1e0e1fa -> d6cbe54be2898ed2c96c2e79572c2e08
  custom:scripting/monoscript/fileName/LocksListView.cs: 8c6202774eebcf67be9c3b5a2926cc7c -> 7aa51ff93bcc98aa05dec8b46ec200c4
  custom:scripting/monoscript/fileName/DownloadAndInstallOperation.cs: b043b8d5921892e87f4566e00162cff6 -> 4f4065aeafda2af0ec272a3c228e27b2
  custom:scripting/monoscript/fileName/DiffTreeViewMenu.cs: 3e62bfc69ca7486976988e151b88922e -> 8039fc4ecf68b3e966e1f4822789e7fa
  custom:scripting/monoscript/fileName/UnityStyles.cs: 1a176026ce9da8057f3ec90dfe0bac74 -> bbbba3cda37678cfc74d71ffebf36e7f
  custom:scripting/monoscript/fileName/HistoryTab.cs: 4d086984813cd90d6be245dd8e03a2ba -> d57f000c65fde42a2228c7a105a836e5
  custom:scripting/monoscript/fileName/HistorySelection.cs: 7c3afcf345a55e8b77ea41ca0f570218 -> 3d07a3d1241e204b5420d71f1137eba4
  custom:scripting/monoscript/fileName/CreateWorkspace.cs: 7b3086384e5ddcd73cd5064a3ce31cd2 -> 5256205b5cf0570b6f698c7abe518f5a
  custom:scripting/monoscript/fileName/ShowWindow.cs: c731454122754eec192bc3c53fac3d95 -> a6bb1d20733c178256b38974418d7450
  custom:scripting/monoscript/fileName/LocksListHeaderState.cs: b80c5f044f18764adef2e9dbea5f0fb1 -> c7fe4d3b5f954615048f8e79925d29e3
  custom:scripting/monoscript/fileName/CreateRepositoryDialog.cs: 1e1c5399cf3d0b071c7982c565a710ce -> 5cec3e66b09e0dbe1f805953c5c64af9
  custom:scripting/monoscript/fileName/RenameBranchDialog.cs: a3111a345c6451ee64cd16f1989c2313 -> e5c89c05c87517babb3730e87196a494
  custom:scripting/monoscript/fileName/EncryptionConfigurationDialog.cs: 6423045767c07e6360ff314ec741c601 -> 19e9c54aff6ffc68d60fe11f80578947
  custom:scripting/monoscript/fileName/CheckinProgress.cs: 298ac58365579798eb3b4defc181ccaf -> 75b93dbc5ef307111f0647f735640420
  custom:scripting/monoscript/fileName/AssetCopyPathOperation.cs: 571ede78b6298606a236918df9df62d5 -> 633a9d130b72ba594756844b628f0ae2
  custom:scripting/monoscript/fileName/PendingChangesSelection.cs: 766664749a54eea9ecce5dff917430ef -> 1721ad72d074757364587c71b49d9382
  custom:scripting/monoscript/fileName/LoadAsset.cs: 9042eb334fc462cf466672445be1d4c2 -> 5e4e082aa5b21c13b80eb237fe94d00b
  custom:scripting/monoscript/fileName/Images.cs: 0b0c14141950fed99e3ef33199b3b4c9 -> fbdd1e600315d249327f3effde045c9d
  custom:scripting/monoscript/fileName/DrawLocksListViewItem.cs: ce3a3d64ec2d84c3556ffd4141efc4f7 -> 6201c4d50383e970d554210505562d37
  custom:scripting/monoscript/fileName/DrawProgressForOperations.cs: ea9179848be98ee7719316b39339ef29 -> b544f18e6532ba53bbd1b691fa5cd571
  custom:scripting/monoscript/fileName/ViewSwitcher.cs: bb22cc2814598bf2511f6c811c1dc194 -> dd1f6d6bc6ad5beda69b13cdb560799f
  custom:scripting/monoscript/fileName/RepositoryListViewItem.cs: 2f16ba7694ec7934685021093e722c4e -> 3cabcd81911a2500dcd9e2b6ffae3f00
  custom:scripting/monoscript/fileName/InspectorAssetSelection.cs: 71ba78e42827a9b22a9a6016733d756f -> 4b3c1ae4c44d88205aef26229acfe022
  custom:scripting/monoscript/fileName/UVCPackageVersion.cs: c4d95cb84d9d8dff4727eba6b0a64378 -> 
  custom:scripting/monoscript/fileName/IncomingChangesTreeHeaderState.cs: f578f4545f0afb1f0a2de9a25e26e33b -> 9fcb97ef2da44c66332f5c6800c2e6ed
  custom:scripting/monoscript/fileName/DrawTextBlockWithLink.cs: d38f3ee197d9063693d0301d5157b32c -> 1d43814d810f0d56e2964ad3b72f271e
  custom:scripting/monoscript/fileName/WorkspaceOperationsMonitor.cs: 5f05751fd4d94e02e79a5bf200f98f9a -> 43dcc435c252a54bdaaf4d6588b7d66e
  custom:CustomObjectIndexerAttribute: 232f87dd983dbecb2a4e21e08eb2cef8 -> 
  custom:scripting/monoscript/fileName/ShelvesSelection.cs: 05891c88858e4ac7776c0c0c49b5b74f -> 8a3e11e7cd7bbf10b24988c7bf636dea
  custom:scripting/monoscript/fileName/MacOSConfigWorkaround.cs: 8634a542fc5c45ea8cd9a8244bf2c871 -> 9fe61e763da506601651f6c451cecb0a
  custom:scripting/monoscript/fileName/IncomingChangesSelection.cs: a96a5a084d59fe3917a3831b68fa9479 -> d86f9f4463e6f9d99bb815e1f018ccf1
  custom:scripting/monoscript/fileName/AddMoveMenu.cs: 07e842d83dd343358454fef0a7927a0d -> e681c3341f01390e9c1d636ae93280df
  custom:scripting/monoscript/fileName/PlasticProjectSettingsProvider.cs: c126b47f9f934d48f0646c249a5bfcca -> 8c4ae1aeb34c51d2a5a8924265075ff2
  custom:scripting/monoscript/fileName/AssetMenuItems.cs: 9ce81cedb8e568c6b7b646aa6263645b -> 
  custom:scripting/monoscript/fileName/ToolConstants.cs: a088b027c7b0922429c756f12b0507ea -> 3b0d2490617bc7f94a0bdab65a399e1d
  custom:scripting/monoscript/fileName/MergeTab.cs: f39dce5bbfdc053d284a55fc102a8be9 -> f0a9f00e065364eb63b070091ade67f8
  custom:scripting/monoscript/fileName/GetSelectedPaths.cs: 02423a81496d6c63598b5cdc203f4354 -> be35dd49dddd53fc840b9febf21b4d0d
  custom:scripting/monoscript/fileName/TokenExchangeResponse.cs: 0dd9138dbeab6f132711a5b608de5c13 -> f20183d4cf939766d3c1e15cc3bec2e3
  custom:scripting/monoscript/fileName/ChangesetsTab_Operations.cs: eca44847b108faefa69f8c525242c965 -> 3290c4c0cd248666e01a08ee6d621249
  custom:scripting/monoscript/fileName/OverlayRect.cs: 59d6887e4803f8a44ffaa0409470e410 -> 
  custom:scripting/monoscript/fileName/ConfigurePartialWorkspace.cs: 309d4276b0164b05348aedbd51cc0b2f -> 10fcc6b6d43dd5ed36c43c6f7b5906c4
  custom:scripting/monoscript/fileName/ValidRepositoryName.cs: 43c262be3f66a970816e3d3a3ee8872a -> 56bcf92a3678f6ad6215cae2e4914cfd
  custom:scripting/monoscript/fileName/OtherOptionsFoldout.cs: eea27b9873519c1ea7c35b8afc1b7947 -> cc8f3a7680050422963ebd2bf169a841
  custom:container-demuxer-webm: 4f35f7cbe854078d1ac9338744f61a02 -> 
  custom:scripting/monoscript/fileName/GetPlasticShortcut.cs: 2a84c035152261f00e7e66eb44cd0ffa -> 5c2b7bf07ddd2284efc64b09ef0f1f72
  custom:scripting/monoscript/fileName/ApplyShelveWithConflictsQuestionerBuilder.cs: e109c624745dcc4304c557872b253808 -> 02e4256f31bc905362a382e31c3387eb
  custom:scripting/monoscript/fileName/GuiEnabled.cs: 1b1658fd7715b5cc664c10a130c6b629 -> 7bb13fcc8d8cbd392e00f7232841f086
  custom:scripting/monoscript/fileName/BuildPathDictionary.cs: 943911b84162d26cea47f964f9a0a399 -> 9fabc7cc73fcfc50b8a3307c6aa6ec4d
  custom:scripting/monoscript/fileName/FindEditorWindow.cs: 2bb64182aef631315344623cf583c78a -> 8c3c78bb7e82ac5008f8a2b8a0d68cff
  custom:scripting/monoscript/fileName/ShelvePendingChangesDialog.cs: 47aa4c07d31152c0c1eff64d2ba76cc6 -> 86b1f48b5fbaffa67e939e7f404062e6
  custom:scripting/monoscript/fileName/DrawProgressForViews.cs: c153245b67af73b7ee03f693a1127796 -> 068a172cb549ad77d9873d721698bd0d
  custom:scripting/monoscript/fileName/UpdateReportDialog.cs: 706e7e86547c339cdb3a4462e3f7a54d -> 087837d8f73228f1a817d0de82c77260
  custom:scripting/monoscript/fileName/UnityMergeTree.cs: f81f2d7551ab855fe9dc724f3f2e2892 -> 59edaa0a4669bbcb540a261166adc144
  custom:scripting/monoscript/fileName/CycleMoveMenu.cs: 91c21a0be9b3727d7673f94321029c52 -> b3993a7306fc941f55ca963833965729
  custom:scripting/monoscript/fileName/HistoryListView.cs: 527da2d093462f1c4a278d6957e7d5ac -> 7b2d1d2c12ab43d9d244e35197127919
  custom:scripting/monoscript/fileName/ChangeTreeViewItem.cs: 506ed128854137d9f75f9e3d2576a06b -> b0a38ce0a620643c776a3db4fd91bc4c
  custom:scripting/monoscript/fileName/BringWindowToFront.cs: 88b20f2a2881db6a013f54923d68cdee -> a30c7c1ba746c6d277a5aedd3057d15e
  custom:scripting/monoscript/fileName/ShelvesViewMenu.cs: 947ea245959bf421539573511c3a0058 -> da5dc74b3444288f443961ecab7245d6
  custom:scripting/monoscript/fileName/LaunchCheckinConflictsDialog.cs: 4417eba1591eccb2221bfdce0106c1e0 -> e2c1e3f8f4e14a62e4363fe6259adbc2
  custom:scripting/monoscript/fileName/ParseArguments.cs: 03c1a4d7e357164ca313a0019713c3db -> ae915d9f5fe287ced40627c9ca8bfafd
  custom:scripting/monoscript/fileName/ExternalLink.cs: 685ff1dd6f55eb61a1fd8af84a2aa7f5 -> a8ff952d8c27d10f226ab92b7aa83b69
  custom:scripting/monoscript/fileName/WaitingSignInPanel.cs: 247680fcfc6a176b9fa28a3df600a754 -> 7585e1c7111b6b900784e6d1c9454258
  custom:scripting/monoscript/fileName/OperationProgressData.cs: 0db72349eeecbe9449a517b1d79cc760 -> 15f68712baaea535af36d9e0333c0a6e
  custom:scripting/monoscript/fileName/RepositoriesListHeaderState.cs: c0353a1af15ae4fd3d5a2a3cac816423 -> fb71b961ab7c924511a6b0e8680b60ee
  custom:scripting/monoscript/fileName/ClientDiffTreeViewItem.cs: 56be9d3aa410e770e75de2d8b93be89d -> 43bdd7aa5bf1aa039a5b572c119c38d0
  custom:scripting/monoscript/fileName/CreateWorkspaceView.cs: c40bc4c8524ef3e2374ef997beb2e4a6 -> 9ae2295080d141c0f12d02a71014e11c
  custom:scripting/monoscript/fileName/CommandLineArguments.cs: 0d20ca25f94249586a7c1484c469d8a2 -> 48a62ad3f817c0269ea7fc4a53799594
  custom:scripting/monoscript/fileName/DownloadRepository.cs: 46fc68d9cc4da8e8ed765ff28b2dd438 -> 5bad8d3f76a3fcb41a94637e37c11ab0
  custom:scripting/monoscript/fileName/ParentWindow.cs: 2476d8a6ba9c3055f984ac9792cae61a -> d6aa079e592e01701c5baa3ab98898bc
  custom:scripting/monoscript/fileName/OperationParams.cs: 091a140b35535b91c773ddf98925322d -> 3312c7a4424a66ffbf2f88f056f329aa
  custom:scripting/monoscript/fileName/SignInWithEmailPanel.cs: a5823728eb62cf6dbd8c933c1cb26f53 -> 6e8957c0ed7609303e68389067e72d72
  custom:scripting/monoscript/fileName/LaunchInstaller.cs: f9b7c99441bc32980ce9b95be066824b -> b75efdf5909b501e06cacd9c66f75981
  custom:scripting/monoscript/fileName/GetWindowIfOpened.cs: 84a2356c61155912908cf98a62600c22 -> fd8bfd1a9b371371ebbff48e377726f9
  custom:scripting/monoscript/fileName/AvatarImages.cs: ea6dca998cf0ec5122553a9e010ef687 -> 3aa8c25a350843151ec4070c820c411a
  custom:scripting/monoscript/fileName/DrawUserIcon.cs: 2f65feb9bed897237f97fbf9c5479092 -> 7d5385bf780ae84e648a8b49f8fe0825
  custom:scripting/monoscript/fileName/TreeViewItemExtensions.cs: d22abf8de7a9ab0e852b869a652f100d -> 6849c47ffa8623d630ef12f76bd49905
  custom:scripting/monoscript/fileName/AssetStatus.cs: b9ea657347f2c22e8e401cdb256c516c -> e017010009bdb28bcb0d7d8ef05e7dd9
  custom:scripting/monoscript/fileName/BranchesListView.cs: 334a3fb302f855f71fb71520fb442a71 -> 3f5ed9fe5a1bca512014ae1600ee1666
  custom:scripting/monoscript/fileName/DrawGuiModeSwitcher.cs: 363adc150c5f1c5059a678f179906090 -> d3be34a3134d3fe80ef6b14d0d519128
  custom:scripting/monoscript/fileName/UnityMenuItem.cs: 5f445176ad3735e69769d93250663be7 -> 73f3c859f1b5092ad362c09e23b3a922
  custom:scripting/monoscript/fileName/WebRestApiClient.cs: 8ab6ae74a3793a3375cc48f328048a82 -> 746756fd499dddd02a4e7ccdbac48be3
  custom:scripting/monoscript/fileName/ShelveListViewItem.cs: a37862556d04b25f75804d991e109d87 -> 373418f0ae11fc25a26ff7fe4f472006
  custom:scripting/monoscript/fileName/OpenPlasticProjectSettings.cs: 5a86fd454f7c9f74b62653e269818d3f -> 
  custom:scripting/monoscript/fileName/PendingChangesOptionsFoldout.cs: 2a2f5a0ba87bd75c4475236a9a012016 -> f9e651bcc5d4441496c88ab59a32f360
  custom:scripting/monoscript/fileName/IncomingChangesTreeView.cs: d8c19bc81b07c04d7721396d2821d297 -> 96479648d4498738733254eb4e4c6fb5
  custom:scripting/monoscript/fileName/GenericProgress.cs: 11287c7d038c487f32d0c8edc476a32d -> 8492ec26f01fc248d3eb3c2f5b3b6c0f
  custom:scripting/monoscript/fileName/ShelvesListView.cs: 0763e4076b11a683fa148282680085c0 -> 01c1f087b2f83b458da6b8ad18736606
  custom:scripting/monoscript/fileName/MergeCategoryTreeViewItem.cs: c1ecd9dc0cd73eb7eb129994dedc1a91 -> 6bd59fcbfeafe06987a54631991d755b
  custom:scripting/monoscript/fileName/CheckinDialog.cs: 1709b78fae1329cc05fd4f39334b25f5 -> 702fdb8d0a3b4bfcb9ba109e71325cad
  custom:scripting/monoscript/fileName/SortOrderComparer.cs: 8f6297df34271fdb1ce2d9607ec6261d -> 90647cc400823b41df847a6cbfc29026
  custom:scripting/monoscript/fileName/GUIActionRunner.cs: 69af7de0762ed6d085feb4cc4b5101b3 -> 4a0608de635b0d82868d57923d68eff7
  custom:scripting/monoscript/fileName/PlasticMenuItem.cs: 30c3a785b4c2607e2ae9aad693d5f604 -> 
  custom:scripting/monoscript/fileName/PendingChangesTreeView.cs: f3722f38014385705913f17dbe0f90c1 -> 17142d220a0a50a3f3d184c4718a0da7
  custom:scripting/monoscript/fileName/VCSPlugin.cs: 69c1b7249af35f35848ae707bd5e7113 -> 
  custom:scripting/monoscript/fileName/GetClientDiffInfos.cs: 4ae14b15e2cf5177a84735548a44cdc9 -> f8db8e637ded2d5e935a953a13b85ebe
  custom:scripting/monoscript/fileName/DrawActionButtonWithMenu.cs: d7f31944358aed2f3ed3982246fca039 -> 8d4f5edd02a1dd0f38c4f2baf5ee8a33
  custom:scripting/monoscript/fileName/ErrorListViewItem.cs: 9bf59c82e9c9992a012a3eb2b6c2bfe5 -> 509edc26860f8be303ec97d68aabc30d
  custom:container-muxer-webm: aa71ff27fc2769a1b78a27578f13a17b -> 
  custom:scripting/monoscript/fileName/EditorProgressControls.cs: b1f133fa38afd918d537a72574fc93a0 -> 2e606eb01a6e6a567f3de9a0379ed3ae
  custom:scripting/monoscript/fileName/BranchesListHeaderState.cs: d47f1164fa7093137db851c4c16ffba3 -> 82eab21603f4efc696334ee80641c2c9
  custom:scripting/monoscript/fileName/DrawSearchField.cs: b11b864a92c7d76f85d4ec87d6faf61c -> 3de70beba9f4447205d50241d95b066a
  custom:scripting/monoscript/fileName/PendingChangesTab.cs: c99065f3c85ec85c85ece2a1a30665af -> 15ae6787065f4af65778e981f418a60b
  custom:scripting/monoscript/fileName/MergeTreeHeaderState.cs: d266e9dd03ced7ec66ad3688e5f18f26 -> 6293ca7f65e9641fcbe12100e705a990
  custom:scripting/monoscript/fileName/BuildGetEventExtraInfoFunction.cs: 1308a6936e8051866a117b3b7c2c7b77 -> 74bfc8c01f931108a3c2b127aa04cc8d
  custom:scripting/monoscript/fileName/ShelvesTab.cs: 88e0da7511313c57d3f51ba183c4d3fc -> fca0a219bdad45e636bd34724e5dc89d
  custom:video-decoder-webm-vp8: 9c59270c3fd7afecdb556c50c9e8de78 -> 
  custom:scripting/monoscript/fileName/WelcomeView.cs: 07e35bfe1faa2c52c049eb30958acd54 -> f06c185659ea2f4a75f9397861dc6096
  custom:scripting/monoscript/fileName/DeleteMoveMenu.cs: 39c593e854a9a8ae0e6d34ceb587fce1 -> 4d026cbabd8105e38661f97da078042a
  custom:scripting/monoscript/fileName/PlasticApp.cs: c440a0fb380601a77ad475d6c15d4fa1 -> c57de230d90beac7b586f10b9c7c6cb5
  custom:scripting/monoscript/fileName/ChangesetsTab.cs: ef408d8aaf89e01b17643ed0c836680d -> 46dde8f7856048792ad2e75490bb8c5e
  custom:scripting/monoscript/fileName/DeleteBranchDialog.cs: efbbc070bfeda2b746e8b15a4380cb26 -> 8549b0fc52962c89115fd78724fee578
  custom:scripting/monoscript/fileName/IncomingChangesNotification.cs: d7ac4b8f9ea939309b8ceb7f729100a2 -> caa8ea2c7336b9227381f0971759e01a
  custom:scripting/monoscript/fileName/DrawTreeViewEmptyState.cs: d4c16fd6aad8161eda7d99fd74cbb08e -> 
  custom:scripting/monoscript/fileName/ErrorsListView.cs: cc3142391037796392fcd3fe860891dd -> cd35171982f17897dd5148dda46e0956
  custom:scripting/monoscript/fileName/UnityPendingChangesTree.cs: fd6f0a038401268983bd9328d10dec93 -> f391d9a00dc9e202cee4d4ebcf6d21c0
  custom:scripting/monoscript/fileName/ClientConfiguration.cs: 5f5e47bfb7cedc7420d7e59c6d7ae6f0 -> 01b18b09a6dbb3756e1f42a5b64aab0f
  custom:scripting/monoscript/fileName/AssetVcsOperations.cs: 50ee89e011ba3d800b4e7a9a24aca7e1 -> 
  custom:scripting/monoscript/fileName/PlasticDialog.cs: b0aae1bf1889af041741f324070b7b84 -> 63a17a2b696bc2a13c9046aa16f8cea4
  custom:SearchIndexIgnoredProperties: e643bd26f0fe6173181afceb89e7c659 -> 
  custom:scripting/monoscript/fileName/AutoRefresh.cs: 9d30d5d3f0e8985355be1ab597da1dbb -> 0a8afde180a876655ad16caa14493409
  custom:scripting/monoscript/fileName/PlasticPluginIsEnabledPreference.cs: 7953272c37f4a828a3d1096e7479f346 -> 
  custom:scripting/monoscript/fileName/GetRelativePath.cs: 9b16eb2de9e98b392077181cc34243c1 -> ab04ae5e0cafb93ebf5c96148bb52df0
  custom:scripting/monoscript/fileName/UnityEvents.cs: 253411328de37811883aded592b97268 -> c830e584565fcd66ca0d5a23ad8b9bd6
  custom:AudioImporter_EditorPlatform: 2f0ff77a95e0ac474e3e8eeba4e2f7cb -> 
  custom:scripting/monoscript/fileName/DeleteChangeMenu.cs: 540c783b689e4d6a4a383862455d5d39 -> bfa368dc06e11abcc107d6f80c7c19c5
  custom:scripting/monoscript/fileName/SelectNewCodeReviewBehavior.cs: df6e8e132199ea6ec467c9bced11011d -> a16edf3a8c3e5ac26863e890f68fd937
  custom:scripting/monoscript/fileName/DockEditorWindow.cs: 581124d5e19667105f2446d6dfbf7982 -> a9e5e467234133af999283610b6e84e6
  custom:scripting/monoscript/fileName/ProjectPackages.cs: e247c98bd45807b228765f9a94d82145 -> 9e9e13e39b2e9718b602503b87245c18
  custom:scripting/monoscript/fileName/BranchesSelection.cs: 7eb1fcb556f0fad697e4ec9d989be099 -> 33b36e7b03910960966036894ec90c7c
  custom:scripting/monoscript/fileName/SaveAction.cs: b68fbb4319dbb368959c40781b39fdf8 -> 27c387bb58f3a69b0c9ff60d2209e18f
  custom:scripting/monoscript/fileName/AutoConfig.cs: 6c4e7f9dc55323aa1299debfe9723aa6 -> bf4bbd2f2e752464ef51dbf102faed17
  custom:scripting/monoscript/fileName/DiffPanel.cs: 02288a38bd14cc2b52a25b302a6f154e -> 210366dab3631628227b9406f87a9b7f
  custom:scripting/monoscript/fileName/PlasticAssetsProcessor.cs: ff731c8aacf4a537dc74c7cf9eaeaed0 -> 
  custom:scripting/monoscript/fileName/DrawActionToolbar.cs: 52293cb82089e0370f52e257f41c0869 -> e05748a99799f26304c1bbafd90f703b
  custom:scripting/monoscript/fileName/EditorVersion.cs: 70953c9eccf7726f70c672a9a51619e9 -> 698aba075b19a52a056d67a7b809d179
  custom:scripting/monoscript/fileName/TeamEditionConfigurationWindow.cs: d06f049421c16e5927ec29f770917e09 -> e53b1ca5561894aaeff930afb696d001
  custom:scripting/monoscript/fileName/TreeViewItemIds.cs: 7d654a2b5b3a10da3e7d8472196e96d1 -> 0cdf409b5aa8d4c25876d72b5c6a3b60
  custom:scripting/monoscript/fileName/ProgressOperationHandler.cs: 5fbb4e0f656dcfaa4498bd2e492e4710 -> ec62666c0ca1649dd33cc6bc6834c6f7
  custom:scripting/monoscript/fileName/UnityPlasticTimer.cs: 961fdb6492c99b4a3eadbed28e78c4b0 -> 6c887e722e951c2964523825cad70c4c
  custom:scripting/monoscript/fileName/TreeHeaderColumns.cs: 9fc4a0396a421346b8aa3b7788860851 -> 316e5ea62e66b20fd6e687a6b9e5958e
  custom:scripting/monoscript/fileName/MergeOptionsDialog.cs: 25ac62df73845405e13f44e4dfdcf0d1 -> 9250ce23d260ab84f87bd5899c6cf983
  custom:scripting/monoscript/fileName/AssetFilesFilterPatternsMenuBuilder.cs: 8fe5de6e5dc3d42fb7e95de2aaedbf5a -> 0d99e7514c6a33cda8314deed8f34bc5
  custom:scripting/monoscript/fileName/MergeTreeView.cs: 143a828a1a236483d3cdc1d010ce9d51 -> 3feb38cec50d3fc7576ddbf07a9a9ce8
  custom:scripting/monoscript/fileName/PlasticNotification.cs: 3629fdff9f054b2013702f5b131b2c47 -> 
  custom:scripting/monoscript/fileName/ConfirmContinueWithPendingChangesDialog.cs: c0e147ff008a0b77c9337132a3ea70af -> 77462b1904ad8f6fee2f8da4523d59fe
  custom:scripting/monoscript/fileName/ShelvesListHeaderState.cs: d3cea237aa496a145829475430d90f29 -> 287f23cbe09ecb9b28ec8dd05ede8846
  custom:scripting/monoscript/fileName/ChangelistTreeViewItem.cs: a4a6f6169cdb3afe249e104e2b7b1a2c -> 87f69636be8bd1a264ec4eac1bffa701
  custom:scripting/monoscript/fileName/CollabPlugin.cs: bda741ff77a19affbf276298e29313ec -> ca276d65e7cd77c5c99d9f119ffdb215
  custom:scripting/monoscript/fileName/TabButton.cs: 757146b89ed597b1d75c77241e5d5f63 -> 
  custom:scripting/monoscript/fileName/LaunchTool.cs: 3ac53c8af1f56365aad9e1ae5366d98d -> 60773d78646dc188d4b2caca77f20b17
  custom:scripting/monoscript/fileName/RunModal.cs: 33b931100ee477e6812324eabaa2e837 -> c83ee2ef642c5d8b8dfd32f033bfc438
  custom:scripting/monoscript/fileName/BranchListViewItem.cs: 8fdaa5aa842f5a70237affa304b9d506 -> 55028f4aef24d6227589aaa95582b2ff
  custom:scripting/monoscript/fileName/GetAvatar.cs: 07c98163f75f0b7c672bd453fc82bf61 -> 04ffae2a9e5a4c32a119f93144f558d2
  custom:scripting/monoscript/fileName/MoveAddMenu.cs: 81d47caeb9f49803adfe1627c8ce5bf4 -> 1fbfab870b2e95fdd8a81f6019f764df
  custom:scripting/monoscript/fileName/FindTool.cs: fc3b0710b24078288fe829d0bb041dd0 -> 2f9d82566cfb01fb68fc30111fb47624
  custom:scripting/monoscript/fileName/ChannelCertificateUiImpl.cs: 75d7831ab5da75cc0082e28863abb142 -> cefccf1e13b7bcf15e3c9f2dd4cd2fc8
  custom:scripting/monoscript/fileName/ApplyCircleMask.cs: 02eb67e485278e7c9b719fee5ff90f4a -> b955b378d261fdcbd6272fe8711d1e4f
  custom:scripting/monoscript/fileName/AssetMenuOperations.cs: 131bfc7279b97eba576abe13a47f8f91 -> ebcce67603e288b4a84d49287db6ef5a
  custom:scripting/monoscript/fileName/ShelveAndSwitchOptionsFoldout.cs: 676902ec49ff9c5abb2a832f067966e8 -> e7b216a23869eafb9aecd00a8905fafa
  custom:scripting/monoscript/fileName/VisualElementExtensions.cs: cd98f4a51563fccdfc39eed097290325 -> 0aad2728225c469038631668406aebb3
  custom:scripting/monoscript/fileName/LocksSelector.cs: 70b046a562568fd78d093736e68a3a58 -> 7b0f4fc5552c1d92ba7f4648526ceb21
  custom:scripting/monoscript/fileName/ListViewItemIds.cs: 8f6297df34271fdb1ce2d9607ec6261d -> 90647cc400823b41df847a6cbfc29026
  custom:scripting/monoscript/fileName/CreateWorkspaceViewState.cs: 1deb37b3c17c224d9a7dca9c990ea191 -> 0fe23b7cca9336b31a27790c714de652
  custom:scripting/monoscript/fileName/MergeLinkListViewItem.cs: ebc1e6f9e3a3005d8f4c51a794adfdaa -> 3fa407d29597803190dd374d88ed170d
  custom:scripting/monoscript/fileName/DrawCommentTextArea.cs: ad5449f632fd412ac0f7ba0d171fd453 -> c58c26552f95f108a8d9610eaf001fbc
  custom:scripting/monoscript/fileName/ErrorsListHeaderState.cs: 9141660c9776c5dac5f980fd03a672a8 -> b961336a4a43551eb826f97c57673007
  custom:scripting/monoscript/fileName/MergeViewDirectoryConflictMenu.cs: d45972e8b5f74223c607a4daa895ff3d -> fad8e1937fc14fd75ca21a68ee1037b8
  custom:scripting/monoscript/fileName/RefreshAsset.cs: 4479d2949a66a97f66d1e550067f3767 -> 5a15c606785f1f54a697bb0d0d846dfb
  custom:scripting/monoscript/fileName/BoolSetting.cs: d67f952c3a5976591f3e9a9e7356bbab -> 12bf039ccd38b0f4ccfffbec3cbbf108
  custom:scripting/monoscript/fileName/CreateChangelistDialog.cs: 774371d4233cc1d394d98dc80507a1f8 -> 386b03e27c951c5f1d63daf7aae486ca
  custom:scripting/monoscript/fileName/HistoryListViewMenu.cs: 15a489e494f04a7ea37a587c7601070e -> 29770348599c8d5473b78d72e5741b40
  custom:scripting/monoscript/fileName/MergeViewFileConflictMenu.cs: d7362b83d6b320a0f0ceaf99dbe21727 -> 8fc0f292158abfa71c2c7b3b6f38d32a
  custom:scripting/monoscript/fileName/FilterRulesConfirmationDialog.cs: 5186d89f21d03764f0cca01c2a0122d7 -> 9c91c6c91f20e6d013a753f32343b327
  custom:scripting/monoscript/fileName/ChangesetsSelection.cs: d154d1782ed752b83834c54a0bde3df9 -> 8b9d539af9f7e269bac4e3d79e9ffab8
  custom:scripting/monoscript/fileName/AssetPostprocessor.cs: 96208057b904410715a8df295ba4f8f4 -> 
  custom:scripting/monoscript/fileName/IsResolved.cs: 67a72533af97b9ab7830798057ab806c -> f54a3e2c5134aa4306f9ad150b1911a9
  custom:scripting/monoscript/fileName/LocalStatusCache.cs: a558fcf5f34357bab4cfc7b75e2bb356 -> 30974ea30517fbfd1b93153f6c849a76
  custom:scripting/monoscript/fileName/RepositoryExplorerDialog.cs: 143e7416b576681e1f2ea71288e530e6 -> eea34924da79ad7254f3e141a891c78d
  custom:scripting/monoscript/fileName/WorkspaceWindow.cs: ff52e13cd29dacd66db0169e14f71a23 -> b042f06133312d3bfed176231d97d77c
  custom:scripting/monoscript/fileName/BranchesTab_Operations.cs: 764cb17e9337c58ad4f5304b60b2042e -> 57c33f76c527a5aba4d269245ffff188
  custom:scripting/monoscript/fileName/DiffAndMergeOptionsFoldout.cs: 080cbf9242c0571bafa2e45ef8932448 -> 2810bae564e92b04bc7ebe4e47a2880b
  custom:scripting/monoscript/fileName/PlasticShutdown.cs: a8df8eeeed98372d06e446171a192a6d -> 
  custom:scripting/monoscript/fileName/FilesFilterPatternsMenuBuilder.cs: 28072cd275c96994687e6d4d0d6e1dff -> cf716a8d336c8113475a9ca67a799ec1
  custom:scripting/monoscript/fileName/HistoryListViewItem.cs: 2d3b1fc954b6bdbae298ec250ade0663 -> 96f2b67ec620b83e35d13f11877e1ac1
  custom:scripting/monoscript/fileName/RemoteStatusCache.cs: 00463e6b90cfe7da080d7c266f783980 -> 402d5663f3675e9324c129274b0c00f2
  custom:scripting/monoscript/fileName/EditorWindowFocus.cs: 1012e4e2e29e9b29bdcc03d8b92762a8 -> f258b0cf85078a7435d001e522d5e8e3
  custom:scripting/monoscript/fileName/EnumExtensions.cs: 24df84756ec75feecd53a80a0991ea16 -> 872fcb89b813d64606e680211dede528
  custom:scripting/monoscript/fileName/NewIncomingChanges.cs: fc48261878ef7e4b956e7172f5803aee -> 
  custom:scripting/monoscript/fileName/IsExeVersion.cs: 093723a3ef9cbad630dfdc60c764eff0 -> 9ef63354090e3419637bfe79e3489687
  custom:video-encoder-webm-vp8: eb34c28f22e8b96e1ab97ce403110664 -> 
  custom:scripting/monoscript/fileName/UnityIncomingChangesTree.cs: f774bb8bf0bd45a254894c795843c695 -> 42967773c43d3de5d23be4ddc6dfd9c4
  custom:scripting/monoscript/fileName/UnityDiffTree.cs: 447fc3a8922f56330f4bae8c9dc9a8be -> 1029ffd567bc0e646e6b119719dcb2ff
  custom:scripting/monoscript/fileName/TreeHeaderSettings.cs: 114eb9e27124403e8e111494b8eaf987 -> 662b1714c0fce36da72bbfe60201987a
  custom:scripting/monoscript/fileName/UnityConstants.cs: 323df5e3c80d05e06517581c776fde34 -> e3d3c3e11a194da9e5bbbfb97087a7bd
  custom:scripting/monoscript/fileName/IsExeAvailable.cs: 3e4283303610c884e542b8f6d3e922d4 -> 4a3dbc5ded94087064afd97407f26631
  custom:scripting/monoscript/fileName/LoadedTwiceMenu.cs: 961f9b82936caa7937046ac23d323c2c -> b54aa2e14eb740621bb6f926af7cb8ef
  custom:scripting/monoscript/fileName/AutoLogin.cs: e67ed70aada38469aeb667115929c368 -> b4cb98371fc38cca00d7123b7e649e12
  custom:scripting/monoscript/fileName/DrawMergeOverview.cs: 1db93bf179b38015949e3a3cb6ef1bd3 -> 49e0e525c3c170f79c20dc6779b7ead8
  custom:audio-decoder-ogg-vorbis: bf7c407c2cedff20999df2af8eb42d56 -> 
  custom:scripting/monoscript/fileName/UpdateReportLineListViewItem.cs: a101f0ba5292fc139445870b3f4af838 -> 9f63395e1ea590dbbab4d59cd0032ac4
  custom:scripting/monoscript/fileName/DrawSplitter.cs: ec7e8739eacabcca3e2946d9833eea0f -> d2f114a8e8e4167f7762d835a83b2f55
  custom:scripting/monoscript/fileName/LaunchDependenciesDialog.cs: e1c527862a66e73f0417ae177d7fdfb5 -> 2cabf22eb95430074b6c730a84e03493
  custom:scripting/monoscript/fileName/CredentialsResponse.cs: 96b135ae1c4ea541dc762170ea524fa9 -> 3dd2507693e56dac75ee7783f598cbb9
  custom:scripting/monoscript/fileName/LaunchDiffOperations.cs: aeae601320588a70eea7590a2f7e0f69 -> 871a0804a9fe2d9f2ad088303a89a63e
  custom:scripting/monoscript/fileName/PlasticSplitterGUILayout.cs: 111849f67dfbfea65ad2a9298ad1654d -> 
  custom:scripting/monoscript/fileName/CheckinDialogOperations.cs: 0b2a2cd4c41cf1865a29cf91b2a96a48 -> d032d69e8060311c06b88286e8f22ddd
  custom:scripting/monoscript/fileName/PendingChangesViewMenu.cs: 68fab310addfd7068cfd7920070496ff -> 9b0019b6df6bb14eb3a2dbafa53fb54b
  custom:scripting/monoscript/fileName/AssetsSelection.cs: 35cec24e81f0cb1de51daeb356abc4ff -> 0227d7ff4d5687932d10967a945a9b06
  custom:scripting/monoscript/fileName/EnumPopupSetting.cs: 8f6297df34271fdb1ce2d9607ec6261d -> 90647cc400823b41df847a6cbfc29026
  custom:scripting/monoscript/fileName/PlasticConnectionMonitor.cs: 920e8e381bfc94da8bb69d336dda57ca -> 
  custom:scripting/monoscript/fileName/HistoryListHeaderState.cs: 6226ef13a567fa81584864f8698be331 -> a87e0364d14866c369ad50d669bdfa85
  custom:scripting/monoscript/fileName/EnableSwitchAndShelveFeatureDialog.cs: 2cb9334d072aaff777efab2d72a2583e -> 03bdf2f298649e7c429ac90c7a3c461a
  custom:scripting/monoscript/fileName/CloudEditionWelcomeWindow.cs: c886fdb39f4b8787e6ea3701a8f88f4a -> b1721e471183956468462f6b64901640
  custom:scripting/monoscript/fileName/AssetsPath.cs: 367269acf8f676d2cdd30fdc387b3920 -> e0e986124adc46d913f0683c34b88c9f
  custom:scripting/monoscript/fileName/MetaPath.cs: 1f80313a7ce6ec6ece505285578f5745 -> 417a84eb354831f828a6752b26c8592d
  custom:scripting/monoscript/fileName/CredentialsUIImpl.cs: 90e9c2de8d7bdd8424e0d89c415108ae -> dbacf67c37819fd95562fe169e706732
  custom:scripting/monoscript/fileName/ChangesetsViewMenu.cs: b720f0168f4ce1b1e0d358a6d5ec9a42 -> 7d1a2de81910b5990e71a0bfff26fdca
  custom:scripting/monoscript/fileName/UnityPlasticGuiMessage.cs: 2a7f71f59c0d7dc731fd345a3713957c -> 24eef0792e3802809607a7f9d04b8f1d
  custom:scripting/monoscript/fileName/OrganizationCredentials.cs: ee462057b3bd23cc3dab953ac4d656e2 -> 0b123406cadd651e9adc01c85fab5124
  custom:scripting/monoscript/fileName/StatusBar.cs: 2c8c488a8bbfe924f6b53b202ff6aadd -> 
  custom:scripting/monoscript/fileName/IsCurrent.cs: 7343ceec4312304bb8b398eeb6c375fa -> cf1fd01890d0fd9f011c1a1a491e2cf0
  custom:scripting/monoscript/fileName/ChangesetFromCollabCommitResponse.cs: b986ab8b1acd322b0367812e2d541734 -> ba336e4117e1b7ee28e4c17197bc3d0e
  custom:scripting/monoscript/fileName/MoveToChangelistMenuBuilder.cs: 3a2ef8cb0baf69e5dadeafc731fe32a9 -> a90b3e388d3e1316fa104d4c9a03e2d1
  custom:scripting/monoscript/fileName/LoadingSpinner.cs: b3299af90b664a9f42123e7df43fae24 -> 6aff0ac022d117a8e24a7b5e4b11904c
  custom:scripting/monoscript/fileName/LocksTab.cs: 134c512484ae73354c15c06a6dc69f9f -> 00ffb5a39c16fdc2d733c7e53471a3a9
  custom:scripting/monoscript/fileName/BranchesTab.cs: 764cb17e9337c58ad4f5304b60b2042e -> 57c33f76c527a5aba4d269245ffff188
  custom:scripting/monoscript/fileName/ToolConfig.cs: 18b1ea271ce5e7b6deea7b4e8e175269 -> fcffc3165b047f54ed6ccafa4c8760dd
  custom:scripting/monoscript/fileName/DropDownTextField.cs: e66e7314096900597993d2b353757d8d -> c8fc484ce140049ff31ebc2c6cbebf28
  custom:scripting/monoscript/fileName/AssetsProcessor.cs: 47679a6e15b70f4fef48eb1b2df31b19 -> 18737889e95cd4088e8dfd4153fa8f40
  custom:scripting/monoscript/fileName/DrawActionButton.cs: d847a7d82ac92cab2b3d0ae268cefb3d -> 81e6708d2b8fa199354e53f85db731a8
  custom:scripting/monoscript/fileName/TableViewOperations.cs: ddc7b903e0dbd6bd109f2bd709b95f0e -> bef3a31deb1fe794a90f767d16e4c868
  custom:scripting/monoscript/fileName/UpdateProgress.cs: 5b04f01bf199310f09ab9522f89c78f4 -> 281e1e05168d6a30be1d8d2f6200bef8
  custom:scripting/monoscript/fileName/OrganizationsInformation.cs: b3f0758c6655b2dad1161792812992fa -> 5f067ea8d90fc79055a3dcfd58ae6dca
  custom:scripting/monoscript/fileName/ChangeDeleteMenu.cs: 652dcd6f863c509bfa0376b6d95ab1ec -> 4fefe66d6e279ce0ac2fdc57d409f232
  custom:scripting/monoscript/fileName/SubscriptionDetailsResponse.cs: e10e0299ef716630c63b8cf5f792cda0 -> e5121cec860a6d1097cc809217b3d8fe
  custom:scripting/monoscript/fileName/DrawProgressForDialogs.cs: 5f8d39e3ea7c4a42148c6b1a7b4ca061 -> a5f2abd8875e7a6afbc171fabfbae81f
  custom:scripting/monoscript/fileName/ToolbarButton.cs: 47dc767626bbd94d66707af31ddc5eb6 -> 
  custom:scripting/monoscript/fileName/ProjectViewAssetSelection.cs: 349dc288d32791de51156d4e59000b7b -> 2560eadaf6a13a74a46a4a207cd5a8b6
  custom:scripting/monoscript/fileName/DrawTreeViewItem.cs: cceebc4f1185658619e40964f29acb08 -> 0921a62a588ab864253743d1f07afb5a
  custom:scripting/monoscript/fileName/DrawSceneOperations.cs: 2426c0c2ee58cd28be59874f6425940c -> d87f46f9fb97181a2f51490ea2e1efc3
  custom:audio-encoder-webm-vorbis: bf7c407c2cedff20999df2af8eb42d56 -> 
  custom:scripting/monoscript/fileName/DrawActionHelpBox.cs: dcd6ec2e7fb1b44f22c4a79ff87b70cd -> c8f6be9dab1e6f8d71e0c63c29679186
  custom:scripting/monoscript/fileName/PendingChangesMultiColumnHeader.cs: 21802cc6929e0e180fb4f0be8e34d9d0 -> 722de7d6e07a79981d750438e6febb8f
  custom:scripting/monoscript/fileName/EditorDispatcher.cs: c739e073a8c38dbcf59192f45d1004c5 -> 3c402eae57d73cc54863f3f6a13096ae
  custom:scripting/monoscript/fileName/MovedEvilTwinMenu.cs: ce111941dc7264d29598ce7fd2770927 -> d480b839850d28c1c9526cb587fc752d
  custom:scripting/monoscript/fileName/IIncomingChangesTab.cs: d4ceabdc48d8a1872bbe87f04d89a4ff -> 40644cd18074db84684b9e437bf8fa77
  custom:scripting/monoscript/fileName/GetChangesOverlayIcon.cs: f00e4b795697c6cf3092760f3b6fc49d -> d599d6efdee28305661bc0cf6683858a
  custom:scripting/monoscript/fileName/ShelvedChangesNotification.cs: 13b6a2ccd8b4ac1f5ee30c8404cea3b0 -> a27e9e7b242b904f41fc1b16d3a1b3fd
  custom:scripting/monoscript/fileName/EvilTwinMenu.cs: 475a88947051822ca4915306469f9bcc -> 919e4faae0573e49949f6dfbb5a733da
  custom:scripting/monoscript/fileName/ChangesetsListView.cs: caae0aefb36c869f50691482a5cd0944 -> 87b74e0d80cf59010f55e2baaeb6679d
  custom:scripting/monoscript/fileName/UpdateReportListView.cs: 2d8fccdaad50bbd7454b52cf9cb4a0f9 -> 08d26df1ab6c3a7628addc5e54e50b08
  custom:scripting/monoscript/fileName/UnityConfigurationChecker.cs: 59a8f0715a7c89a752351bf42f94abbd -> 874cd65cce0384fef4b60e71fb08a429
  custom:scripting/monoscript/fileName/CheckWorkspaceTreeNodeStatus.cs: 5e11ff64963669981115eb58dc2b6e8b -> 1e1255b803bf7cbc935bb804bf0dbe7b
  custom:scripting/monoscript/fileName/TreeViewSessionState.cs: 8333273b312d475b653610e2871c20a5 -> 9f39a2ca55a7481b8ba078d3a2b6815e
  custom:scripting/monoscript/fileName/ErrorsPanel.cs: 21fc210ee17d5e95782397ef8c7dafab -> 515b7ba9af5e7885ba3068b1d63c6104
  custom:scripting/monoscript/fileName/PlasticPlugin.cs: a57c142b98ca3d4daad221737fd72924 -> c64561980f26020cc3206ae8b1047268
  custom:scripting/monoscript/fileName/SwitchModeConfirmationDialog.cs: 4d9c02587760213784bfe53d012122b4 -> 30cd71d0b3ee4b2689cde689908d301e
  custom:scripting/monoscript/fileName/PlasticWindow.cs: fc467478941f610919bc69526ba2c215 -> 
  custom:scripting/monoscript/fileName/PlasticExeLauncher.cs: caa0b5dda5df50c85bb19d27252d16b9 -> f1da27253760250030952f02cb54965a
  custom:scripting/monoscript/fileName/BranchesViewMenu.cs: 8089f11c30784e2e57775dd6cdbae898 -> 7bfc83e917c9b0b5aa423bb947ce2a38
  custom:scripting/monoscript/fileName/CooldownWindowDelayer.cs: 7816cfcad485500dbac9993c4502ea69 -> 4c95e39c8dd4cfa1bca106097fdb6524
  custom:scripting/monoscript/fileName/GetInstallerTmpFileName.cs: fa7bda723ac795b48e38504727f44981 -> d09e0b5c7a9af5874530e17ef23025f0
  custom:scripting/monoscript/fileName/AssetModificationProcessor.cs: a602c9e59e7db185e3a0d68d986e6fef -> 
  custom:scripting/monoscript/fileName/IsCollabProjectMigratedResponse.cs: 4c3294c6a51e6f42161d191230692016 -> af2b76c693935deee55cfcaed2aa7568
========================================================================
Received Import Request.
  Time since last request: 1242.113415 seconds.
  path: Assets/FishNet/DOCUMENTATION.txt
  artifactKey: Guid(b8eb79f9866e25342b4565ac8c981645) Importer(2089858483,0ecaa5967403d082aa24f35e1b516d23)
Start importing Assets/FishNet/DOCUMENTATION.txt using Guid(b8eb79f9866e25342b4565ac8c981645) Importer(2089858483,0ecaa5967403d082aa24f35e1b516d23) [PhysX] Initialized MultithreadedTaskDispatcher with 8 workers.
 -> (artifact id: 'eb2fd83b470392a47ff3ea09134fbc1d') in 0.117435 seconds
Number of updated asset objects reloaded before import = 0
Number of asset objects unloaded after import = 1
========================================================================
Received Import Request.
  Time since last request: 0.000031 seconds.
  path: Assets/FishNet/CodeGenerating/Helpers/TransportHelper.cs
  artifactKey: Guid(6ced44bfdb3068f4cb7513c9be85729a) Importer(2089858483,0ecaa5967403d082aa24f35e1b516d23)
Start importing Assets/FishNet/CodeGenerating/Helpers/TransportHelper.cs using Guid(6ced44bfdb3068f4cb7513c9be85729a) Importer(2089858483,0ecaa5967403d082aa24f35e1b516d23) [PhysX] Initialized MultithreadedTaskDispatcher with 8 workers.
 -> (artifact id: 'a5720e35e62ac019ca597c0ac7b23031') in 0.080918 seconds
Number of updated asset objects reloaded before import = 0
Number of asset objects unloaded after import = 1
========================================================================
Received Import Request.
  Time since last request: 0.000040 seconds.
  path: Assets/FishNet/CodeGenerating/Processing/ReaderProcessor.cs
  artifactKey: Guid(0f9d3654f5816c4409b88fa0602c6df4) Importer(2089858483,0ecaa5967403d082aa24f35e1b516d23)
Start importing Assets/FishNet/CodeGenerating/Processing/ReaderProcessor.cs using Guid(0f9d3654f5816c4409b88fa0602c6df4) Importer(2089858483,0ecaa5967403d082aa24f35e1b516d23) [PhysX] Initialized MultithreadedTaskDispatcher with 8 workers.
 -> (artifact id: '0dd707144ea9566c181eaa63173f4b7b') in 0.013081 seconds
Number of updated asset objects reloaded before import = 0
Number of asset objects unloaded after import = 1
========================================================================
Received Import Request.
  Time since last request: 0.000032 seconds.
  path: Assets/FishNet/LICENSE.txt
  artifactKey: Guid(83c5a6d0014103d48a0028f0ab7fec8d) Importer(2089858483,0ecaa5967403d082aa24f35e1b516d23)
Start importing Assets/FishNet/LICENSE.txt using Guid(83c5a6d0014103d48a0028f0ab7fec8d) Importer(2089858483,0ecaa5967403d082aa24f35e1b516d23) [PhysX] Initialized MultithreadedTaskDispatcher with 8 workers.
 -> (artifact id: '727b5b13e02dcae82e63388a66440d68') in 0.011175 seconds
Number of updated asset objects reloaded before import = 0
Number of asset objects unloaded after import = 1
========================================================================
Received Import Request.
  Time since last request: 0.000024 seconds.
  path: Assets/Scenes/Example 1.unity
  artifactKey: Guid(e897aa91a21d9e7458b575f50589f41f) Importer(2089858483,0ecaa5967403d082aa24f35e1b516d23)
Start importing Assets/Scenes/Example 1.unity using Guid(e897aa91a21d9e7458b575f50589f41f) Importer(2089858483,0ecaa5967403d082aa24f35e1b516d23) [PhysX] Initialized MultithreadedTaskDispatcher with 8 workers.
 -> (artifact id: '04b509006c1b67b5113ae8d512dcb6c3') in 0.011127 seconds
Number of updated asset objects reloaded before import = 0
Number of asset objects unloaded after import = 1
========================================================================
Received Import Request.
  Time since last request: 0.000020 seconds.
  path: Assets/Spaceflight Controls/Resources/Example Camera.prefab
  artifactKey: Guid(01905e84d0889c14098c595bba008c58) Importer(2089858483,0ecaa5967403d082aa24f35e1b516d23)
Start importing Assets/Spaceflight Controls/Resources/Example Camera.prefab using Guid(01905e84d0889c14098c595bba008c58) Importer(2089858483,0ecaa5967403d082aa24f35e1b516d23) [PhysX] Initialized MultithreadedTaskDispatcher with 8 workers.
 -> (artifact id: 'da6ce82d6a173842e7a48eeb30b8f642') in 0.099720 seconds
Number of updated asset objects reloaded before import = 0
Number of asset objects unloaded after import = 11
========================================================================
Received Import Request.
  Time since last request: 0.000029 seconds.
  path: Assets/Spaceflight Controls/Scripts/CustomPointer.cs
  artifactKey: Guid(21ebfb170970604408291b4728c5244d) Importer(2089858483,0ecaa5967403d082aa24f35e1b516d23)
Start importing Assets/Spaceflight Controls/Scripts/CustomPointer.cs using Guid(21ebfb170970604408291b4728c5244d) Importer(2089858483,0ecaa5967403d082aa24f35e1b516d23) [PhysX] Initialized MultithreadedTaskDispatcher with 8 workers.
 -> (artifact id: 'c8102daeabb10390ba1c231ed64b4d2e') in 0.011947 seconds
Number of updated asset objects reloaded before import = 0
Number of asset objects unloaded after import = 1
========================================================================
Received Import Request.
  Time since last request: 0.000031 seconds.
  path: Assets/FishNet/CodeGenerating/Extension/ILProcessorExtensions.cs
  artifactKey: Guid(127d8312da53b3e49ba9e3e4c6348857) Importer(2089858483,0ecaa5967403d082aa24f35e1b516d23)
Start importing Assets/FishNet/CodeGenerating/Extension/ILProcessorExtensions.cs using Guid(127d8312da53b3e49ba9e3e4c6348857) Importer(2089858483,0ecaa5967403d082aa24f35e1b516d23) [PhysX] Initialized MultithreadedTaskDispatcher with 8 workers.
 -> (artifact id: '57a25474c2142c16670e57548c50d584') in 0.012928 seconds
Number of updated asset objects reloaded before import = 0
Number of asset objects unloaded after import = 1
========================================================================
Received Import Request.
  Time since last request: 0.000025 seconds.
  path: Assets/FishNet/CodeGenerating/Helpers/CreatedSyncVarGenerator.cs
  artifactKey: Guid(935ec97b96b35b94f8c6880c6908304c) Importer(2089858483,0ecaa5967403d082aa24f35e1b516d23)
Start importing Assets/FishNet/CodeGenerating/Helpers/CreatedSyncVarGenerator.cs using Guid(935ec97b96b35b94f8c6880c6908304c) Importer(2089858483,0ecaa5967403d082aa24f35e1b516d23) [PhysX] Initialized MultithreadedTaskDispatcher with 8 workers.
 -> (artifact id: 'cdc8385fc031d3bba51c6feff02d50e1') in 0.011696 seconds
Number of updated asset objects reloaded before import = 0
Number of asset objects unloaded after import = 1
========================================================================
Received Import Request.
  Time since last request: 0.000024 seconds.
  path: Assets/FishNet/CodeGenerating/Extension/TypeDefinitionExtensions.cs
  artifactKey: Guid(c9f00cf3dc8b90b469c3c9cb8b87fc88) Importer(2089858483,0ecaa5967403d082aa24f35e1b516d23)
Start importing Assets/FishNet/CodeGenerating/Extension/TypeDefinitionExtensions.cs using Guid(c9f00cf3dc8b90b469c3c9cb8b87fc88) Importer(2089858483,0ecaa5967403d082aa24f35e1b516d23) [PhysX] Initialized MultithreadedTaskDispatcher with 8 workers.
 -> (artifact id: '888dccb394405b6b831129347a761660') in 0.012393 seconds
Number of updated asset objects reloaded before import = 0
Number of asset objects unloaded after import = 1
========================================================================
Received Import Request.
  Time since last request: 0.000028 seconds.
  path: Assets/FishNet/CodeGenerating/Helpers/CodegenSession.cs
  artifactKey: Guid(3e8416eee3308f54fa942003de975420) Importer(2089858483,0ecaa5967403d082aa24f35e1b516d23)
Start importing Assets/FishNet/CodeGenerating/Helpers/CodegenSession.cs using Guid(3e8416eee3308f54fa942003de975420) Importer(2089858483,0ecaa5967403d082aa24f35e1b516d23) [PhysX] Initialized MultithreadedTaskDispatcher with 8 workers.
 -> (artifact id: 'd66632461eedbf9d9ee6db58d3222b68') in 0.011465 seconds
Number of updated asset objects reloaded before import = 0
Number of asset objects unloaded after import = 1
========================================================================
Received Import Request.
  Time since last request: 0.000032 seconds.
  path: Assets/FishNet/CodeGenerating/Helpers/PredictedObjectHelper.cs
  artifactKey: Guid(e9a06c812bf785a44a38a5852ff866d8) Importer(2089858483,0ecaa5967403d082aa24f35e1b516d23)
Start importing Assets/FishNet/CodeGenerating/Helpers/PredictedObjectHelper.cs using Guid(e9a06c812bf785a44a38a5852ff866d8) Importer(2089858483,0ecaa5967403d082aa24f35e1b516d23) [PhysX] Initialized MultithreadedTaskDispatcher with 8 workers.
 -> (artifact id: '2004d1b9704fd526f33527b90f68342b') in 0.014518 seconds
Number of updated asset objects reloaded before import = 0
Number of asset objects unloaded after import = 1
========================================================================
Received Import Request.
  Time since last request: 0.000039 seconds.
  path: Assets/FishNet/THIRD PARTY NOTICE.md
  artifactKey: Guid(6ee8e3f1530d3594488bfe438dced5ea) Importer(2089858483,0ecaa5967403d082aa24f35e1b516d23)
Start importing Assets/FishNet/THIRD PARTY NOTICE.md using Guid(6ee8e3f1530d3594488bfe438dced5ea) Importer(2089858483,0ecaa5967403d082aa24f35e1b516d23) [PhysX] Initialized MultithreadedTaskDispatcher with 8 workers.
 -> (artifact id: 'cc37d071efe2bba9bc2e3ec5fdf688a1') in 0.011154 seconds
Number of updated asset objects reloaded before import = 0
Number of asset objects unloaded after import = 1
========================================================================
Received Import Request.
  Time since last request: 0.000030 seconds.
  path: Assets/FishNet/CodeGenerating/Unity.FishNet.CodeGen.asmdef
  artifactKey: Guid(9341dc36b33c3984e97b22dac619ca50) Importer(2089858483,0ecaa5967403d082aa24f35e1b516d23)
Start importing Assets/FishNet/CodeGenerating/Unity.FishNet.CodeGen.asmdef using Guid(9341dc36b33c3984e97b22dac619ca50) Importer(2089858483,0ecaa5967403d082aa24f35e1b516d23) [PhysX] Initialized MultithreadedTaskDispatcher with 8 workers.
 -> (artifact id: 'fab7b56a2726957dfaf5fafb12887039') in 0.013111 seconds
Number of updated asset objects reloaded before import = 0
Number of asset objects unloaded after import = 1
========================================================================
Received Import Request.
  Time since last request: 0.000028 seconds.
  path: Assets/FishNet/Upgrading/MirrorUpgrade.cs
  artifactKey: Guid(491b9891492df1444937419bc0e39642) Importer(2089858483,0ecaa5967403d082aa24f35e1b516d23)
Start importing Assets/FishNet/Upgrading/MirrorUpgrade.cs using Guid(491b9891492df1444937419bc0e39642) Importer(2089858483,0ecaa5967403d082aa24f35e1b516d23) [PhysX] Initialized MultithreadedTaskDispatcher with 8 workers.
 -> (artifact id: '2aeee0659e24f464fa2d996c59590f2f') in 0.011331 seconds
Number of updated asset objects reloaded before import = 0
Number of asset objects unloaded after import = 1
========================================================================
Received Import Request.
  Time since last request: 0.000026 seconds.
  path: Assets/FishNet/CodeGenerating/Processing/SyncTypeProcessor.cs
  artifactKey: Guid(ec95af37f78b9e340b5eaa199c1af94a) Importer(2089858483,0ecaa5967403d082aa24f35e1b516d23)
Start importing Assets/FishNet/CodeGenerating/Processing/SyncTypeProcessor.cs using Guid(ec95af37f78b9e340b5eaa199c1af94a) Importer(2089858483,0ecaa5967403d082aa24f35e1b516d23) [PhysX] Initialized MultithreadedTaskDispatcher with 8 workers.
 -> (artifact id: '148648d1b6c74360634aede62f5f112b') in 0.012223 seconds
Number of updated asset objects reloaded before import = 0
Number of asset objects unloaded after import = 1
========================================================================
Received Import Request.
  Time since last request: 0.000023 seconds.
  path: Assets/FishNet/CodeGenerating/ILCore/ILCoreHelper.cs
  artifactKey: Guid(dfcfb917dd9268744962ae61aa0115b7) Importer(2089858483,0ecaa5967403d082aa24f35e1b516d23)
Start importing Assets/FishNet/CodeGenerating/ILCore/ILCoreHelper.cs using Guid(dfcfb917dd9268744962ae61aa0115b7) Importer(2089858483,0ecaa5967403d082aa24f35e1b516d23) [PhysX] Initialized MultithreadedTaskDispatcher with 8 workers.
 -> (artifact id: '22bcec1d065613619e08c5b1488ab491') in 0.014104 seconds
Number of updated asset objects reloaded before import = 0
Number of asset objects unloaded after import = 1
========================================================================
Received Import Request.
  Time since last request: 0.000022 seconds.
  path: Assets/Scenes/Example 2.unity
  artifactKey: Guid(a10709abf575a3248a8c2ba2a2505407) Importer(2089858483,0ecaa5967403d082aa24f35e1b516d23)
Start importing Assets/Scenes/Example 2.unity using Guid(a10709abf575a3248a8c2ba2a2505407) Importer(2089858483,0ecaa5967403d082aa24f35e1b516d23) [PhysX] Initialized MultithreadedTaskDispatcher with 8 workers.
 -> (artifact id: '029165f6c6b5a7d8959e768dea058875') in 0.009901 seconds
Number of updated asset objects reloaded before import = 0
Number of asset objects unloaded after import = 1
========================================================================
Received Import Request.
  Time since last request: 0.000062 seconds.
  path: Assets/FishNet/Demos/Prefabs/NetworkHudCanvas.prefab
  artifactKey: Guid(0570b6f7f713dc44a90463654bbcd8d0) Importer(2089858483,0ecaa5967403d082aa24f35e1b516d23)
Start importing Assets/FishNet/Demos/Prefabs/NetworkHudCanvas.prefab using Guid(0570b6f7f713dc44a90463654bbcd8d0) Importer(2089858483,0ecaa5967403d082aa24f35e1b516d23) [PhysX] Initialized MultithreadedTaskDispatcher with 8 workers.
 -> (artifact id: '64bb5fefe8bd86b13525913e23be3ae8') in 0.076094 seconds
Number of updated asset objects reloaded before import = 0
Number of asset objects unloaded after import = 34
========================================================================
Received Import Request.
  Time since last request: 0.000031 seconds.
  path: Assets/FishNet/CodeGenerating/Extension/TypeReferenceExtensions.cs
  artifactKey: Guid(239b1b10db80c594d93b7ba4ee2c1ec5) Importer(2089858483,0ecaa5967403d082aa24f35e1b516d23)
Start importing Assets/FishNet/CodeGenerating/Extension/TypeReferenceExtensions.cs using Guid(239b1b10db80c594d93b7ba4ee2c1ec5) Importer(2089858483,0ecaa5967403d082aa24f35e1b516d23) [PhysX] Initialized MultithreadedTaskDispatcher with 8 workers.
 -> (artifact id: '8f7c993bc3f6591ae60f322a136a2170') in 0.011737 seconds
Number of updated asset objects reloaded before import = 0
Number of asset objects unloaded after import = 1
========================================================================
Received Import Request.
  Time since last request: 0.000025 seconds.
  path: Assets/FishNet/CodeGenerating/Extension/FieldDefinitionExtensions.cs
  artifactKey: Guid(de84fa9739ed55945b58147a773e1740) Importer(2089858483,0ecaa5967403d082aa24f35e1b516d23)
Start importing Assets/FishNet/CodeGenerating/Extension/FieldDefinitionExtensions.cs using Guid(de84fa9739ed55945b58147a773e1740) Importer(2089858483,0ecaa5967403d082aa24f35e1b516d23) [PhysX] Initialized MultithreadedTaskDispatcher with 8 workers.
 -> (artifact id: '1abbeb1eb9263caab09e2f14549fbc6e') in 0.013392 seconds
Number of updated asset objects reloaded before import = 0
Number of asset objects unloaded after import = 1
========================================================================
Received Import Request.
  Time since last request: 0.000024 seconds.
  path: Assets/FishNet/CodeGenerating/Helpers/ObjectHelper.cs
  artifactKey: Guid(033da35314653aa4689b4582e7929295) Importer(2089858483,0ecaa5967403d082aa24f35e1b516d23)
Start importing Assets/FishNet/CodeGenerating/Helpers/ObjectHelper.cs using Guid(033da35314653aa4689b4582e7929295) Importer(2089858483,0ecaa5967403d082aa24f35e1b516d23) [PhysX] Initialized MultithreadedTaskDispatcher with 8 workers.
 -> (artifact id: '1d7746d15c5104272da5a2cf1c87c674') in 0.012405 seconds
Number of updated asset objects reloaded before import = 0
Number of asset objects unloaded after import = 1
========================================================================
Received Import Request.
  Time since last request: 0.000035 seconds.
  path: Assets/FishNet/Runtime/Connection/NetworkConnection.Buffer.cs
  artifactKey: Guid(5bc17ee5bac499347a6fbad9dd24b7b0) Importer(2089858483,0ecaa5967403d082aa24f35e1b516d23)
Start importing Assets/FishNet/Runtime/Connection/NetworkConnection.Buffer.cs using Guid(5bc17ee5bac499347a6fbad9dd24b7b0) Importer(2089858483,0ecaa5967403d082aa24f35e1b516d23) [PhysX] Initialized MultithreadedTaskDispatcher with 8 workers.
 -> (artifact id: '04b54f1ac568bda3299de057755ab65f') in 0.014973 seconds
Number of updated asset objects reloaded before import = 0
Number of asset objects unloaded after import = 1
========================================================================
Received Import Request.
  Time since last request: 0.000080 seconds.
  path: Assets/Scenes/SampleScene.unity
  artifactKey: Guid(9fc0d4010bbf28b4594072e72b8655ab) Importer(2089858483,0ecaa5967403d082aa24f35e1b516d23)
Start importing Assets/Scenes/SampleScene.unity using Guid(9fc0d4010bbf28b4594072e72b8655ab) Importer(2089858483,0ecaa5967403d082aa24f35e1b516d23) [PhysX] Initialized MultithreadedTaskDispatcher with 8 workers.
 -> (artifact id: 'dbe483747d8d1ece373c5bd14c3e8202') in 0.009699 seconds
Number of updated asset objects reloaded before import = 0
Number of asset objects unloaded after import = 1
========================================================================
Received Import Request.
  Time since last request: 0.000024 seconds.
  path: Assets/FishNet/package.json
  artifactKey: Guid(b6cd22251db5121439ea8056c82bb541) Importer(2089858483,0ecaa5967403d082aa24f35e1b516d23)
Start importing Assets/FishNet/package.json using Guid(b6cd22251db5121439ea8056c82bb541) Importer(2089858483,0ecaa5967403d082aa24f35e1b516d23) [PhysX] Initialized MultithreadedTaskDispatcher with 8 workers.
 -> (artifact id: 'b0304fbba388169b3265ba1a1e1a00cf') in 0.009510 seconds
Number of updated asset objects reloaded before import = 0
Number of asset objects unloaded after import = 1
========================================================================
Received Import Request.
  Time since last request: 0.000022 seconds.
  path: Assets/FishNet/Runtime/Config.json
  artifactKey: Guid(9f1ece47c2d48194ea4827bf592a2279) Importer(2089858483,0ecaa5967403d082aa24f35e1b516d23)
Start importing Assets/FishNet/Runtime/Config.json using Guid(9f1ece47c2d48194ea4827bf592a2279) Importer(2089858483,0ecaa5967403d082aa24f35e1b516d23) [PhysX] Initialized MultithreadedTaskDispatcher with 8 workers.
 -> (artifact id: '029ab946cf440a5d1be52d36dc83899b') in 0.009740 seconds
Number of updated asset objects reloaded before import = 0
Number of asset objects unloaded after import = 1
========================================================================
Received Import Request.
  Time since last request: 0.000083 seconds.
  path: Assets/FishNet/Runtime/Authenticating/Authenticator.cs
  artifactKey: Guid(a9adfb82407774645a1f455ceb9298f9) Importer(2089858483,0ecaa5967403d082aa24f35e1b516d23)
Start importing Assets/FishNet/Runtime/Authenticating/Authenticator.cs using Guid(a9adfb82407774645a1f455ceb9298f9) Importer(2089858483,0ecaa5967403d082aa24f35e1b516d23) [PhysX] Initialized MultithreadedTaskDispatcher with 8 workers.
 -> (artifact id: '747a3d53ab807df221f047155a9b2ccb') in 0.011418 seconds
Number of updated asset objects reloaded before import = 0
Number of asset objects unloaded after import = 1
========================================================================
Received Import Request.
  Time since last request: 0.000027 seconds.
  path: Assets/FishNet/CodeGenerating/Helpers/NetworkConnectionImports.cs
  artifactKey: Guid(6d061dda8ed87ed48a08020942ad63f6) Importer(2089858483,0ecaa5967403d082aa24f35e1b516d23)
Start importing Assets/FishNet/CodeGenerating/Helpers/NetworkConnectionImports.cs using Guid(6d061dda8ed87ed48a08020942ad63f6) Importer(2089858483,0ecaa5967403d082aa24f35e1b516d23) [PhysX] Initialized MultithreadedTaskDispatcher with 8 workers.
 -> (artifact id: 'e7dde332b4ae8197d0bb6586c3a43be9') in 0.014625 seconds
Number of updated asset objects reloaded before import = 0
Number of asset objects unloaded after import = 1
========================================================================
Received Import Request.
  Time since last request: 0.000031 seconds.
  path: Assets/Spaceflight Controls/Scripts/PSDestroy.cs
  artifactKey: Guid(c84735e4399f95046a0c9ceaad970ea0) Importer(2089858483,0ecaa5967403d082aa24f35e1b516d23)
Start importing Assets/Spaceflight Controls/Scripts/PSDestroy.cs using Guid(c84735e4399f95046a0c9ceaad970ea0) Importer(2089858483,0ecaa5967403d082aa24f35e1b516d23) [PhysX] Initialized MultithreadedTaskDispatcher with 8 workers.
 -> (artifact id: '7c56d7061d9ce06ce741ec2ceaef576a') in 0.011041 seconds
Number of updated asset objects reloaded before import = 0
Number of asset objects unloaded after import = 1
========================================================================
Received Import Request.
  Time since last request: 0.000024 seconds.
  path: Assets/Scenes/Example 3.unity
  artifactKey: Guid(c04f5e5092e5d9b41aca04c23241ee6f) Importer(2089858483,0ecaa5967403d082aa24f35e1b516d23)
Start importing Assets/Scenes/Example 3.unity using Guid(c04f5e5092e5d9b41aca04c23241ee6f) Importer(2089858483,0ecaa5967403d082aa24f35e1b516d23) [PhysX] Initialized MultithreadedTaskDispatcher with 8 workers.
 -> (artifact id: '8317fd1d4a6b8d9fb4585d5e1a35249b') in 0.010152 seconds
Number of updated asset objects reloaded before import = 0
Number of asset objects unloaded after import = 1
========================================================================
Received Import Request.
  Time since last request: 0.000082 seconds.
  path: Assets/FishNet/CodeGenerating/cecil-0.11.4/MonoFN.Cecil.asmdef
  artifactKey: Guid(23311a592bb0c5640b641143d87bf5b7) Importer(2089858483,0ecaa5967403d082aa24f35e1b516d23)
Start importing Assets/FishNet/CodeGenerating/cecil-0.11.4/MonoFN.Cecil.asmdef using Guid(23311a592bb0c5640b641143d87bf5b7) Importer(2089858483,0ecaa5967403d082aa24f35e1b516d23) [PhysX] Initialized MultithreadedTaskDispatcher with 8 workers.
 -> (artifact id: '993f93e02b8412848c1f1addb29fc087') in 0.010607 seconds
Number of updated asset objects reloaded before import = 0
Number of asset objects unloaded after import = 1
========================================================================
Received Import Request.
  Time since last request: 0.000114 seconds.
  path: Assets/FishNet/Runtime/Connection/NetworkConnection.Observers.cs
  artifactKey: Guid(e1d1fe830d38ad043bd5e616cf6386ed) Importer(2089858483,0ecaa5967403d082aa24f35e1b516d23)
Start importing Assets/FishNet/Runtime/Connection/NetworkConnection.Observers.cs using Guid(e1d1fe830d38ad043bd5e616cf6386ed) Importer(2089858483,0ecaa5967403d082aa24f35e1b516d23) [PhysX] Initialized MultithreadedTaskDispatcher with 8 workers.
 -> (artifact id: '1e85e82b4f7e754cfab558d47de038ac') in 0.011259 seconds
Number of updated asset objects reloaded before import = 0
Number of asset objects unloaded after import = 1
========================================================================
Received Import Request.
  Time since last request: 0.000025 seconds.
  path: Assets/FishNet/CodeGenerating/Helpers/NetworkBehaviourHelper.cs
  artifactKey: Guid(0c42e06349d6890459a155a2afe17d41) Importer(2089858483,0ecaa5967403d082aa24f35e1b516d23)
Start importing Assets/FishNet/CodeGenerating/Helpers/NetworkBehaviourHelper.cs using Guid(0c42e06349d6890459a155a2afe17d41) Importer(2089858483,0ecaa5967403d082aa24f35e1b516d23) [PhysX] Initialized MultithreadedTaskDispatcher with 8 workers.
 -> (artifact id: 'afdede583820fb4f1c6efc10755bb1b9') in 0.014694 seconds
Number of updated asset objects reloaded before import = 0
Number of asset objects unloaded after import = 1
========================================================================
Received Import Request.
  Time since last request: 0.000024 seconds.
  path: Assets/FishNet/CodeGenerating/cecil-0.11.4/Directory.Build.props
  artifactKey: Guid(c3a066bef0608d24987201601e20a905) Importer(2089858483,0ecaa5967403d082aa24f35e1b516d23)
Start importing Assets/FishNet/CodeGenerating/cecil-0.11.4/Directory.Build.props using Guid(c3a066bef0608d24987201601e20a905) Importer(2089858483,0ecaa5967403d082aa24f35e1b516d23) [PhysX] Initialized MultithreadedTaskDispatcher with 8 workers.
 -> (artifact id: '1af66fb76e0e86f82d9fa071f893d72e') in 0.011658 seconds
Number of updated asset objects reloaded before import = 0
Number of asset objects unloaded after import = 1
========================================================================
Received Import Request.
  Time since last request: 0.000060 seconds.
  path: Assets/FishNet/CodeGenerating/Helpers/TimeManagerHelper.cs
  artifactKey: Guid(11dbcc0798e079e4a85fe98dfc9fe23a) Importer(2089858483,0ecaa5967403d082aa24f35e1b516d23)
Start importing Assets/FishNet/CodeGenerating/Helpers/TimeManagerHelper.cs using Guid(11dbcc0798e079e4a85fe98dfc9fe23a) Importer(2089858483,0ecaa5967403d082aa24f35e1b516d23) [PhysX] Initialized MultithreadedTaskDispatcher with 8 workers.
 -> (artifact id: 'af514a1291d053dd2293d8951be7dc52') in 0.014629 seconds
Number of updated asset objects reloaded before import = 0
Number of asset objects unloaded after import = 1
========================================================================
Received Import Request.
  Time since last request: 0.000025 seconds.
  path: Assets/FishNet/CodeGenerating/Helpers/ReaderImports.cs
  artifactKey: Guid(350861dcbcbabc447acd37e4310b0697) Importer(2089858483,0ecaa5967403d082aa24f35e1b516d23)
Start importing Assets/FishNet/CodeGenerating/Helpers/ReaderImports.cs using Guid(350861dcbcbabc447acd37e4310b0697) Importer(2089858483,0ecaa5967403d082aa24f35e1b516d23) [PhysX] Initialized MultithreadedTaskDispatcher with 8 workers.
 -> (artifact id: 'cc5f800ce3aff5d7aeeb329e6eb28640') in 0.013042 seconds
Number of updated asset objects reloaded before import = 0
Number of asset objects unloaded after import = 1
========================================================================
Received Import Request.
  Time since last request: 0.000023 seconds.
  path: Assets/FishNet/Runtime/Connection/Buffer.cs
  artifactKey: Guid(eb2f3ce9b5ac27f40b7daa9364fb4d60) Importer(2089858483,0ecaa5967403d082aa24f35e1b516d23)
Start importing Assets/FishNet/Runtime/Connection/Buffer.cs using Guid(eb2f3ce9b5ac27f40b7daa9364fb4d60) Importer(2089858483,0ecaa5967403d082aa24f35e1b516d23) [PhysX] Initialized MultithreadedTaskDispatcher with 8 workers.
 -> (artifact id: '5ea3fdd28ff6f66cc57fbaa57713fc4c') in 0.012275 seconds
Number of updated asset objects reloaded before import = 0
Number of asset objects unloaded after import = 1
========================================================================
Received Import Request.
  Time since last request: 0.000026 seconds.
  path: Assets/FishNet/CodeGenerating/ILCore/FNPostProcessorReflectionImporter.cs
  artifactKey: Guid(484e8ad8c4dde382ea67036b32935ef1) Importer(2089858483,0ecaa5967403d082aa24f35e1b516d23)
Start importing Assets/FishNet/CodeGenerating/ILCore/FNPostProcessorReflectionImporter.cs using Guid(484e8ad8c4dde382ea67036b32935ef1) Importer(2089858483,0ecaa5967403d082aa24f35e1b516d23) [PhysX] Initialized MultithreadedTaskDispatcher with 8 workers.
 -> (artifact id: '4c9f43701b3d75bc35d33251b3c596d0') in 0.011947 seconds
Number of updated asset objects reloaded before import = 0
Number of asset objects unloaded after import = 1
========================================================================
Received Import Request.
  Time since last request: 0.000035 seconds.
  path: Assets/Spaceflight Controls/Scripts/DemoUI.cs
  artifactKey: Guid(f78b55eb7245a254db1783f6187b79e1) Importer(2089858483,0ecaa5967403d082aa24f35e1b516d23)
Start importing Assets/Spaceflight Controls/Scripts/DemoUI.cs using Guid(f78b55eb7245a254db1783f6187b79e1) Importer(2089858483,0ecaa5967403d082aa24f35e1b516d23) [PhysX] Initialized MultithreadedTaskDispatcher with 8 workers.
 -> (artifact id: '8571d3260df68c18946845b1c73e076c') in 0.012007 seconds
Number of updated asset objects reloaded before import = 0
Number of asset objects unloaded after import = 1
========================================================================
Received Import Request.
  Time since last request: 0.000111 seconds.
  path: Assets/FishNet/CodeGenerating/cecil-0.11.4/Mono.Cecil.nunit
  artifactKey: Guid(70249fc3714c2ba43bb69eeceaf02171) Importer(2089858483,0ecaa5967403d082aa24f35e1b516d23)
Start importing Assets/FishNet/CodeGenerating/cecil-0.11.4/Mono.Cecil.nunit using Guid(70249fc3714c2ba43bb69eeceaf02171) Importer(2089858483,0ecaa5967403d082aa24f35e1b516d23) [PhysX] Initialized MultithreadedTaskDispatcher with 8 workers.
 -> (artifact id: '57d69c3a640b633bd8b2823f3519d503') in 0.009543 seconds
Number of updated asset objects reloaded before import = 0
Number of asset objects unloaded after import = 1
========================================================================
Received Import Request.
  Time since last request: 0.000022 seconds.
  path: Assets/FishNet/Runtime/FishNet.Runtime.asmdef
  artifactKey: Guid(7c88a4a7926ee5145ad2dfa06f454c67) Importer(2089858483,0ecaa5967403d082aa24f35e1b516d23)
Start importing Assets/FishNet/Runtime/FishNet.Runtime.asmdef using Guid(7c88a4a7926ee5145ad2dfa06f454c67) Importer(2089858483,0ecaa5967403d082aa24f35e1b516d23) [PhysX] Initialized MultithreadedTaskDispatcher with 8 workers.
 -> (artifact id: 'a02e305156426aa110e687061ec87ae4') in 0.010658 seconds
Number of updated asset objects reloaded before import = 0
Number of asset objects unloaded after import = 1
========================================================================
Received Import Request.
  Time since last request: 0.000023 seconds.
  path: Assets/FishNet/Demos/ColliderRollback/ReadMe.txt
  artifactKey: Guid(683b83b178f491a479b732df31da7ade) Importer(2089858483,0ecaa5967403d082aa24f35e1b516d23)
Start importing Assets/FishNet/Demos/ColliderRollback/ReadMe.txt using Guid(683b83b178f491a479b732df31da7ade) Importer(2089858483,0ecaa5967403d082aa24f35e1b516d23) [PhysX] Initialized MultithreadedTaskDispatcher with 8 workers.
 -> (artifact id: '0795a679af7623a68a824458fec1d4bb') in 0.008593 seconds
Number of updated asset objects reloaded before import = 0
Number of asset objects unloaded after import = 1
========================================================================
Received Import Request.
  Time since last request: 0.000054 seconds.
  path: Assets/FishNet/CodeGenerating/Processing/QOLAttributeProcessor.cs
  artifactKey: Guid(5080d7597ffca904b9a9fd5926e4e5a6) Importer(2089858483,0ecaa5967403d082aa24f35e1b516d23)
Start importing Assets/FishNet/CodeGenerating/Processing/QOLAttributeProcessor.cs using Guid(5080d7597ffca904b9a9fd5926e4e5a6) Importer(2089858483,0ecaa5967403d082aa24f35e1b516d23) [PhysX] Initialized MultithreadedTaskDispatcher with 8 workers.
 -> (artifact id: 'cf079791b3d095baa25b30b1b6f93b97') in 0.012154 seconds
Number of updated asset objects reloaded before import = 0
Number of asset objects unloaded after import = 1
========================================================================
Received Import Request.
  Time since last request: 0.000025 seconds.
  path: Assets/FishNet/Runtime/Observing/ObserverConditionType.cs
  artifactKey: Guid(a0a36dd46b1f5bd4993d5f5b615bb2dd) Importer(2089858483,0ecaa5967403d082aa24f35e1b516d23)
Start importing Assets/FishNet/Runtime/Observing/ObserverConditionType.cs using Guid(a0a36dd46b1f5bd4993d5f5b615bb2dd) Importer(2089858483,0ecaa5967403d082aa24f35e1b516d23) [PhysX] Initialized MultithreadedTaskDispatcher with 8 workers.
 -> (artifact id: '8d732659ccf907770da938a97259b4d7') in 0.012577 seconds
Number of updated asset objects reloaded before import = 0
Number of asset objects unloaded after import = 1
========================================================================
Received Import Request.
  Time since last request: 0.000067 seconds.
  path: Assets/FishNet/Runtime/Utility/AdaptiveLocalTransformSmoother.cs
  artifactKey: Guid(50721ce3e3600754dbc3c6e2e5446728) Importer(2089858483,0ecaa5967403d082aa24f35e1b516d23)
Start importing Assets/FishNet/Runtime/Utility/AdaptiveLocalTransformSmoother.cs using Guid(50721ce3e3600754dbc3c6e2e5446728) Importer(2089858483,0ecaa5967403d082aa24f35e1b516d23) [PhysX] Initialized MultithreadedTaskDispatcher with 8 workers.
 -> (artifact id: '86736ef64877402f52f04ee8df7bcabc') in 0.011730 seconds
Number of updated asset objects reloaded before import = 0
Number of asset objects unloaded after import = 1
========================================================================
Received Import Request.
  Time since last request: 0.000106 seconds.
  path: Assets/FishNet/Runtime/Managing/NetworkManager.QOL.cs
  artifactKey: Guid(5761633dda73e7447a3a41b87354d06e) Importer(2089858483,0ecaa5967403d082aa24f35e1b516d23)
Start importing Assets/FishNet/Runtime/Managing/NetworkManager.QOL.cs using Guid(5761633dda73e7447a3a41b87354d06e) Importer(2089858483,0ecaa5967403d082aa24f35e1b516d23) [PhysX] Initialized MultithreadedTaskDispatcher with 8 workers.
 -> (artifact id: 'e012d06235b2cd6d40141bedb09f5fdb') in 0.019183 seconds
Number of updated asset objects reloaded before import = 0
Number of asset objects unloaded after import = 1
========================================================================
Received Import Request.
  Time since last request: 0.000026 seconds.
  path: Assets/FishNet/Runtime/Object/ChangedTransformProperties.cs
  artifactKey: Guid(1870202c019b99348aaedbe2029caf33) Importer(2089858483,0ecaa5967403d082aa24f35e1b516d23)
Start importing Assets/FishNet/Runtime/Object/ChangedTransformProperties.cs using Guid(1870202c019b99348aaedbe2029caf33) Importer(2089858483,0ecaa5967403d082aa24f35e1b516d23) [PhysX] Initialized MultithreadedTaskDispatcher with 8 workers.
 -> (artifact id: '3eb3d3b77c9eb2bbae96f81035d8f663') in 0.012406 seconds
Number of updated asset objects reloaded before import = 0
Number of asset objects unloaded after import = 1
========================================================================
Received Import Request.
  Time since last request: 0.000024 seconds.
  path: Assets/FishNet/Runtime/Transporting/Channels.cs
  artifactKey: Guid(7cd503d67a974984385164c53bd3e518) Importer(2089858483,0ecaa5967403d082aa24f35e1b516d23)
Start importing Assets/FishNet/Runtime/Transporting/Channels.cs using Guid(7cd503d67a974984385164c53bd3e518) Importer(2089858483,0ecaa5967403d082aa24f35e1b516d23) [PhysX] Initialized MultithreadedTaskDispatcher with 8 workers.
 -> (artifact id: 'ea4e23dd73c5cfb5917c6cdb4d66c52a') in 0.010592 seconds
Number of updated asset objects reloaded before import = 0
Number of asset objects unloaded after import = 1
========================================================================
Received Import Request.
  Time since last request: 0.000079 seconds.
  path: Assets/FishNet/Runtime/Utility/TransformTickSmoother.cs
  artifactKey: Guid(5d265649320af034b9a4e966b0a341d4) Importer(2089858483,0ecaa5967403d082aa24f35e1b516d23)
Start importing Assets/FishNet/Runtime/Utility/TransformTickSmoother.cs using Guid(5d265649320af034b9a4e966b0a341d4) Importer(2089858483,0ecaa5967403d082aa24f35e1b516d23) [PhysX] Initialized MultithreadedTaskDispatcher with 8 workers.
 -> (artifact id: '654e5a54264d54cd21393d6d90ba4546') in 0.012725 seconds
Number of updated asset objects reloaded before import = 0
Number of asset objects unloaded after import = 1
========================================================================
Received Import Request.
  Time since last request: 0.000041 seconds.
  path: Assets/FishNet/CodeGenerating/Helpers/Extension/GetConstructor.cs
  artifactKey: Guid(1a7e03137ca78704e999f3a3dc68b953) Importer(2089858483,0ecaa5967403d082aa24f35e1b516d23)
Start importing Assets/FishNet/CodeGenerating/Helpers/Extension/GetConstructor.cs using Guid(1a7e03137ca78704e999f3a3dc68b953) Importer(2089858483,0ecaa5967403d082aa24f35e1b516d23) [PhysX] Initialized MultithreadedTaskDispatcher with 8 workers.
 -> (artifact id: 'af53faaead284baeeb3aa0ed9a65c182') in 0.012958 seconds
Number of updated asset objects reloaded before import = 0
Number of asset objects unloaded after import = 1
========================================================================
Received Import Request.
  Time since last request: 0.000029 seconds.
  path: Assets/FishNet/Runtime/Serializing/Writer.Delta.cs
  artifactKey: Guid(03955a9bd0c9a6f44886554887435672) Importer(2089858483,0ecaa5967403d082aa24f35e1b516d23)
Start importing Assets/FishNet/Runtime/Serializing/Writer.Delta.cs using Guid(03955a9bd0c9a6f44886554887435672) Importer(2089858483,0ecaa5967403d082aa24f35e1b516d23) [PhysX] Initialized MultithreadedTaskDispatcher with 8 workers.
 -> (artifact id: '4a51c4e066adec907f6812d1529762f1') in 0.011379 seconds
Number of updated asset objects reloaded before import = 0
Number of asset objects unloaded after import = 1
========================================================================
Received Import Request.
  Time since last request: 0.000026 seconds.
  path: Assets/FishNet/Runtime/Transporting/PacketId.cs
  artifactKey: Guid(3f3b7256982245b46a2925e2b94ce149) Importer(2089858483,0ecaa5967403d082aa24f35e1b516d23)
Start importing Assets/FishNet/Runtime/Transporting/PacketId.cs using Guid(3f3b7256982245b46a2925e2b94ce149) Importer(2089858483,0ecaa5967403d082aa24f35e1b516d23) [PhysX] Initialized MultithreadedTaskDispatcher with 8 workers.
 -> (artifact id: '0017581177c818ec08a054c234ef1203') in 0.013679 seconds
Number of updated asset objects reloaded before import = 0
Number of asset objects unloaded after import = 1
========================================================================
Received Import Request.
  Time since last request: 0.000022 seconds.
  path: Assets/FishNet/Runtime/Managing/NetworkManager.Pro.cs
  artifactKey: Guid(cb7fdb186794b674788273f3b211ec5b) Importer(2089858483,0ecaa5967403d082aa24f35e1b516d23)
Start importing Assets/FishNet/Runtime/Managing/NetworkManager.Pro.cs using Guid(cb7fdb186794b674788273f3b211ec5b) Importer(2089858483,0ecaa5967403d082aa24f35e1b516d23) [PhysX] Initialized MultithreadedTaskDispatcher with 8 workers.
 -> (artifact id: '9592f0e08f319bd335f14c8d8df98e40') in 0.011214 seconds
Number of updated asset objects reloaded before import = 0
Number of asset objects unloaded after import = 1
========================================================================
Received Import Request.
  Time since last request: 0.000025 seconds.
  path: Assets/FishNet/Runtime/Utility/SnappedAxes.cs
  artifactKey: Guid(0431c1ba9e0caa147aeccf016ceca606) Importer(2089858483,0ecaa5967403d082aa24f35e1b516d23)
Start importing Assets/FishNet/Runtime/Utility/SnappedAxes.cs using Guid(0431c1ba9e0caa147aeccf016ceca606) Importer(2089858483,0ecaa5967403d082aa24f35e1b516d23) [PhysX] Initialized MultithreadedTaskDispatcher with 8 workers.
 -> (artifact id: '0747566fd44e988f552bd459c2b42908') in 0.012060 seconds
Number of updated asset objects reloaded before import = 0
Number of asset objects unloaded after import = 1
========================================================================
Received Import Request.
  Time since last request: 0.000032 seconds.
  path: Assets/FishNet/Runtime/Transporting/TransportConsts.cs
  artifactKey: Guid(490a5b566793e5a4e8a97a583eab55e8) Importer(2089858483,0ecaa5967403d082aa24f35e1b516d23)
Start importing Assets/FishNet/Runtime/Transporting/TransportConsts.cs using Guid(490a5b566793e5a4e8a97a583eab55e8) Importer(2089858483,0ecaa5967403d082aa24f35e1b516d23) [PhysX] Initialized MultithreadedTaskDispatcher with 8 workers.
 -> (artifact id: '973951040e562df40b6bc63cea5c3d29') in 0.013122 seconds
Number of updated asset objects reloaded before import = 0
Number of asset objects unloaded after import = 1
========================================================================
Received Import Request.
  Time since last request: 0.000035 seconds.
  path: Assets/FishNet/Runtime/Serializing/ReaderExtensions.cs
  artifactKey: Guid(abcc77fe436138b4082ee27da3055bb3) Importer(2089858483,0ecaa5967403d082aa24f35e1b516d23)
Start importing Assets/FishNet/Runtime/Serializing/ReaderExtensions.cs using Guid(abcc77fe436138b4082ee27da3055bb3) Importer(2089858483,0ecaa5967403d082aa24f35e1b516d23) [PhysX] Initialized MultithreadedTaskDispatcher with 8 workers.
 -> (artifact id: '078af4a773699fd05730722753d4a16f') in 0.012263 seconds
Number of updated asset objects reloaded before import = 0
Number of asset objects unloaded after import = 1
========================================================================
Received Import Request.
  Time since last request: 0.000030 seconds.
  path: Assets/FishNet/Runtime/Editor/ForceInstallPreventor.cs
  artifactKey: Guid(7a0f9a4fe4875c54fa7820bc76908204) Importer(2089858483,0ecaa5967403d082aa24f35e1b516d23)
Start importing Assets/FishNet/Runtime/Editor/ForceInstallPreventor.cs using Guid(7a0f9a4fe4875c54fa7820bc76908204) Importer(2089858483,0ecaa5967403d082aa24f35e1b516d23) [PhysX] Initialized MultithreadedTaskDispatcher with 8 workers.
 -> (artifact id: 'f38dabce20880d527df6be7d0d61f5a8') in 0.013319 seconds
Number of updated asset objects reloaded before import = 0
Number of asset objects unloaded after import = 1
========================================================================
Received Import Request.
  Time since last request: 0.000029 seconds.
  path: Assets/FishNet/Runtime/Utility/ProgressiveIterator.cs
  artifactKey: Guid(9054f913fce40b34fb1478f1fe9e62e4) Importer(2089858483,0ecaa5967403d082aa24f35e1b516d23)
Start importing Assets/FishNet/Runtime/Utility/ProgressiveIterator.cs using Guid(9054f913fce40b34fb1478f1fe9e62e4) Importer(2089858483,0ecaa5967403d082aa24f35e1b516d23) [PhysX] Initialized MultithreadedTaskDispatcher with 8 workers.
 -> (artifact id: '25cf135532afec0c30d190f8db15c6ab') in 0.012740 seconds
Number of updated asset objects reloaded before import = 0
Number of asset objects unloaded after import = 1
========================================================================
Received Import Request.
  Time since last request: 0.000027 seconds.
  path: Assets/Spaceflight Controls/Meshes/Temp/fthiiclunker.obj
  artifactKey: Guid(0de70b7e2a00f574c8dc8882bd49450f) Importer(2089858483,0ecaa5967403d082aa24f35e1b516d23)
Start importing Assets/Spaceflight Controls/Meshes/Temp/fthiiclunker.obj using Guid(0de70b7e2a00f574c8dc8882bd49450f) Importer(2089858483,0ecaa5967403d082aa24f35e1b516d23) [PhysX] Initialized MultithreadedTaskDispatcher with 8 workers.
 -> (artifact id: '73b6341f5aa2db0fde849b01a799f732') in 0.063798 seconds
Number of updated asset objects reloaded before import = 0
Number of asset objects unloaded after import = 11
========================================================================
Received Import Request.
  Time since last request: 0.000026 seconds.
  path: Assets/FishNet/Runtime/Serializing/SceneComparer.cs
  artifactKey: Guid(161dbbe3995ff53479fc4e259f86549d) Importer(2089858483,0ecaa5967403d082aa24f35e1b516d23)
Start importing Assets/FishNet/Runtime/Serializing/SceneComparer.cs using Guid(161dbbe3995ff53479fc4e259f86549d) Importer(2089858483,0ecaa5967403d082aa24f35e1b516d23) [PhysX] Initialized MultithreadedTaskDispatcher with 8 workers.
 -> (artifact id: '630dcdd889167f67c261890b071f02bc') in 0.011379 seconds
Number of updated asset objects reloaded before import = 0
Number of asset objects unloaded after import = 1
========================================================================
Received Import Request.
  Time since last request: 0.000047 seconds.
  path: Assets/Spaceflight Controls/Meshes/Temp/Type1.obj
  artifactKey: Guid(5242f174cef179149876fc0633a53b9a) Importer(2089858483,0ecaa5967403d082aa24f35e1b516d23)
Start importing Assets/Spaceflight Controls/Meshes/Temp/Type1.obj using Guid(5242f174cef179149876fc0633a53b9a) Importer(2089858483,0ecaa5967403d082aa24f35e1b516d23) [PhysX] Initialized MultithreadedTaskDispatcher with 8 workers.
 -> (artifact id: '95578634e52b6b48c4fab73b4c7b67f1') in 0.036887 seconds
Number of updated asset objects reloaded before import = 0
Number of asset objects unloaded after import = 16
========================================================================
Received Import Request.
  Time since last request: 0.000026 seconds.
  path: Assets/FishNet/Runtime/Utility/Constants.cs
  artifactKey: Guid(3f2a3c23b44e4ef4e9783ef53ec0d5da) Importer(2089858483,0ecaa5967403d082aa24f35e1b516d23)
Start importing Assets/FishNet/Runtime/Utility/Constants.cs using Guid(3f2a3c23b44e4ef4e9783ef53ec0d5da) Importer(2089858483,0ecaa5967403d082aa24f35e1b516d23) [PhysX] Initialized MultithreadedTaskDispatcher with 8 workers.
 -> (artifact id: 'ffb79e2cf19a8548efc5f710b973e5ac') in 0.012227 seconds
Number of updated asset objects reloaded before import = 0
Number of asset objects unloaded after import = 1
========================================================================
Received Import Request.
  Time since last request: 0.000028 seconds.
  path: Assets/FishNet/Runtime/Managing/NetworkManager.ObjectPooling.cs
  artifactKey: Guid(a5f425d13e7c7d648971c4d6c85af23b) Importer(2089858483,0ecaa5967403d082aa24f35e1b516d23)
Start importing Assets/FishNet/Runtime/Managing/NetworkManager.ObjectPooling.cs using Guid(a5f425d13e7c7d648971c4d6c85af23b) Importer(2089858483,0ecaa5967403d082aa24f35e1b516d23) [PhysX] Initialized MultithreadedTaskDispatcher with 8 workers.
 -> (artifact id: '24a67733163401cad99e3214a2c17b2b') in 0.017708 seconds
Number of updated asset objects reloaded before import = 0
Number of asset objects unloaded after import = 2
========================================================================
Received Import Request.
  Time since last request: 0.000028 seconds.
  path: Assets/FishNet/Runtime/Utility/PrimeNumberFinder.cs
  artifactKey: Guid(e2c327a3a957646499f244ed651a7250) Importer(2089858483,0ecaa5967403d082aa24f35e1b516d23)
Start importing Assets/FishNet/Runtime/Utility/PrimeNumberFinder.cs using Guid(e2c327a3a957646499f244ed651a7250) Importer(2089858483,0ecaa5967403d082aa24f35e1b516d23) [PhysX] Initialized MultithreadedTaskDispatcher with 8 workers.
 -> (artifact id: 'ffcc5c75d513a22418caf225fbd57efd') in 0.013263 seconds
Number of updated asset objects reloaded before import = 0
Number of asset objects unloaded after import = 1
========================================================================
Received Import Request.
  Time since last request: 0.000034 seconds.
  path: Assets/FishNet/Runtime/Serializing/Writer.cs
  artifactKey: Guid(e2633f927065d9d43b8a4da09240266c) Importer(2089858483,0ecaa5967403d082aa24f35e1b516d23)
Start importing Assets/FishNet/Runtime/Serializing/Writer.cs using Guid(e2633f927065d9d43b8a4da09240266c) Importer(2089858483,0ecaa5967403d082aa24f35e1b516d23) [PhysX] Initialized MultithreadedTaskDispatcher with 8 workers.
 -> (artifact id: '9b69d4842f028bc8fbaa974a3b498ac2') in 0.012103 seconds
Number of updated asset objects reloaded before import = 0
Number of asset objects unloaded after import = 1
========================================================================
Received Import Request.
  Time since last request: 0.000035 seconds.
  path: Assets/FishNet/Runtime/Serializing/Reader.cs
  artifactKey: Guid(680939c6cee93b64ba149da2029f4308) Importer(2089858483,0ecaa5967403d082aa24f35e1b516d23)
Start importing Assets/FishNet/Runtime/Serializing/Reader.cs using Guid(680939c6cee93b64ba149da2029f4308) Importer(2089858483,0ecaa5967403d082aa24f35e1b516d23) [PhysX] Initialized MultithreadedTaskDispatcher with 8 workers.
 -> (artifact id: 'b0892f24539acfa4698c3831acf33943') in 0.013679 seconds
Number of updated asset objects reloaded before import = 0
Number of asset objects unloaded after import = 1
========================================================================
Received Import Request.
  Time since last request: 0.000024 seconds.
  path: Assets/FishNet/CodeGenerating/Helpers/Extension/Diagnostics.cs
  artifactKey: Guid(fb7b65b572b01444cbe3c9d830cd3587) Importer(2089858483,0ecaa5967403d082aa24f35e1b516d23)
Start importing Assets/FishNet/CodeGenerating/Helpers/Extension/Diagnostics.cs using Guid(fb7b65b572b01444cbe3c9d830cd3587) Importer(2089858483,0ecaa5967403d082aa24f35e1b516d23) [PhysX] Initialized MultithreadedTaskDispatcher with 8 workers.
 -> (artifact id: '045d11daf79657ef5b6c35b8441c8b16') in 0.012376 seconds
Number of updated asset objects reloaded before import = 0
Number of asset objects unloaded after import = 1
========================================================================
Received Import Request.
  Time since last request: 0.000064 seconds.
  path: Assets/FishNet/CodeGenerating/ILCore/FishNetILPP.cs
  artifactKey: Guid(f03d76b376c1d5b4591039af6fd4c9e0) Importer(2089858483,0ecaa5967403d082aa24f35e1b516d23)
Start importing Assets/FishNet/CodeGenerating/ILCore/FishNetILPP.cs using Guid(f03d76b376c1d5b4591039af6fd4c9e0) Importer(2089858483,0ecaa5967403d082aa24f35e1b516d23) [PhysX] Initialized MultithreadedTaskDispatcher with 8 workers.
 -> (artifact id: 'fd56c7f0b09668b4e4f295a7e2b64dff') in 0.014141 seconds
Number of updated asset objects reloaded before import = 0
Number of asset objects unloaded after import = 1
========================================================================
Received Import Request.
  Time since last request: 0.000024 seconds.
  path: Assets/FishNet/Demos/Benchmarks/License.txt
  artifactKey: Guid(38954353b7368554b949cf2ef1d7fb29) Importer(2089858483,0ecaa5967403d082aa24f35e1b516d23)
Start importing Assets/FishNet/Demos/Benchmarks/License.txt using Guid(38954353b7368554b949cf2ef1d7fb29) Importer(2089858483,0ecaa5967403d082aa24f35e1b516d23) [PhysX] Initialized MultithreadedTaskDispatcher with 8 workers.
 -> (artifact id: 'e215532abd0f22ed78b71a00b1aebd2f') in 0.011958 seconds
Number of updated asset objects reloaded before import = 0
Number of asset objects unloaded after import = 1
========================================================================
Received Import Request.
  Time since last request: 0.000028 seconds.
  path: Assets/FishNet/Runtime/Transporting/ConnectionStates.cs
  artifactKey: Guid(45640e2b3919981499b359ecc2154d3f) Importer(2089858483,0ecaa5967403d082aa24f35e1b516d23)
Start importing Assets/FishNet/Runtime/Transporting/ConnectionStates.cs using Guid(45640e2b3919981499b359ecc2154d3f) Importer(2089858483,0ecaa5967403d082aa24f35e1b516d23) [PhysX] Initialized MultithreadedTaskDispatcher with 8 workers.
 -> (artifact id: '7201e9d2b1f2e4346f35869da32dc05e') in 0.010708 seconds
Number of updated asset objects reloaded before import = 0
Number of asset objects unloaded after import = 1
========================================================================
Received Import Request.
  Time since last request: 0.000026 seconds.
  path: Assets/FishNet/CodeGenerating/cecil-0.11.4/README.md
  artifactKey: Guid(3bca5ad696a6f8e47b4651fa04b2cd96) Importer(2089858483,0ecaa5967403d082aa24f35e1b516d23)
Start importing Assets/FishNet/CodeGenerating/cecil-0.11.4/README.md using Guid(3bca5ad696a6f8e47b4651fa04b2cd96) Importer(2089858483,0ecaa5967403d082aa24f35e1b516d23) [PhysX] Initialized MultithreadedTaskDispatcher with 8 workers.
 -> (artifact id: 'cd48f73287db8df53fa65a460e528ceb') in 0.010502 seconds
Number of updated asset objects reloaded before import = 0
Number of asset objects unloaded after import = 1
========================================================================
Received Import Request.
  Time since last request: 0.000038 seconds.
  path: Assets/FishNet/CodeGenerating/cecil-0.11.4/ProjectInfo.cs
  artifactKey: Guid(468fd5ab13cb01b4381e9c667167b2e0) Importer(2089858483,0ecaa5967403d082aa24f35e1b516d23)
Start importing Assets/FishNet/CodeGenerating/cecil-0.11.4/ProjectInfo.cs using Guid(468fd5ab13cb01b4381e9c667167b2e0) Importer(2089858483,0ecaa5967403d082aa24f35e1b516d23) [PhysX] Initialized MultithreadedTaskDispatcher with 8 workers.
 -> (artifact id: 'd1e90473f5459fb324eab98a4f115cba') in 0.011141 seconds
Number of updated asset objects reloaded before import = 0
Number of asset objects unloaded after import = 1
========================================================================
Received Import Request.
  Time since last request: 0.000029 seconds.
  path: Assets/FishNet/Runtime/Connection/NetworkConnection.PingPong.cs
  artifactKey: Guid(20633bf6995f6534ba2b27e1eab3054d) Importer(2089858483,0ecaa5967403d082aa24f35e1b516d23)
Start importing Assets/FishNet/Runtime/Connection/NetworkConnection.PingPong.cs using Guid(20633bf6995f6534ba2b27e1eab3054d) Importer(2089858483,0ecaa5967403d082aa24f35e1b516d23) [PhysX] Initialized MultithreadedTaskDispatcher with 8 workers.
 -> (artifact id: 'd0131ae1a7b6777be0ae077a5674b85c') in 0.012198 seconds
Number of updated asset objects reloaded before import = 0
Number of asset objects unloaded after import = 1
========================================================================
Received Import Request.
  Time since last request: 0.000028 seconds.
  path: Assets/FishNet/Runtime/Serializing/GenericDeltaReader.cs
  artifactKey: Guid(4024d774dc58c64409f498ad4f406ce9) Importer(2089858483,0ecaa5967403d082aa24f35e1b516d23)
Start importing Assets/FishNet/Runtime/Serializing/GenericDeltaReader.cs using Guid(4024d774dc58c64409f498ad4f406ce9) Importer(2089858483,0ecaa5967403d082aa24f35e1b516d23) [PhysX] Initialized MultithreadedTaskDispatcher with 8 workers.
 -> (artifact id: '980d7da672171bec27116a3aa17e04ad') in 0.009892 seconds
Number of updated asset objects reloaded before import = 0
Number of asset objects unloaded after import = 1
========================================================================
Received Import Request.
  Time since last request: 0.000024 seconds.
  path: Assets/Spaceflight Controls/Textures/Reticle.png
  artifactKey: Guid(15ed754deb91fa04c94e9a55b18a2dba) Importer(2089858483,0ecaa5967403d082aa24f35e1b516d23)
Start importing Assets/Spaceflight Controls/Textures/Reticle.png using Guid(15ed754deb91fa04c94e9a55b18a2dba) Importer(2089858483,0ecaa5967403d082aa24f35e1b516d23) [PhysX] Initialized MultithreadedTaskDispatcher with 8 workers.
 -> (artifact id: 'f7a523d1c71d6ee90287d946c85ed5f7') in 0.107145 seconds
Number of updated asset objects reloaded before import = 0
Number of asset objects unloaded after import = 1
========================================================================
Received Import Request.
  Time since last request: 0.000035 seconds.
  path: Assets/FishNet/CodeGenerating/cecil-0.11.4/Mono.Cecil.sln
  artifactKey: Guid(246f31a0e00fea74a93125fec6d80da8) Importer(2089858483,0ecaa5967403d082aa24f35e1b516d23)
Start importing Assets/FishNet/CodeGenerating/cecil-0.11.4/Mono.Cecil.sln using Guid(246f31a0e00fea74a93125fec6d80da8) Importer(2089858483,0ecaa5967403d082aa24f35e1b516d23) [PhysX] Initialized MultithreadedTaskDispatcher with 8 workers.
 -> (artifact id: 'a255f8b446e64f240e9c7ac1339679f3') in 0.009339 seconds
Number of updated asset objects reloaded before import = 0
Number of asset objects unloaded after import = 1
========================================================================
Received Import Request.
  Time since last request: 0.000033 seconds.
  path: Assets/FishNet/Runtime/Serializing/ReaderStatics.cs
  artifactKey: Guid(c1f98beaf8f697d4b8bb1e6b6ef32d42) Importer(2089858483,0ecaa5967403d082aa24f35e1b516d23)
Start importing Assets/FishNet/Runtime/Serializing/ReaderStatics.cs using Guid(c1f98beaf8f697d4b8bb1e6b6ef32d42) Importer(2089858483,0ecaa5967403d082aa24f35e1b516d23) [PhysX] Initialized MultithreadedTaskDispatcher with 8 workers.
 -> (artifact id: '37a0a1636dfc961931da8fbbdb96f7a0') in 0.011429 seconds
Number of updated asset objects reloaded before import = 0
Number of asset objects unloaded after import = 1
========================================================================
Received Import Request.
  Time since last request: 0.000027 seconds.
  path: Assets/FishNet/Runtime/Object/TransformPropertiesFlag.cs
  artifactKey: Guid(67f9d37271d2b6747a71993367895814) Importer(2089858483,0ecaa5967403d082aa24f35e1b516d23)
Start importing Assets/FishNet/Runtime/Object/TransformPropertiesFlag.cs using Guid(67f9d37271d2b6747a71993367895814) Importer(2089858483,0ecaa5967403d082aa24f35e1b516d23) [PhysX] Initialized MultithreadedTaskDispatcher with 8 workers.
 -> (artifact id: '33372a41990c70e5e5d0e2919a2d886f') in 0.009593 seconds
Number of updated asset objects reloaded before import = 0
Number of asset objects unloaded after import = 1
========================================================================
Received Import Request.
  Time since last request: 0.000024 seconds.
  path: Assets/FishNet/CodeGenerating/Processing/WriterProcessor.cs
  artifactKey: Guid(2a4021bd44dc40f47abb494e0a4326f9) Importer(2089858483,0ecaa5967403d082aa24f35e1b516d23)
Start importing Assets/FishNet/CodeGenerating/Processing/WriterProcessor.cs using Guid(2a4021bd44dc40f47abb494e0a4326f9) Importer(2089858483,0ecaa5967403d082aa24f35e1b516d23) [PhysX] Initialized MultithreadedTaskDispatcher with 8 workers.
 -> (artifact id: '77393fc9b0ea2e85bdf22a44770e8f7e') in 0.013246 seconds
Number of updated asset objects reloaded before import = 0
Number of asset objects unloaded after import = 1
========================================================================
Received Import Request.
  Time since last request: 0.000026 seconds.
  path: Assets/FishNet/CodeGenerating/Extension/MethodDefinitionExtensions.cs
  artifactKey: Guid(866ed457fe28c3e4b9698d87b9abd709) Importer(2089858483,0ecaa5967403d082aa24f35e1b516d23)
Start importing Assets/FishNet/CodeGenerating/Extension/MethodDefinitionExtensions.cs using Guid(866ed457fe28c3e4b9698d87b9abd709) Importer(2089858483,0ecaa5967403d082aa24f35e1b516d23) [PhysX] Initialized MultithreadedTaskDispatcher with 8 workers.
 -> (artifact id: '4653cdcb1bc35d0a32c7006fff01b21d') in 0.011822 seconds
Number of updated asset objects reloaded before import = 0
Number of asset objects unloaded after import = 1
========================================================================
Received Import Request.
  Time since last request: 0.000027 seconds.
  path: Assets/Spaceflight Controls/Resources/Bullet.prefab
  artifactKey: Guid(66405a5a840355b489214db60c64d3b5) Importer(2089858483,0ecaa5967403d082aa24f35e1b516d23)
Start importing Assets/Spaceflight Controls/Resources/Bullet.prefab using Guid(66405a5a840355b489214db60c64d3b5) Importer(2089858483,0ecaa5967403d082aa24f35e1b516d23) [PhysX] Initialized MultithreadedTaskDispatcher with 8 workers.
 -> (artifact id: '9440781051723807506e6edc0b48f1dc') in 0.172563 seconds
Number of updated asset objects reloaded before import = 0
Number of asset objects unloaded after import = 15
========================================================================
Received Import Request.
  Time since last request: 0.000034 seconds.
  path: Assets/FishNet/CodeGenerating/cecil-0.11.4/Mono.Cecil/ExportedType.cs
  artifactKey: Guid(b7fa6f0bdd43c0d44a63cd789a765eeb) Importer(2089858483,0ecaa5967403d082aa24f35e1b516d23)
Start importing Assets/FishNet/CodeGenerating/cecil-0.11.4/Mono.Cecil/ExportedType.cs using Guid(b7fa6f0bdd43c0d44a63cd789a765eeb) Importer(2089858483,0ecaa5967403d082aa24f35e1b516d23) [PhysX] Initialized MultithreadedTaskDispatcher with 8 workers.
 -> (artifact id: '598e7325121fcf89582fea8ba6532893') in 0.013173 seconds
Number of updated asset objects reloaded before import = 0
Number of asset objects unloaded after import = 1
========================================================================
Received Import Request.
  Time since last request: 0.000046 seconds.
  path: Assets/FishNet/CodeGenerating/cecil-0.11.4/Mono.Cecil/IMetadataTokenProvider.cs
  artifactKey: Guid(c01133d3a99e95542b153987746696d1) Importer(2089858483,0ecaa5967403d082aa24f35e1b516d23)
Start importing Assets/FishNet/CodeGenerating/cecil-0.11.4/Mono.Cecil/IMetadataTokenProvider.cs using Guid(c01133d3a99e95542b153987746696d1) Importer(2089858483,0ecaa5967403d082aa24f35e1b516d23) [PhysX] Initialized MultithreadedTaskDispatcher with 8 workers.
 -> (artifact id: '7dbea1339b92c0204ec5366b21dfa189') in 0.012644 seconds
Number of updated asset objects reloaded before import = 0
Number of asset objects unloaded after import = 1
========================================================================
Received Import Request.
  Time since last request: 0.000028 seconds.
  path: Assets/FishNet/CodeGenerating/Helpers/Typed/SerializatierType.cs
  artifactKey: Guid(e7f1bbf5c398c3e4e92e53ec3e49d5e9) Importer(2089858483,0ecaa5967403d082aa24f35e1b516d23)
Start importing Assets/FishNet/CodeGenerating/Helpers/Typed/SerializatierType.cs using Guid(e7f1bbf5c398c3e4e92e53ec3e49d5e9) Importer(2089858483,0ecaa5967403d082aa24f35e1b516d23) [PhysX] Initialized MultithreadedTaskDispatcher with 8 workers.
 -> (artifact id: '6ca8f1853c65a9cc74a815bb26118327') in 0.012397 seconds
Number of updated asset objects reloaded before import = 0
Number of asset objects unloaded after import = 1
========================================================================
Received Import Request.
  Time since last request: 0.000024 seconds.
  path: Assets/FishNet/CodeGenerating/cecil-0.11.4/Mono.Cecil/MethodReferenceComparer.cs
  artifactKey: Guid(e61a3569af766524884d80a918529ab8) Importer(2089858483,0ecaa5967403d082aa24f35e1b516d23)
Start importing Assets/FishNet/CodeGenerating/cecil-0.11.4/Mono.Cecil/MethodReferenceComparer.cs using Guid(e61a3569af766524884d80a918529ab8) Importer(2089858483,0ecaa5967403d082aa24f35e1b516d23) [PhysX] Initialized MultithreadedTaskDispatcher with 8 workers.
 -> (artifact id: 'bad7a74bd31aa365a723bf718edfc198') in 0.013217 seconds
Number of updated asset objects reloaded before import = 0
Number of asset objects unloaded after import = 1
========================================================================
Received Import Request.
  Time since last request: 0.000023 seconds.
  path: Assets/FishNet/CodeGenerating/Processing/Rpc/CreatedRpc.cs
  artifactKey: Guid(c2176b6bfcc49934d8f36fba3df74d0c) Importer(2089858483,0ecaa5967403d082aa24f35e1b516d23)
Start importing Assets/FishNet/CodeGenerating/Processing/Rpc/CreatedRpc.cs using Guid(c2176b6bfcc49934d8f36fba3df74d0c) Importer(2089858483,0ecaa5967403d082aa24f35e1b516d23) [PhysX] Initialized MultithreadedTaskDispatcher with 8 workers.
 -> (artifact id: 'eb35e54c880994b9c6c671191ab0df59') in 0.011429 seconds
Number of updated asset objects reloaded before import = 0
Number of asset objects unloaded after import = 1
========================================================================
Received Import Request.
  Time since last request: 0.000026 seconds.
  path: Assets/FishNet/CodeGenerating/cecil-0.11.4/Mono.Cecil/IGenericParameterProvider.cs
  artifactKey: Guid(c81842a9d1ff34f4b94b047da954469f) Importer(2089858483,0ecaa5967403d082aa24f35e1b516d23)
Start importing Assets/FishNet/CodeGenerating/cecil-0.11.4/Mono.Cecil/IGenericParameterProvider.cs using Guid(c81842a9d1ff34f4b94b047da954469f) Importer(2089858483,0ecaa5967403d082aa24f35e1b516d23) [PhysX] Initialized MultithreadedTaskDispatcher with 8 workers.
 -> (artifact id: '142a7290c0282610f29a7c9bae622083') in 0.013684 seconds
Number of updated asset objects reloaded before import = 0
Number of asset objects unloaded after import = 1
========================================================================
Received Import Request.
  Time since last request: 0.000022 seconds.
  path: Assets/FishNet/CodeGenerating/cecil-0.11.4/Mono.Cecil/MetadataSystem.cs
  artifactKey: Guid(6ea39c5122499d14fbca126d3ed39890) Importer(2089858483,0ecaa5967403d082aa24f35e1b516d23)
Start importing Assets/FishNet/CodeGenerating/cecil-0.11.4/Mono.Cecil/MetadataSystem.cs using Guid(6ea39c5122499d14fbca126d3ed39890) Importer(2089858483,0ecaa5967403d082aa24f35e1b516d23) [PhysX] Initialized MultithreadedTaskDispatcher with 8 workers.
 -> (artifact id: '5a110a3563be1714b96ec2515ac0a902') in 0.011824 seconds
Number of updated asset objects reloaded before import = 0
Number of asset objects unloaded after import = 1
========================================================================
Received Import Request.
  Time since last request: 0.000028 seconds.
  path: Assets/FishNet/CodeGenerating/cecil-0.11.4/Mono.Cecil/GenericParameterAttributes.cs
  artifactKey: Guid(406369465fc07a643b3923d53fb1e941) Importer(2089858483,0ecaa5967403d082aa24f35e1b516d23)
Start importing Assets/FishNet/CodeGenerating/cecil-0.11.4/Mono.Cecil/GenericParameterAttributes.cs using Guid(406369465fc07a643b3923d53fb1e941) Importer(2089858483,0ecaa5967403d082aa24f35e1b516d23) [PhysX] Initialized MultithreadedTaskDispatcher with 8 workers.
 -> (artifact id: '956ea080f6f2ca13545ffeb23bfa08a5') in 0.012019 seconds
Number of updated asset objects reloaded before import = 0
Number of asset objects unloaded after import = 1
========================================================================
Received Import Request.
  Time since last request: 0.000024 seconds.
  path: Assets/FishNet/CodeGenerating/Helpers/Typed/SyncIndexData.cs
  artifactKey: Guid(55f2e751e4788464b8394f6b8bdb548a) Importer(2089858483,0ecaa5967403d082aa24f35e1b516d23)
Start importing Assets/FishNet/CodeGenerating/Helpers/Typed/SyncIndexData.cs using Guid(55f2e751e4788464b8394f6b8bdb548a) Importer(2089858483,0ecaa5967403d082aa24f35e1b516d23) [PhysX] Initialized MultithreadedTaskDispatcher with 8 workers.
 -> (artifact id: '005225d11a62bee3353b6e8c5eb62c7a') in 0.015132 seconds
Number of updated asset objects reloaded before import = 0
Number of asset objects unloaded after import = 1
========================================================================
Received Import Request.
  Time since last request: 0.000024 seconds.
  path: Assets/FishNet/CodeGenerating/cecil-0.11.4/Mono.Cecil/IMemberDefinition.cs
  artifactKey: Guid(482577ba8693d3f438504e54d6edb971) Importer(2089858483,0ecaa5967403d082aa24f35e1b516d23)
Start importing Assets/FishNet/CodeGenerating/cecil-0.11.4/Mono.Cecil/IMemberDefinition.cs using Guid(482577ba8693d3f438504e54d6edb971) Importer(2089858483,0ecaa5967403d082aa24f35e1b516d23) [PhysX] Initialized MultithreadedTaskDispatcher with 8 workers.
 -> (artifact id: 'cd0b7ecc222df4fb0edc8601cbc15e88') in 0.012969 seconds
Number of updated asset objects reloaded before import = 0
Number of asset objects unloaded after import = 1
========================================================================
Received Import Request.
  Time since last request: 0.000102 seconds.
  path: Assets/FishNet/CodeGenerating/Processing/Prediction/PredictionProcessor.cs
  artifactKey: Guid(d0663606e86b0b34bae85df164747e72) Importer(2089858483,0ecaa5967403d082aa24f35e1b516d23)
Start importing Assets/FishNet/CodeGenerating/Processing/Prediction/PredictionProcessor.cs using Guid(d0663606e86b0b34bae85df164747e72) Importer(2089858483,0ecaa5967403d082aa24f35e1b516d23) [PhysX] Initialized MultithreadedTaskDispatcher with 8 workers.
 -> (artifact id: '778bf2a262323245451a18a5499a07ab') in 0.014233 seconds
Number of updated asset objects reloaded before import = 0
Number of asset objects unloaded after import = 1
========================================================================
Received Import Request.
  Time since last request: 0.000027 seconds.
  path: Assets/FishNet/CodeGenerating/cecil-0.11.4/Mono.Cecil/FieldReference.cs
  artifactKey: Guid(990be2becde06b4468f79bd17646a47a) Importer(2089858483,0ecaa5967403d082aa24f35e1b516d23)
Start importing Assets/FishNet/CodeGenerating/cecil-0.11.4/Mono.Cecil/FieldReference.cs using Guid(990be2becde06b4468f79bd17646a47a) Importer(2089858483,0ecaa5967403d082aa24f35e1b516d23) [PhysX] Initialized MultithreadedTaskDispatcher with 8 workers.
 -> (artifact id: '70e6f926652c768a327bbd0e737ca402') in 0.012274 seconds
Number of updated asset objects reloaded before import = 0
Number of asset objects unloaded after import = 1
========================================================================
Received Import Request.
  Time since last request: 0.000025 seconds.
  path: Assets/FishNet/CodeGenerating/Helpers/Typed/QOLAttributeType.cs
  artifactKey: Guid(357a22940018b8e49976e13272c5b2ef) Importer(2089858483,0ecaa5967403d082aa24f35e1b516d23)
Start importing Assets/FishNet/CodeGenerating/Helpers/Typed/QOLAttributeType.cs using Guid(357a22940018b8e49976e13272c5b2ef) Importer(2089858483,0ecaa5967403d082aa24f35e1b516d23) [PhysX] Initialized MultithreadedTaskDispatcher with 8 workers.
 -> (artifact id: '2a28d4dc955f88d41f2747030f30bcd7') in 0.011951 seconds
Number of updated asset objects reloaded before import = 0
Number of asset objects unloaded after import = 1
========================================================================
Received Import Request.
  Time since last request: 0.000032 seconds.
  path: Assets/FishNet/CodeGenerating/cecil-0.11.4/Mono/Empty.cs
  artifactKey: Guid(4662c38d1a951c24b89aeae3390acd39) Importer(2089858483,0ecaa5967403d082aa24f35e1b516d23)
Start importing Assets/FishNet/CodeGenerating/cecil-0.11.4/Mono/Empty.cs using Guid(4662c38d1a951c24b89aeae3390acd39) Importer(2089858483,0ecaa5967403d082aa24f35e1b516d23) [PhysX] Initialized MultithreadedTaskDispatcher with 8 workers.
 -> (artifact id: 'af442431f30530095fbe847bd8bca6b7') in 0.011982 seconds
Number of updated asset objects reloaded before import = 0
Number of asset objects unloaded after import = 1
========================================================================
Received Import Request.
  Time since last request: 0.000071 seconds.
  path: Assets/FishNet/CodeGenerating/cecil-0.11.4/Mono.Cecil/DefaultAssemblyResolver.cs
  artifactKey: Guid(5390b4f18cb83c046baaaa937fec06a7) Importer(2089858483,0ecaa5967403d082aa24f35e1b516d23)
Start importing Assets/FishNet/CodeGenerating/cecil-0.11.4/Mono.Cecil/DefaultAssemblyResolver.cs using Guid(5390b4f18cb83c046baaaa937fec06a7) Importer(2089858483,0ecaa5967403d082aa24f35e1b516d23) [PhysX] Initialized MultithreadedTaskDispatcher with 8 workers.
 -> (artifact id: '69886ebcb708f5ff0252fc3fb94f0b5d') in 0.016146 seconds
Number of updated asset objects reloaded before import = 0
Number of asset objects unloaded after import = 1
========================================================================
Received Import Request.
  Time since last request: 0.000031 seconds.
  path: Assets/FishNet/CodeGenerating/cecil-0.11.4/Mono.Cecil/EventAttributes.cs
  artifactKey: Guid(20c18be3d45bbf84d82732fd16751df3) Importer(2089858483,0ecaa5967403d082aa24f35e1b516d23)
Start importing Assets/FishNet/CodeGenerating/cecil-0.11.4/Mono.Cecil/EventAttributes.cs using Guid(20c18be3d45bbf84d82732fd16751df3) Importer(2089858483,0ecaa5967403d082aa24f35e1b516d23) [PhysX] Initialized MultithreadedTaskDispatcher with 8 workers.
 -> (artifact id: '1587573837b4a05f50412d70f9bb18f4') in 0.013753 seconds
Number of updated asset objects reloaded before import = 0
Number of asset objects unloaded after import = 1
========================================================================
Received Import Request.
  Time since last request: 0.000032 seconds.
  path: Assets/FishNet/CodeGenerating/cecil-0.11.4/Mono.Cecil/NativeType.cs
  artifactKey: Guid(bb32c8b42f4f314448ff4b2c7eae0533) Importer(2089858483,0ecaa5967403d082aa24f35e1b516d23)
Start importing Assets/FishNet/CodeGenerating/cecil-0.11.4/Mono.Cecil/NativeType.cs using Guid(bb32c8b42f4f314448ff4b2c7eae0533) Importer(2089858483,0ecaa5967403d082aa24f35e1b516d23) [PhysX] Initialized MultithreadedTaskDispatcher with 8 workers.
 -> (artifact id: '3a7143ac63f29b67b37f01a632a730dc') in 0.011513 seconds
Number of updated asset objects reloaded before import = 0
Number of asset objects unloaded after import = 1
========================================================================
Received Import Request.
  Time since last request: 0.000024 seconds.
  path: Assets/FishNet/CodeGenerating/cecil-0.11.4/Mono.Cecil/AssemblyInfo.cs
  artifactKey: Guid(ff23d7231ddfa574b816532360874834) Importer(2089858483,0ecaa5967403d082aa24f35e1b516d23)
Start importing Assets/FishNet/CodeGenerating/cecil-0.11.4/Mono.Cecil/AssemblyInfo.cs using Guid(ff23d7231ddfa574b816532360874834) Importer(2089858483,0ecaa5967403d082aa24f35e1b516d23) [PhysX] Initialized MultithreadedTaskDispatcher with 8 workers.
 -> (artifact id: 'dba2e51e89de6e0f917674363a0849c1') in 0.012354 seconds
Number of updated asset objects reloaded before import = 0
Number of asset objects unloaded after import = 1
========================================================================
Received Import Request.
  Time since last request: 0.000025 seconds.
  path: Assets/FishNet/CodeGenerating/cecil-0.11.4/Mono.Cecil/GenericParameter.cs
  artifactKey: Guid(a20d39eab5fe7884c8cdf55fde143904) Importer(2089858483,0ecaa5967403d082aa24f35e1b516d23)
Start importing Assets/FishNet/CodeGenerating/cecil-0.11.4/Mono.Cecil/GenericParameter.cs using Guid(a20d39eab5fe7884c8cdf55fde143904) Importer(2089858483,0ecaa5967403d082aa24f35e1b516d23) [PhysX] Initialized MultithreadedTaskDispatcher with 8 workers.
 -> (artifact id: '0b494e5dcf935044103e86845bd1265e') in 0.014167 seconds
Number of updated asset objects reloaded before import = 0
Number of asset objects unloaded after import = 1
========================================================================
Received Import Request.
  Time since last request: 0.000025 seconds.
  path: Assets/FishNet/CodeGenerating/cecil-0.11.4/Mono.Cecil/ParameterReference.cs
  artifactKey: Guid(0643ce0ca6e47bf4e92518aed8a3a955) Importer(2089858483,0ecaa5967403d082aa24f35e1b516d23)
Start importing Assets/FishNet/CodeGenerating/cecil-0.11.4/Mono.Cecil/ParameterReference.cs using Guid(0643ce0ca6e47bf4e92518aed8a3a955) Importer(2089858483,0ecaa5967403d082aa24f35e1b516d23) [PhysX] Initialized MultithreadedTaskDispatcher with 8 workers.
 -> (artifact id: '3d15af09a9758cf755fec7c57ce5a1b0') in 0.012258 seconds
Number of updated asset objects reloaded before import = 0
Number of asset objects unloaded after import = 1
========================================================================
Received Import Request.
  Time since last request: 0.000044 seconds.
  path: Assets/FishNet/CodeGenerating/Helpers/Typed/SyncType.cs
  artifactKey: Guid(44c753d6ac0c7864c9962d91703b2afe) Importer(2089858483,0ecaa5967403d082aa24f35e1b516d23)
Start importing Assets/FishNet/CodeGenerating/Helpers/Typed/SyncType.cs using Guid(44c753d6ac0c7864c9962d91703b2afe) Importer(2089858483,0ecaa5967403d082aa24f35e1b516d23) [PhysX] Initialized MultithreadedTaskDispatcher with 8 workers.
 -> (artifact id: 'eabe8b525185898e2ff3e34e44cad4ce') in 0.011419 seconds
Number of updated asset objects reloaded before import = 0
Number of asset objects unloaded after import = 1
========================================================================
Received Import Request.
  Time since last request: 0.000025 seconds.
  path: Assets/FishNet/CodeGenerating/cecil-0.11.4/Mono.Cecil/Import.cs
  artifactKey: Guid(fa57d261f1a90c746abaef3d59b4c655) Importer(2089858483,0ecaa5967403d082aa24f35e1b516d23)
Start importing Assets/FishNet/CodeGenerating/cecil-0.11.4/Mono.Cecil/Import.cs using Guid(fa57d261f1a90c746abaef3d59b4c655) Importer(2089858483,0ecaa5967403d082aa24f35e1b516d23) [PhysX] Initialized MultithreadedTaskDispatcher with 8 workers.
 -> (artifact id: 'dfb49ddb6b497e6f2a2592cc3c87b30d') in 0.013467 seconds
Number of updated asset objects reloaded before import = 0
Number of asset objects unloaded after import = 1
========================================================================
Received Import Request.
  Time since last request: 0.000036 seconds.
  path: Assets/FishNet/CodeGenerating/cecil-0.11.4/Mono.Cecil/AssemblyHashAlgorithm.cs
  artifactKey: Guid(b200bdec09584af41bd3f656e091cccf) Importer(2089858483,0ecaa5967403d082aa24f35e1b516d23)
Start importing Assets/FishNet/CodeGenerating/cecil-0.11.4/Mono.Cecil/AssemblyHashAlgorithm.cs using Guid(b200bdec09584af41bd3f656e091cccf) Importer(2089858483,0ecaa5967403d082aa24f35e1b516d23) [PhysX] Initialized MultithreadedTaskDispatcher with 8 workers.
 -> (artifact id: 'a015c026410e9a2aac82b52fa5ac0646') in 0.012438 seconds
Number of updated asset objects reloaded before import = 0
Number of asset objects unloaded after import = 1
========================================================================
Received Import Request.
  Time since last request: 0.000026 seconds.
  path: Assets/FishNet/CodeGenerating/cecil-0.11.4/Mono.Cecil/AssemblyNameReference.cs
  artifactKey: Guid(fdaf7563058f3f54ba3e6b32c888eb3c) Importer(2089858483,0ecaa5967403d082aa24f35e1b516d23)
Start importing Assets/FishNet/CodeGenerating/cecil-0.11.4/Mono.Cecil/AssemblyNameReference.cs using Guid(fdaf7563058f3f54ba3e6b32c888eb3c) Importer(2089858483,0ecaa5967403d082aa24f35e1b516d23) [PhysX] Initialized MultithreadedTaskDispatcher with 8 workers.
 -> (artifact id: '73893e42150330d2859c83f22d505268') in 0.012028 seconds
Number of updated asset objects reloaded before import = 0
Number of asset objects unloaded after import = 1
========================================================================
Received Import Request.
  Time since last request: 0.000026 seconds.
  path: Assets/FishNet/CodeGenerating/cecil-0.11.4/Mono.Cecil/MethodSemanticsAttributes.cs
  artifactKey: Guid(d6ed7cb61b1647749854923d7f4f2c4e) Importer(2089858483,0ecaa5967403d082aa24f35e1b516d23)
Start importing Assets/FishNet/CodeGenerating/cecil-0.11.4/Mono.Cecil/MethodSemanticsAttributes.cs using Guid(d6ed7cb61b1647749854923d7f4f2c4e) Importer(2089858483,0ecaa5967403d082aa24f35e1b516d23) [PhysX] Initialized MultithreadedTaskDispatcher with 8 workers.
 -> (artifact id: '8f3247bfad818e6fa5a147306fb20cbb') in 0.012902 seconds
Number of updated asset objects reloaded before import = 0
Number of asset objects unloaded after import = 1
========================================================================
Received Import Request.
  Time since last request: 0.000024 seconds.
  path: Assets/FishNet/CodeGenerating/cecil-0.11.4/Mono.Cecil/ParameterDefinitionCollection.cs
  artifactKey: Guid(01e788194a3a3604784e347ac41ec6b1) Importer(2089858483,0ecaa5967403d082aa24f35e1b516d23)
Start importing Assets/FishNet/CodeGenerating/cecil-0.11.4/Mono.Cecil/ParameterDefinitionCollection.cs using Guid(01e788194a3a3604784e347ac41ec6b1) Importer(2089858483,0ecaa5967403d082aa24f35e1b516d23) [PhysX] Initialized MultithreadedTaskDispatcher with 8 workers.
 -> (artifact id: '9bf5bcaa8fbbc4f9425ef4a3844729d7') in 0.012804 seconds
Number of updated asset objects reloaded before import = 0
Number of asset objects unloaded after import = 1
========================================================================
Received Import Request.
  Time since last request: 0.000033 seconds.
  path: Assets/FishNet/CodeGenerating/Helpers/Extension/ModuleDefinitionExtensions.cs
  artifactKey: Guid(42648785493390646898f5fa13e1dfd6) Importer(2089858483,0ecaa5967403d082aa24f35e1b516d23)
Start importing Assets/FishNet/CodeGenerating/Helpers/Extension/ModuleDefinitionExtensions.cs using Guid(42648785493390646898f5fa13e1dfd6) Importer(2089858483,0ecaa5967403d082aa24f35e1b516d23) [PhysX] Initialized MultithreadedTaskDispatcher with 8 workers.
 -> (artifact id: '20a6967de824234e6b2b15c186359744') in 0.014856 seconds
Number of updated asset objects reloaded before import = 0
Number of asset objects unloaded after import = 1
========================================================================
Received Import Request.
  Time since last request: 0.000111 seconds.
  path: Assets/FishNet/CodeGenerating/cecil-0.11.4/Mono.Cecil/ModuleDefinition.cs
  artifactKey: Guid(be36668e876daba419d4cf3aa5e8cac9) Importer(2089858483,0ecaa5967403d082aa24f35e1b516d23)
Start importing Assets/FishNet/CodeGenerating/cecil-0.11.4/Mono.Cecil/ModuleDefinition.cs using Guid(be36668e876daba419d4cf3aa5e8cac9) Importer(2089858483,0ecaa5967403d082aa24f35e1b516d23) [PhysX] Initialized MultithreadedTaskDispatcher with 8 workers.
 -> (artifact id: '142240fd3c2cfc92f9457bcbb72ee29d') in 0.011889 seconds
Number of updated asset objects reloaded before import = 0
Number of asset objects unloaded after import = 1
========================================================================
Received Import Request.
  Time since last request: 0.000024 seconds.
  path: Assets/FishNet/CodeGenerating/cecil-0.11.4/Mono.Cecil/IConstantProvider.cs
  artifactKey: Guid(58315b928b9e49540b9d1591523c92c6) Importer(2089858483,0ecaa5967403d082aa24f35e1b516d23)
Start importing Assets/FishNet/CodeGenerating/cecil-0.11.4/Mono.Cecil/IConstantProvider.cs using Guid(58315b928b9e49540b9d1591523c92c6) Importer(2089858483,0ecaa5967403d082aa24f35e1b516d23) [PhysX] Initialized MultithreadedTaskDispatcher with 8 workers.
 -> (artifact id: '26a8da33254b1afb63a36e16e7aa1a57') in 0.012679 seconds
Number of updated asset objects reloaded before import = 0
Number of asset objects unloaded after import = 1
========================================================================
Received Import Request.
  Time since last request: 0.000025 seconds.
  path: Assets/FishNet/CodeGenerating/cecil-0.11.4/Mono.Cecil/ParameterDefinition.cs
  artifactKey: Guid(b6759139d8b53974087e609a88da6072) Importer(2089858483,0ecaa5967403d082aa24f35e1b516d23)
Start importing Assets/FishNet/CodeGenerating/cecil-0.11.4/Mono.Cecil/ParameterDefinition.cs using Guid(b6759139d8b53974087e609a88da6072) Importer(2089858483,0ecaa5967403d082aa24f35e1b516d23) [PhysX] Initialized MultithreadedTaskDispatcher with 8 workers.
 -> (artifact id: 'a60692117cef1843dd919b55cc3c2f83') in 0.012647 seconds
Number of updated asset objects reloaded before import = 0
Number of asset objects unloaded after import = 1
========================================================================
Received Import Request.
  Time since last request: 0.000028 seconds.
  path: Assets/FishNet/CodeGenerating/cecil-0.11.4/Mono.Cecil/FieldAttributes.cs
  artifactKey: Guid(8e9187082e8fc1446a8c2aa12d8f3fa4) Importer(2089858483,0ecaa5967403d082aa24f35e1b516d23)
Start importing Assets/FishNet/CodeGenerating/cecil-0.11.4/Mono.Cecil/FieldAttributes.cs using Guid(8e9187082e8fc1446a8c2aa12d8f3fa4) Importer(2089858483,0ecaa5967403d082aa24f35e1b516d23) [PhysX] Initialized MultithreadedTaskDispatcher with 8 workers.
 -> (artifact id: 'c776e0c0e7c1c33e0e854315de3fdec4') in 0.011764 seconds
Number of updated asset objects reloaded before import = 0
Number of asset objects unloaded after import = 1
========================================================================
Received Import Request.
  Time since last request: 0.000037 seconds.
  path: Assets/FishNet/CodeGenerating/Helpers/Extension/ParameterDefinitionExtensions.cs
  artifactKey: Guid(31071055a2e388141b8f11e1ba4e147e) Importer(2089858483,0ecaa5967403d082aa24f35e1b516d23)
Start importing Assets/FishNet/CodeGenerating/Helpers/Extension/ParameterDefinitionExtensions.cs using Guid(31071055a2e388141b8f11e1ba4e147e) Importer(2089858483,0ecaa5967403d082aa24f35e1b516d23) [PhysX] Initialized MultithreadedTaskDispatcher with 8 workers.
 -> (artifact id: '48079e819514e724c1abe9848ea836af') in 0.014081 seconds
Number of updated asset objects reloaded before import = 0
Number of asset objects unloaded after import = 1
========================================================================
Received Import Request.
  Time since last request: 0.000038 seconds.
  path: Assets/FishNet/CodeGenerating/Helpers/Extension/MethodReferenceExtensions.cs
  artifactKey: Guid(ee1c15a06ab386e439ec5aa41e3496f7) Importer(2089858483,0ecaa5967403d082aa24f35e1b516d23)
Start importing Assets/FishNet/CodeGenerating/Helpers/Extension/MethodReferenceExtensions.cs using Guid(ee1c15a06ab386e439ec5aa41e3496f7) Importer(2089858483,0ecaa5967403d082aa24f35e1b516d23) [PhysX] Initialized MultithreadedTaskDispatcher with 8 workers.
 -> (artifact id: '2c193751a170e2d5db55f09b4222f8c1') in 0.013212 seconds
Number of updated asset objects reloaded before import = 0
Number of asset objects unloaded after import = 1
========================================================================
Received Import Request.
  Time since last request: 0.000025 seconds.
  path: Assets/FishNet/CodeGenerating/cecil-0.11.4/Mono.Cecil/AssemblyFlags.cs
  artifactKey: Guid(257c8151138cda34dafbe0ca56ebedf4) Importer(2089858483,0ecaa5967403d082aa24f35e1b516d23)
Start importing Assets/FishNet/CodeGenerating/cecil-0.11.4/Mono.Cecil/AssemblyFlags.cs using Guid(257c8151138cda34dafbe0ca56ebedf4) Importer(2089858483,0ecaa5967403d082aa24f35e1b516d23) [PhysX] Initialized MultithreadedTaskDispatcher with 8 workers.
 -> (artifact id: '787012a5de24625821f303ee490bf8dc') in 0.012583 seconds
Number of updated asset objects reloaded before import = 0
Number of asset objects unloaded after import = 1
========================================================================
Received Import Request.
  Time since last request: 0.000023 seconds.
  path: Assets/FishNet/CodeGenerating/cecil-0.11.4/Mono.Cecil/CustomAttribute.cs
  artifactKey: Guid(91db4bc8250b4b949bf262a196c9c0c9) Importer(2089858483,0ecaa5967403d082aa24f35e1b516d23)
Start importing Assets/FishNet/CodeGenerating/cecil-0.11.4/Mono.Cecil/CustomAttribute.cs using Guid(91db4bc8250b4b949bf262a196c9c0c9) Importer(2089858483,0ecaa5967403d082aa24f35e1b516d23) [PhysX] Initialized MultithreadedTaskDispatcher with 8 workers.
 -> (artifact id: 'e4e1eea2a16ce819bc68ba50dd860c0a') in 0.015223 seconds
Number of updated asset objects reloaded before import = 0
Number of asset objects unloaded after import = 1
========================================================================
Received Import Request.
  Time since last request: 0.000025 seconds.
  path: Assets/FishNet/CodeGenerating/cecil-0.11.4/Mono.Cecil/PInvokeAttributes.cs
  artifactKey: Guid(cf3019a5e2270654abca972684f5c2f9) Importer(2089858483,0ecaa5967403d082aa24f35e1b516d23)
Start importing Assets/FishNet/CodeGenerating/cecil-0.11.4/Mono.Cecil/PInvokeAttributes.cs using Guid(cf3019a5e2270654abca972684f5c2f9) Importer(2089858483,0ecaa5967403d082aa24f35e1b516d23) [PhysX] Initialized MultithreadedTaskDispatcher with 8 workers.
 -> (artifact id: '24769aee33374c305e7e3c67ba911e28') in 0.012495 seconds
Number of updated asset objects reloaded before import = 0
Number of asset objects unloaded after import = 1
========================================================================
Received Import Request.
  Time since last request: 0.000023 seconds.
  path: Assets/FishNet/CodeGenerating/cecil-0.11.4/Mono.Cecil/ModuleReference.cs
  artifactKey: Guid(2b28049ba3ae6394dbe9f227aaf9c88e) Importer(2089858483,0ecaa5967403d082aa24f35e1b516d23)
Start importing Assets/FishNet/CodeGenerating/cecil-0.11.4/Mono.Cecil/ModuleReference.cs using Guid(2b28049ba3ae6394dbe9f227aaf9c88e) Importer(2089858483,0ecaa5967403d082aa24f35e1b516d23) [PhysX] Initialized MultithreadedTaskDispatcher with 8 workers.
 -> (artifact id: '124f4fafe08dde6f30c45c627d55a6e8') in 0.013232 seconds
Number of updated asset objects reloaded before import = 0
Number of asset objects unloaded after import = 1
========================================================================
Received Import Request.
  Time since last request: 0.000026 seconds.
  path: Assets/FishNet/CodeGenerating/Processing/Rpc/Attributes.cs
  artifactKey: Guid(974ebf09757267941a86f92e5072258c) Importer(2089858483,0ecaa5967403d082aa24f35e1b516d23)
Start importing Assets/FishNet/CodeGenerating/Processing/Rpc/Attributes.cs using Guid(974ebf09757267941a86f92e5072258c) Importer(2089858483,0ecaa5967403d082aa24f35e1b516d23) [PhysX] Initialized MultithreadedTaskDispatcher with 8 workers.
 -> (artifact id: '53450d7215ba2eb5f6023a878efce849') in 0.013671 seconds
Number of updated asset objects reloaded before import = 0
Number of asset objects unloaded after import = 1
========================================================================
Received Import Request.
  Time since last request: 0.000049 seconds.
  path: Assets/FishNet/CodeGenerating/cecil-0.11.4/Mono.Cecil/MethodReturnType.cs
  artifactKey: Guid(51d33467d0e0c6f46a788d5da23d7b23) Importer(2089858483,0ecaa5967403d082aa24f35e1b516d23)
Start importing Assets/FishNet/CodeGenerating/cecil-0.11.4/Mono.Cecil/MethodReturnType.cs using Guid(51d33467d0e0c6f46a788d5da23d7b23) Importer(2089858483,0ecaa5967403d082aa24f35e1b516d23) [PhysX] Initialized MultithreadedTaskDispatcher with 8 workers.
 -> (artifact id: '84905e70754e8ba1508ad10f693afa7d') in 0.012496 seconds
Number of updated asset objects reloaded before import = 0
Number of asset objects unloaded after import = 1
========================================================================
Received Import Request.
  Time since last request: 0.000041 seconds.
  path: Assets/FishNet/CodeGenerating/cecil-0.11.4/Mono.Cecil/IMarshalInfoProvider.cs
  artifactKey: Guid(a73829f4e35521e4892ef4e0cce2e4f9) Importer(2089858483,0ecaa5967403d082aa24f35e1b516d23)
Start importing Assets/FishNet/CodeGenerating/cecil-0.11.4/Mono.Cecil/IMarshalInfoProvider.cs using Guid(a73829f4e35521e4892ef4e0cce2e4f9) Importer(2089858483,0ecaa5967403d082aa24f35e1b516d23) [PhysX] Initialized MultithreadedTaskDispatcher with 8 workers.
 -> (artifact id: 'b7c5a79bd6dea95a06dedc2592f035c1') in 0.012369 seconds
Number of updated asset objects reloaded before import = 0
Number of asset objects unloaded after import = 1
========================================================================
Received Import Request.
  Time since last request: 0.000025 seconds.
  path: Assets/FishNet/CodeGenerating/cecil-0.11.4/Mono.Cecil/IMetadataScope.cs
  artifactKey: Guid(da1ce103d170a414c8c8c6849a8856a3) Importer(2089858483,0ecaa5967403d082aa24f35e1b516d23)
Start importing Assets/FishNet/CodeGenerating/cecil-0.11.4/Mono.Cecil/IMetadataScope.cs using Guid(da1ce103d170a414c8c8c6849a8856a3) Importer(2089858483,0ecaa5967403d082aa24f35e1b516d23) [PhysX] Initialized MultithreadedTaskDispatcher with 8 workers.
 -> (artifact id: 'c672c98e337cd2d4fd58ea7968b87b7f') in 0.014035 seconds
Number of updated asset objects reloaded before import = 0
Number of asset objects unloaded after import = 1
========================================================================
Received Import Request.
  Time since last request: 0.000023 seconds.
  path: Assets/FishNet/Runtime/Editor/CodeStripping.cs
  artifactKey: Guid(0c7409efe2f84e7428d5c6c97ed7d32e) Importer(2089858483,0ecaa5967403d082aa24f35e1b516d23)
Start importing Assets/FishNet/Runtime/Editor/CodeStripping.cs using Guid(0c7409efe2f84e7428d5c6c97ed7d32e) Importer(2089858483,0ecaa5967403d082aa24f35e1b516d23) [PhysX] Initialized MultithreadedTaskDispatcher with 8 workers.
 -> (artifact id: 'a8ab4586aac322e3f1c81ef5ce949336') in 0.012244 seconds
Number of updated asset objects reloaded before import = 0
Number of asset objects unloaded after import = 1
========================================================================
Received Import Request.
  Time since last request: 0.000023 seconds.
  path: Assets/FishNet/CodeGenerating/cecil-0.11.4/Mono.Cecil/PropertyAttributes.cs
  artifactKey: Guid(163bf99004c8e294f8b4113c29cae987) Importer(2089858483,0ecaa5967403d082aa24f35e1b516d23)
Start importing Assets/FishNet/CodeGenerating/cecil-0.11.4/Mono.Cecil/PropertyAttributes.cs using Guid(163bf99004c8e294f8b4113c29cae987) Importer(2089858483,0ecaa5967403d082aa24f35e1b516d23) [PhysX] Initialized MultithreadedTaskDispatcher with 8 workers.
 -> (artifact id: '7c414cf1b0c34544f39e79c9273cc90f') in 0.011929 seconds
Number of updated asset objects reloaded before import = 0
Number of asset objects unloaded after import = 1
========================================================================
Received Import Request.
  Time since last request: 0.000022 seconds.
  path: Assets/FishNet/CodeGenerating/cecil-0.11.4/Mono.Cecil.Cil/OpCode.cs
  artifactKey: Guid(5d8b234c106529441912c10b87502175) Importer(2089858483,0ecaa5967403d082aa24f35e1b516d23)
Start importing Assets/FishNet/CodeGenerating/cecil-0.11.4/Mono.Cecil.Cil/OpCode.cs using Guid(5d8b234c106529441912c10b87502175) Importer(2089858483,0ecaa5967403d082aa24f35e1b516d23) [PhysX] Initialized MultithreadedTaskDispatcher with 8 workers.
 -> (artifact id: '85f290ed6afa6bc9728c6ded11b79556') in 0.012612 seconds
Number of updated asset objects reloaded before import = 0
Number of asset objects unloaded after import = 1
========================================================================
Received Import Request.
  Time since last request: 0.000079 seconds.
  path: Assets/FishNet/CodeGenerating/cecil-0.11.4/Mono.Cecil.Metadata/PdbHeap.cs
  artifactKey: Guid(c64dd6e20a2b11c44ad424d29380c14c) Importer(2089858483,0ecaa5967403d082aa24f35e1b516d23)
Start importing Assets/FishNet/CodeGenerating/cecil-0.11.4/Mono.Cecil.Metadata/PdbHeap.cs using Guid(c64dd6e20a2b11c44ad424d29380c14c) Importer(2089858483,0ecaa5967403d082aa24f35e1b516d23) [PhysX] Initialized MultithreadedTaskDispatcher with 8 workers.
 -> (artifact id: '478739c43db40eabaa19da93b31f150c') in 0.012731 seconds
Number of updated asset objects reloaded before import = 0
Number of asset objects unloaded after import = 1
========================================================================
Received Import Request.
  Time since last request: 0.000022 seconds.
  path: Assets/FishNet/CodeGenerating/cecil-0.11.4/Mono.Cecil.Metadata/Row.cs
  artifactKey: Guid(89fd184bcc2b97840a2c0dfeec671be2) Importer(2089858483,0ecaa5967403d082aa24f35e1b516d23)
Start importing Assets/FishNet/CodeGenerating/cecil-0.11.4/Mono.Cecil.Metadata/Row.cs using Guid(89fd184bcc2b97840a2c0dfeec671be2) Importer(2089858483,0ecaa5967403d082aa24f35e1b516d23) [PhysX] Initialized MultithreadedTaskDispatcher with 8 workers.
 -> (artifact id: 'becee3ceec966f31db6d27b34552a2c4') in 0.011378 seconds
Number of updated asset objects reloaded before import = 0
Number of asset objects unloaded after import = 1
========================================================================
Received Import Request.
  Time since last request: 0.000032 seconds.
  path: Assets/FishNet/CodeGenerating/cecil-0.11.4/Mono.Cecil/TypeAttributes.cs
  artifactKey: Guid(a634580522059d74bb5ad1f997af1284) Importer(2089858483,0ecaa5967403d082aa24f35e1b516d23)
Start importing Assets/FishNet/CodeGenerating/cecil-0.11.4/Mono.Cecil/TypeAttributes.cs using Guid(a634580522059d74bb5ad1f997af1284) Importer(2089858483,0ecaa5967403d082aa24f35e1b516d23) [PhysX] Initialized MultithreadedTaskDispatcher with 8 workers.
 -> (artifact id: '0a6e3fa82238e1596ea971aa4fc1bdd5') in 0.011471 seconds
Number of updated asset objects reloaded before import = 0
Number of asset objects unloaded after import = 1
========================================================================
Received Import Request.
  Time since last request: 0.000036 seconds.
  path: Assets/FishNet/CodeGenerating/cecil-0.11.4/Mono.Cecil.Cil/MethodBody.cs
  artifactKey: Guid(4be4045de2c6a0e428e5910f4e76cfac) Importer(2089858483,0ecaa5967403d082aa24f35e1b516d23)
Start importing Assets/FishNet/CodeGenerating/cecil-0.11.4/Mono.Cecil.Cil/MethodBody.cs using Guid(4be4045de2c6a0e428e5910f4e76cfac) Importer(2089858483,0ecaa5967403d082aa24f35e1b516d23) [PhysX] Initialized MultithreadedTaskDispatcher with 8 workers.
 -> (artifact id: '8bb9660c8e32719e09dfc6240f75f952') in 0.013826 seconds
Number of updated asset objects reloaded before import = 0
Number of asset objects unloaded after import = 1
========================================================================
Received Import Request.
  Time since last request: 0.000024 seconds.
  path: Assets/FishNet/CodeGenerating/cecil-0.11.4/Mono.Cecil.PE/ImageReader.cs
  artifactKey: Guid(ba04d4e3389423e47b35aaccee205576) Importer(2089858483,0ecaa5967403d082aa24f35e1b516d23)
Start importing Assets/FishNet/CodeGenerating/cecil-0.11.4/Mono.Cecil.PE/ImageReader.cs using Guid(ba04d4e3389423e47b35aaccee205576) Importer(2089858483,0ecaa5967403d082aa24f35e1b516d23) [PhysX] Initialized MultithreadedTaskDispatcher with 8 workers.
 -> (artifact id: '6b5071c2051b893a45d8dc51de9a0200') in 0.012125 seconds
Number of updated asset objects reloaded before import = 0
Number of asset objects unloaded after import = 1
========================================================================
Received Import Request.
  Time since last request: 0.000023 seconds.
  path: Assets/FishNet/Demos/ColliderRollback/Scripts/DestroyAfterDelay.cs
  artifactKey: Guid(3f244f524a030c6459722c6594b1e9bd) Importer(2089858483,0ecaa5967403d082aa24f35e1b516d23)
Start importing Assets/FishNet/Demos/ColliderRollback/Scripts/DestroyAfterDelay.cs using Guid(3f244f524a030c6459722c6594b1e9bd) Importer(2089858483,0ecaa5967403d082aa24f35e1b516d23) [PhysX] Initialized MultithreadedTaskDispatcher with 8 workers.
 -> (artifact id: '59b49303434e532a951cd0553822e53d') in 0.011965 seconds
Number of updated asset objects reloaded before import = 0
Number of asset objects unloaded after import = 1
========================================================================
Received Import Request.
  Time since last request: 0.000028 seconds.
  path: Assets/FishNet/CodeGenerating/cecil-0.11.4/Mono.Cecil/Resource.cs
  artifactKey: Guid(b8b738634202e694ebec627727698b83) Importer(2089858483,0ecaa5967403d082aa24f35e1b516d23)
Start importing Assets/FishNet/CodeGenerating/cecil-0.11.4/Mono.Cecil/Resource.cs using Guid(b8b738634202e694ebec627727698b83) Importer(2089858483,0ecaa5967403d082aa24f35e1b516d23) [PhysX] Initialized MultithreadedTaskDispatcher with 8 workers.
 -> (artifact id: 'e1cd9a117530c862f869154f3f42fb9f') in 0.012966 seconds
Number of updated asset objects reloaded before import = 0
Number of asset objects unloaded after import = 1
========================================================================
Received Import Request.
  Time since last request: 0.000025 seconds.
  path: Assets/FishNet/CodeGenerating/cecil-0.11.4/Mono.Cecil.Metadata/Buffers.cs
  artifactKey: Guid(4b1d0a81b66e78341ab77acdd3b15234) Importer(2089858483,0ecaa5967403d082aa24f35e1b516d23)
Start importing Assets/FishNet/CodeGenerating/cecil-0.11.4/Mono.Cecil.Metadata/Buffers.cs using Guid(4b1d0a81b66e78341ab77acdd3b15234) Importer(2089858483,0ecaa5967403d082aa24f35e1b516d23) [PhysX] Initialized MultithreadedTaskDispatcher with 8 workers.
 -> (artifact id: '480bbe3699c76a48570e4b5a3e6994e6') in 0.011445 seconds
Number of updated asset objects reloaded before import = 0
Number of asset objects unloaded after import = 1
========================================================================
Received Import Request.
  Time since last request: 0.000025 seconds.
  path: Assets/FishNet/CodeGenerating/cecil-0.11.4/Mono.Cecil/ReferenceType.cs
  artifactKey: Guid(32a78d7552e92774cbf44ddd46fb7aa4) Importer(2089858483,0ecaa5967403d082aa24f35e1b516d23)
Start importing Assets/FishNet/CodeGenerating/cecil-0.11.4/Mono.Cecil/ReferenceType.cs using Guid(32a78d7552e92774cbf44ddd46fb7aa4) Importer(2089858483,0ecaa5967403d082aa24f35e1b516d23) [PhysX] Initialized MultithreadedTaskDispatcher with 8 workers.
 -> (artifact id: '0eb5cf8a94fac8ae268f1590a46924ac') in 0.011893 seconds
Number of updated asset objects reloaded before import = 0
Number of asset objects unloaded after import = 1
========================================================================
Received Import Request.
  Time since last request: 0.000026 seconds.
  path: Assets/FishNet/CodeGenerating/cecil-0.11.4/Mono.Cecil/TypeDefinitionCollection.cs
  artifactKey: Guid(4440ec34ba0da7b4aac0fc4c009035aa) Importer(2089858483,0ecaa5967403d082aa24f35e1b516d23)
Start importing Assets/FishNet/CodeGenerating/cecil-0.11.4/Mono.Cecil/TypeDefinitionCollection.cs using Guid(4440ec34ba0da7b4aac0fc4c009035aa) Importer(2089858483,0ecaa5967403d082aa24f35e1b516d23) [PhysX] Initialized MultithreadedTaskDispatcher with 8 workers.
 -> (artifact id: 'a95dc3348665890c2d3b437cc1c5dc18') in 0.014382 seconds
Number of updated asset objects reloaded before import = 0
Number of asset objects unloaded after import = 1
========================================================================
Received Import Request.
  Time since last request: 0.000029 seconds.
  path: Assets/FishNet/CodeGenerating/cecil-0.11.4/Mono.Cecil.Metadata/TableHeap.cs
  artifactKey: Guid(978b1609b2ddc0c4baf628cc608456a9) Importer(2089858483,0ecaa5967403d082aa24f35e1b516d23)
Start importing Assets/FishNet/CodeGenerating/cecil-0.11.4/Mono.Cecil.Metadata/TableHeap.cs using Guid(978b1609b2ddc0c4baf628cc608456a9) Importer(2089858483,0ecaa5967403d082aa24f35e1b516d23) [PhysX] Initialized MultithreadedTaskDispatcher with 8 workers.
 -> (artifact id: '59f5a8396e758d70051f2d365d3a0e83') in 0.011980 seconds
Number of updated asset objects reloaded before import = 0
Number of asset objects unloaded after import = 1
========================================================================
Received Import Request.
  Time since last request: 0.000023 seconds.
  path: Assets/FishNet/CodeGenerating/cecil-0.11.4/Mono.Cecil.Cil/ILProcessor.cs
  artifactKey: Guid(26902ea42064c624d82727d9ef9a8f5e) Importer(2089858483,0ecaa5967403d082aa24f35e1b516d23)
Start importing Assets/FishNet/CodeGenerating/cecil-0.11.4/Mono.Cecil.Cil/ILProcessor.cs using Guid(26902ea42064c624d82727d9ef9a8f5e) Importer(2089858483,0ecaa5967403d082aa24f35e1b516d23) [PhysX] Initialized MultithreadedTaskDispatcher with 8 workers.
 -> (artifact id: '327b755aa84d490acc6ca2706ae9c959') in 0.012430 seconds
Number of updated asset objects reloaded before import = 0
Number of asset objects unloaded after import = 1
========================================================================
Received Import Request.
  Time since last request: 0.000024 seconds.
  path: Assets/FishNet/CodeGenerating/cecil-0.11.4/Mono.Cecil/PropertyDefinition.cs
  artifactKey: Guid(6c1878ca62c0e6f4595238eb6a87edfd) Importer(2089858483,0ecaa5967403d082aa24f35e1b516d23)
Start importing Assets/FishNet/CodeGenerating/cecil-0.11.4/Mono.Cecil/PropertyDefinition.cs using Guid(6c1878ca62c0e6f4595238eb6a87edfd) Importer(2089858483,0ecaa5967403d082aa24f35e1b516d23) [PhysX] Initialized MultithreadedTaskDispatcher with 8 workers.
 -> (artifact id: '1d1d2c825e8d8ec9c64b53471d4296fe') in 0.014020 seconds
Number of updated asset objects reloaded before import = 0
Number of asset objects unloaded after import = 1
========================================================================
Received Import Request.
  Time since last request: 0.000029 seconds.
  path: Assets/FishNet/CodeGenerating/cecil-0.11.4/Mono.Cecil.PE/TextMap.cs
  artifactKey: Guid(1d36ca0589eb8014fa28bc58a88ae85f) Importer(2089858483,0ecaa5967403d082aa24f35e1b516d23)
Start importing Assets/FishNet/CodeGenerating/cecil-0.11.4/Mono.Cecil.PE/TextMap.cs using Guid(1d36ca0589eb8014fa28bc58a88ae85f) Importer(2089858483,0ecaa5967403d082aa24f35e1b516d23) [PhysX] Initialized MultithreadedTaskDispatcher with 8 workers.
 -> (artifact id: 'fa90eacd21a58a9e03cf0bdbedb08339') in 0.012739 seconds
Number of updated asset objects reloaded before import = 0
Number of asset objects unloaded after import = 1
========================================================================
Received Import Request.
  Time since last request: 0.000025 seconds.
  path: Assets/FishNet/CodeGenerating/cecil-0.11.4/Mono.Cecil.Metadata/ElementType.cs
  artifactKey: Guid(94c4cb498ef60034d83bb60d3f743832) Importer(2089858483,0ecaa5967403d082aa24f35e1b516d23)
Start importing Assets/FishNet/CodeGenerating/cecil-0.11.4/Mono.Cecil.Metadata/ElementType.cs using Guid(94c4cb498ef60034d83bb60d3f743832) Importer(2089858483,0ecaa5967403d082aa24f35e1b516d23) [PhysX] Initialized MultithreadedTaskDispatcher with 8 workers.
 -> (artifact id: 'f338d2d81a067e3adfec528f39ac9a62') in 0.012706 seconds
Number of updated asset objects reloaded before import = 0
Number of asset objects unloaded after import = 1
========================================================================
Received Import Request.
  Time since last request: 0.000033 seconds.
  path: Assets/FishNet/CodeGenerating/cecil-0.11.4/Mono.Cecil.Metadata/StringHeap.cs
  artifactKey: Guid(e0fc64863ca825b4e994640b0be9a938) Importer(2089858483,0ecaa5967403d082aa24f35e1b516d23)
Start importing Assets/FishNet/CodeGenerating/cecil-0.11.4/Mono.Cecil.Metadata/StringHeap.cs using Guid(e0fc64863ca825b4e994640b0be9a938) Importer(2089858483,0ecaa5967403d082aa24f35e1b516d23) [PhysX] Initialized MultithreadedTaskDispatcher with 8 workers.
 -> (artifact id: 'd3193585aadc3853d839f353cddb4252') in 0.012353 seconds
Number of updated asset objects reloaded before import = 0
Number of asset objects unloaded after import = 1
========================================================================
Received Import Request.
  Time since last request: 0.000028 seconds.
  path: Assets/FishNet/CodeGenerating/cecil-0.11.4/Mono.Cecil.Cil/SequencePoint.cs
  artifactKey: Guid(612e6675dca63a84b9e8aaeb3e3b9ec6) Importer(2089858483,0ecaa5967403d082aa24f35e1b516d23)
Start importing Assets/FishNet/CodeGenerating/cecil-0.11.4/Mono.Cecil.Cil/SequencePoint.cs using Guid(612e6675dca63a84b9e8aaeb3e3b9ec6) Importer(2089858483,0ecaa5967403d082aa24f35e1b516d23) [PhysX] Initialized MultithreadedTaskDispatcher with 8 workers.
 -> (artifact id: '16e7ea3d675805552f88b32568a537be') in 0.014462 seconds
Number of updated asset objects reloaded before import = 0
Number of asset objects unloaded after import = 1
========================================================================
Received Import Request.
  Time since last request: 0.000032 seconds.
  path: Assets/FishNet/CodeGenerating/cecil-0.11.4/Mono.Cecil/PointerType.cs
  artifactKey: Guid(7b6a1c540eedbb04082628ad5dd10583) Importer(2089858483,0ecaa5967403d082aa24f35e1b516d23)
Start importing Assets/FishNet/CodeGenerating/cecil-0.11.4/Mono.Cecil/PointerType.cs using Guid(7b6a1c540eedbb04082628ad5dd10583) Importer(2089858483,0ecaa5967403d082aa24f35e1b516d23) [PhysX] Initialized MultithreadedTaskDispatcher with 8 workers.
 -> (artifact id: '27fca189a3b5c43c208c3281bba4aebc') in 0.012072 seconds
Number of updated asset objects reloaded before import = 0
Number of asset objects unloaded after import = 1
========================================================================
Received Import Request.
  Time since last request: 0.000036 seconds.
  path: Assets/FishNet/CodeGenerating/cecil-0.11.4/Mono.Cecil.Metadata/Utilities.cs
  artifactKey: Guid(4785957c0c546de4680e1196a57f66d2) Importer(2089858483,0ecaa5967403d082aa24f35e1b516d23)
Start importing Assets/FishNet/CodeGenerating/cecil-0.11.4/Mono.Cecil.Metadata/Utilities.cs using Guid(4785957c0c546de4680e1196a57f66d2) Importer(2089858483,0ecaa5967403d082aa24f35e1b516d23) [PhysX] Initialized MultithreadedTaskDispatcher with 8 workers.
 -> (artifact id: '7983bc6b02b9d1b931bdf3313f16afb2') in 0.012045 seconds
Number of updated asset objects reloaded before import = 0
Number of asset objects unloaded after import = 1
========================================================================
Received Import Request.
  Time since last request: 0.000024 seconds.
  path: Assets/FishNet/CodeGenerating/cecil-0.11.4/Mono.Cecil/TypeParser.cs
  artifactKey: Guid(14cea45910a5fc94ca89429bd0587148) Importer(2089858483,0ecaa5967403d082aa24f35e1b516d23)
Start importing Assets/FishNet/CodeGenerating/cecil-0.11.4/Mono.Cecil/TypeParser.cs using Guid(14cea45910a5fc94ca89429bd0587148) Importer(2089858483,0ecaa5967403d082aa24f35e1b516d23) [PhysX] Initialized MultithreadedTaskDispatcher with 8 workers.
 -> (artifact id: '1c1564e27677a32eb65a3513500d9b53') in 0.015665 seconds
Number of updated asset objects reloaded before import = 0
Number of asset objects unloaded after import = 1
========================================================================
Received Import Request.
  Time since last request: 0.000037 seconds.
  path: Assets/FishNet/Demos/CustomSyncType/Component State Sync/AMonoScript.cs
  artifactKey: Guid(a5821b28e5b90ef44b4910a640482c15) Importer(2089858483,0ecaa5967403d082aa24f35e1b516d23)
Start importing Assets/FishNet/Demos/CustomSyncType/Component State Sync/AMonoScript.cs using Guid(a5821b28e5b90ef44b4910a640482c15) Importer(2089858483,0ecaa5967403d082aa24f35e1b516d23) [PhysX] Initialized MultithreadedTaskDispatcher with 8 workers.
 -> (artifact id: 'db05eb58c988d05f70da474fcff1cadd') in 0.011555 seconds
Number of updated asset objects reloaded before import = 0
Number of asset objects unloaded after import = 1
========================================================================
Received Import Request.
  Time since last request: 0.000070 seconds.
  path: Assets/FishNet/Demos/ColliderRollback/Materials/Ground.mat
  artifactKey: Guid(3d329b71ccd856144ab8753e70f69e4e) Importer(2089858483,0ecaa5967403d082aa24f35e1b516d23)
Start importing Assets/FishNet/Demos/ColliderRollback/Materials/Ground.mat using Guid(3d329b71ccd856144ab8753e70f69e4e) Importer(2089858483,0ecaa5967403d082aa24f35e1b516d23) [PhysX] Initialized MultithreadedTaskDispatcher with 8 workers.
 -> (artifact id: 'dcba100842e02a267eb3973c29c5b3c1') in 0.035711 seconds
Number of updated asset objects reloaded before import = 0
Number of asset objects unloaded after import = 1
========================================================================
Received Import Request.
  Time since last request: 0.000025 seconds.
  path: Assets/FishNet/CodeGenerating/cecil-0.11.4/Mono.Cecil.Cil/Code.cs
  artifactKey: Guid(2619210c5ef352b4aac70d8e5fab7a43) Importer(2089858483,0ecaa5967403d082aa24f35e1b516d23)
Start importing Assets/FishNet/CodeGenerating/cecil-0.11.4/Mono.Cecil.Cil/Code.cs using Guid(2619210c5ef352b4aac70d8e5fab7a43) Importer(2089858483,0ecaa5967403d082aa24f35e1b516d23) [PhysX] Initialized MultithreadedTaskDispatcher with 8 workers.
 -> (artifact id: 'd4771eb64e310f0e8cd78aa17b290680') in 0.012944 seconds
Number of updated asset objects reloaded before import = 0
Number of asset objects unloaded after import = 1
========================================================================
Received Import Request.
  Time since last request: 0.000028 seconds.
  path: Assets/FishNet/CodeGenerating/cecil-0.11.4/Mono.Cecil/VariantType.cs
  artifactKey: Guid(b01b9a572a6975b4c806b3269b858cb1) Importer(2089858483,0ecaa5967403d082aa24f35e1b516d23)
Start importing Assets/FishNet/CodeGenerating/cecil-0.11.4/Mono.Cecil/VariantType.cs using Guid(b01b9a572a6975b4c806b3269b858cb1) Importer(2089858483,0ecaa5967403d082aa24f35e1b516d23) [PhysX] Initialized MultithreadedTaskDispatcher with 8 workers.
 -> (artifact id: '5bf79003c9dc8cfe25876eb58f5326e1') in 0.014679 seconds
Number of updated asset objects reloaded before import = 0
Number of asset objects unloaded after import = 1
========================================================================
Received Import Request.
  Time since last request: 0.000027 seconds.
  path: Assets/FishNet/Demos/HashGrid/Prefabs/HashGrid_Static.prefab
  artifactKey: Guid(0d6d0f48b03b17f49a6340103cd9b9d0) Importer(2089858483,0ecaa5967403d082aa24f35e1b516d23)
Start importing Assets/FishNet/Demos/HashGrid/Prefabs/HashGrid_Static.prefab using Guid(0d6d0f48b03b17f49a6340103cd9b9d0) Importer(2089858483,0ecaa5967403d082aa24f35e1b516d23) [PhysX] Initialized MultithreadedTaskDispatcher with 8 workers.
 -> (artifact id: 'e423462d206055568097622539531343') in 0.055140 seconds
Number of updated asset objects reloaded before import = 0
Number of asset objects unloaded after import = 9
========================================================================
Received Import Request.
  Time since last request: 0.000026 seconds.
  path: Assets/FishNet/CodeGenerating/cecil-0.11.4/Mono.Cecil.Cil/Instruction.cs
  artifactKey: Guid(2d1536adbd2ca174abbd624473e722c3) Importer(2089858483,0ecaa5967403d082aa24f35e1b516d23)
Start importing Assets/FishNet/CodeGenerating/cecil-0.11.4/Mono.Cecil.Cil/Instruction.cs using Guid(2d1536adbd2ca174abbd624473e722c3) Importer(2089858483,0ecaa5967403d082aa24f35e1b516d23) [PhysX] Initialized MultithreadedTaskDispatcher with 8 workers.
 -> (artifact id: 'e8d3b38677cc6abaa315e9d91d4e18c7') in 0.012782 seconds
Number of updated asset objects reloaded before import = 0
Number of asset objects unloaded after import = 1
========================================================================
Received Import Request.
  Time since last request: 0.000027 seconds.
  path: Assets/FishNet/Demos/ColliderRollback/Scenes/ColliderRollbackDemo.unity
  artifactKey: Guid(9e30e3df1ec43184daee875457d49364) Importer(2089858483,0ecaa5967403d082aa24f35e1b516d23)
Start importing Assets/FishNet/Demos/ColliderRollback/Scenes/ColliderRollbackDemo.unity using Guid(9e30e3df1ec43184daee875457d49364) Importer(2089858483,0ecaa5967403d082aa24f35e1b516d23) [PhysX] Initialized MultithreadedTaskDispatcher with 8 workers.
 -> (artifact id: '5b072170af76f5249076b63dc6b6daa9') in 0.012448 seconds
Number of updated asset objects reloaded before import = 0
Number of asset objects unloaded after import = 1
========================================================================
Received Import Request.
  Time since last request: 0.000070 seconds.
  path: Assets/FishNet/Demos/HashGrid/Scripts/MoveRandomly.cs
  artifactKey: Guid(10f399a5388d3b3459b7a8476ae13e6a) Importer(2089858483,0ecaa5967403d082aa24f35e1b516d23)
Start importing Assets/FishNet/Demos/HashGrid/Scripts/MoveRandomly.cs using Guid(10f399a5388d3b3459b7a8476ae13e6a) Importer(2089858483,0ecaa5967403d082aa24f35e1b516d23) [PhysX] Initialized MultithreadedTaskDispatcher with 8 workers.
 -> (artifact id: '056074a897716f902c281215b908feae') in 0.012520 seconds
Number of updated asset objects reloaded before import = 0
Number of asset objects unloaded after import = 1
========================================================================
Received Import Request.
  Time since last request: 0.000034 seconds.
  path: Assets/FishNet/CodeGenerating/cecil-0.11.4/Mono.Cecil.Metadata/BlobHeap.cs
  artifactKey: Guid(33eef67f4a74e1c40a6bdb3da9d22d00) Importer(2089858483,0ecaa5967403d082aa24f35e1b516d23)
Start importing Assets/FishNet/CodeGenerating/cecil-0.11.4/Mono.Cecil.Metadata/BlobHeap.cs using Guid(33eef67f4a74e1c40a6bdb3da9d22d00) Importer(2089858483,0ecaa5967403d082aa24f35e1b516d23) [PhysX] Initialized MultithreadedTaskDispatcher with 8 workers.
 -> (artifact id: 'b16b93f96c590484acd0007241421844') in 0.013041 seconds
Number of updated asset objects reloaded before import = 0
Number of asset objects unloaded after import = 1
========================================================================
Received Import Request.
  Time since last request: 0.000125 seconds.
  path: Assets/FishNet/CodeGenerating/cecil-0.11.4/Mono.Cecil/TypeReference.cs
  artifactKey: Guid(be8b0c2aa3d8d534a90ff392789fac67) Importer(2089858483,0ecaa5967403d082aa24f35e1b516d23)
Start importing Assets/FishNet/CodeGenerating/cecil-0.11.4/Mono.Cecil/TypeReference.cs using Guid(be8b0c2aa3d8d534a90ff392789fac67) Importer(2089858483,0ecaa5967403d082aa24f35e1b516d23) [PhysX] Initialized MultithreadedTaskDispatcher with 8 workers.
 -> (artifact id: 'a10d11c6e75a6a14ba9e21922f6de057') in 0.013414 seconds
Number of updated asset objects reloaded before import = 0
Number of asset objects unloaded after import = 1
========================================================================
Received Import Request.
  Time since last request: 0.000029 seconds.
  path: Assets/FishNet/CodeGenerating/cecil-0.11.4/Mono.Cecil.Cil/VariableReference.cs
  artifactKey: Guid(b5dca1eaac23bfd4ba8e881302a72e33) Importer(2089858483,0ecaa5967403d082aa24f35e1b516d23)
Start importing Assets/FishNet/CodeGenerating/cecil-0.11.4/Mono.Cecil.Cil/VariableReference.cs using Guid(b5dca1eaac23bfd4ba8e881302a72e33) Importer(2089858483,0ecaa5967403d082aa24f35e1b516d23) [PhysX] Initialized MultithreadedTaskDispatcher with 8 workers.
 -> (artifact id: '0318ab76fed4df6eb12d34696c2d50a9') in 0.013708 seconds
Number of updated asset objects reloaded before import = 0
Number of asset objects unloaded after import = 1
========================================================================
Received Import Request.
  Time since last request: 0.000025 seconds.
  path: Assets/FishNet/CodeGenerating/cecil-0.11.4/Mono.Cecil.PE/ByteBuffer.cs
  artifactKey: Guid(3752816249ea16e4aba70adb03f01673) Importer(2089858483,0ecaa5967403d082aa24f35e1b516d23)
Start importing Assets/FishNet/CodeGenerating/cecil-0.11.4/Mono.Cecil.PE/ByteBuffer.cs using Guid(3752816249ea16e4aba70adb03f01673) Importer(2089858483,0ecaa5967403d082aa24f35e1b516d23) [PhysX] Initialized MultithreadedTaskDispatcher with 8 workers.
 -> (artifact id: '8a973575adb780687b0947784e0f62a8') in 0.012991 seconds
Number of updated asset objects reloaded before import = 0
Number of asset objects unloaded after import = 1
========================================================================
Received Import Request.
  Time since last request: 0.000027 seconds.
  path: Assets/FishNet/CodeGenerating/cecil-0.11.4/Mono.Cecil/SentinelType.cs
  artifactKey: Guid(31522df8b7c72c1499a3fb951e73a69a) Importer(2089858483,0ecaa5967403d082aa24f35e1b516d23)
Start importing Assets/FishNet/CodeGenerating/cecil-0.11.4/Mono.Cecil/SentinelType.cs using Guid(31522df8b7c72c1499a3fb951e73a69a) Importer(2089858483,0ecaa5967403d082aa24f35e1b516d23) [PhysX] Initialized MultithreadedTaskDispatcher with 8 workers.
 -> (artifact id: 'a32c202ffc593a5fe6a91d7105455b0f') in 0.018634 seconds
Number of updated asset objects reloaded before import = 0
Number of asset objects unloaded after import = 1
========================================================================
Received Import Request.
  Time since last request: 0.000099 seconds.
  path: Assets/FishNet/CodeGenerating/cecil-0.11.4/Mono.Cecil.PE/DataDirectory.cs
  artifactKey: Guid(7cd272a7ff953734bbacab398dfc9fe8) Importer(2089858483,0ecaa5967403d082aa24f35e1b516d23)
Start importing Assets/FishNet/CodeGenerating/cecil-0.11.4/Mono.Cecil.PE/DataDirectory.cs using Guid(7cd272a7ff953734bbacab398dfc9fe8) Importer(2089858483,0ecaa5967403d082aa24f35e1b516d23) [PhysX] Initialized MultithreadedTaskDispatcher with 8 workers.
 -> (artifact id: '7df77d8e54185c1c364346109b41422e') in 0.015473 seconds
Number of updated asset objects reloaded before import = 0
Number of asset objects unloaded after import = 1
========================================================================
Received Import Request.
  Time since last request: 0.000025 seconds.
  path: Assets/FishNet/CodeGenerating/cecil-0.11.4/Mono.Cecil/TypeComparisonMode.cs
  artifactKey: Guid(3777ff31cb318a8488a68226f53f7381) Importer(2089858483,0ecaa5967403d082aa24f35e1b516d23)
Start importing Assets/FishNet/CodeGenerating/cecil-0.11.4/Mono.Cecil/TypeComparisonMode.cs using Guid(3777ff31cb318a8488a68226f53f7381) Importer(2089858483,0ecaa5967403d082aa24f35e1b516d23) [PhysX] Initialized MultithreadedTaskDispatcher with 8 workers.
 -> (artifact id: 'c4f783ddae305e2ec47bc0e1085236d9') in 0.011626 seconds
Number of updated asset objects reloaded before import = 0
Number of asset objects unloaded after import = 1
========================================================================
Received Import Request.
  Time since last request: 0.000027 seconds.
  path: Assets/FishNet/Demos/Authenticator/Scenes/Authenticator.unity
  artifactKey: Guid(0bc02b628363de5499d5e7c00bd63b1b) Importer(2089858483,0ecaa5967403d082aa24f35e1b516d23)
Start importing Assets/FishNet/Demos/Authenticator/Scenes/Authenticator.unity using Guid(0bc02b628363de5499d5e7c00bd63b1b) Importer(2089858483,0ecaa5967403d082aa24f35e1b516d23) [PhysX] Initialized MultithreadedTaskDispatcher with 8 workers.
 -> (artifact id: 'be99d26a0e9bb6813ee71936c70f4580') in 0.011406 seconds
Number of updated asset objects reloaded before import = 0
Number of asset objects unloaded after import = 1
========================================================================
Received Import Request.
  Time since last request: 0.000026 seconds.
  path: Assets/FishNet/Demos/SceneManager (Old Examples)/Materials/Red.mat
  artifactKey: Guid(a35bce0c956282a42a90a04b25492fb6) Importer(2089858483,0ecaa5967403d082aa24f35e1b516d23)
Start importing Assets/FishNet/Demos/SceneManager (Old Examples)/Materials/Red.mat using Guid(a35bce0c956282a42a90a04b25492fb6) Importer(2089858483,0ecaa5967403d082aa24f35e1b516d23) [PhysX] Initialized MultithreadedTaskDispatcher with 8 workers.
 -> (artifact id: '4b422125cb53908866c09a50a92a7988') in 0.164985 seconds
Number of updated asset objects reloaded before import = 0
Number of asset objects unloaded after import = 1
========================================================================
Received Import Request.
  Time since last request: 0.000031 seconds.
  path: Assets/FishNet/Runtime/Editor/NewNetworkBehaviour/CreateNewNetworkBehaviour.cs
  artifactKey: Guid(bd7764ab379082b4f9889c73b9133da9) Importer(2089858483,0ecaa5967403d082aa24f35e1b516d23)
Start importing Assets/FishNet/Runtime/Editor/NewNetworkBehaviour/CreateNewNetworkBehaviour.cs using Guid(bd7764ab379082b4f9889c73b9133da9) Importer(2089858483,0ecaa5967403d082aa24f35e1b516d23) [PhysX] Initialized MultithreadedTaskDispatcher with 8 workers.
 -> (artifact id: '9dd21f6443ed2552a81b3ee4e05755ff') in 0.011311 seconds
Number of updated asset objects reloaded before import = 0
Number of asset objects unloaded after import = 1
========================================================================
Received Import Request.
  Time since last request: 0.000036 seconds.
  path: Assets/FishNet/Runtime/Managing/Prediction/StateOrder.cs
  artifactKey: Guid(677aa6d3e4dab3743925f2c28646da09) Importer(2089858483,0ecaa5967403d082aa24f35e1b516d23)
Start importing Assets/FishNet/Runtime/Managing/Prediction/StateOrder.cs using Guid(677aa6d3e4dab3743925f2c28646da09) Importer(2089858483,0ecaa5967403d082aa24f35e1b516d23) [PhysX] Initialized MultithreadedTaskDispatcher with 8 workers.
 -> (artifact id: '6a7ae3794904c89f7c71b737c62f84c7') in 0.009674 seconds
Number of updated asset objects reloaded before import = 0
Number of asset objects unloaded after import = 1
========================================================================
Received Import Request.
  Time since last request: 0.000025 seconds.
  path: Assets/FishNet/Runtime/Managing/Logging/LevelLoggingConfiguration.cs
  artifactKey: Guid(925fc096350b81f4f82f4fe4ac0c4dda) Importer(2089858483,0ecaa5967403d082aa24f35e1b516d23)
Start importing Assets/FishNet/Runtime/Managing/Logging/LevelLoggingConfiguration.cs using Guid(925fc096350b81f4f82f4fe4ac0c4dda) Importer(2089858483,0ecaa5967403d082aa24f35e1b516d23) [PhysX] Initialized MultithreadedTaskDispatcher with 8 workers.
 -> (artifact id: '3ec69e9d04f7835b161d5e125448b2da') in 0.013496 seconds
Number of updated asset objects reloaded before import = 0
Number of asset objects unloaded after import = 1
========================================================================
Received Import Request.
  Time since last request: 0.000026 seconds.
  path: Assets/FishNet/Runtime/Editor/Configuring/ReserializeNetworkObjectsEditor.cs
  artifactKey: Guid(d0f2e650746c37949a9dd7b96e7c6f65) Importer(2089858483,0ecaa5967403d082aa24f35e1b516d23)
Start importing Assets/FishNet/Runtime/Editor/Configuring/ReserializeNetworkObjectsEditor.cs using Guid(d0f2e650746c37949a9dd7b96e7c6f65) Importer(2089858483,0ecaa5967403d082aa24f35e1b516d23) [PhysX] Initialized MultithreadedTaskDispatcher with 8 workers.
 -> (artifact id: 'a3f5d9369cc3caf009d859cacfbd3e9e') in 0.013265 seconds
Number of updated asset objects reloaded before import = 0
Number of asset objects unloaded after import = 1
========================================================================
Received Import Request.
  Time since last request: 0.000025 seconds.
  path: Assets/FishNet/Runtime/Managing/Client/ClientManager.QOL.cs
  artifactKey: Guid(fa61343b56a8f4942b8e6c998ed319ba) Importer(2089858483,0ecaa5967403d082aa24f35e1b516d23)
Start importing Assets/FishNet/Runtime/Managing/Client/ClientManager.QOL.cs using Guid(fa61343b56a8f4942b8e6c998ed319ba) Importer(2089858483,0ecaa5967403d082aa24f35e1b516d23) [PhysX] Initialized MultithreadedTaskDispatcher with 8 workers.
 -> (artifact id: 'f3e3da29bd744c828a798d0290f6b610') in 0.013628 seconds
Number of updated asset objects reloaded before import = 0
Number of asset objects unloaded after import = 1
========================================================================
Received Import Request.
  Time since last request: 0.000086 seconds.
  path: Assets/FishNet/Runtime/Editor/Configuring/DelayedEditorTasks.cs
  artifactKey: Guid(eb3b5223de134ee41bc1ad462ce897f2) Importer(2089858483,0ecaa5967403d082aa24f35e1b516d23)
Start importing Assets/FishNet/Runtime/Editor/Configuring/DelayedEditorTasks.cs using Guid(eb3b5223de134ee41bc1ad462ce897f2) Importer(2089858483,0ecaa5967403d082aa24f35e1b516d23) [PhysX] Initialized MultithreadedTaskDispatcher with 8 workers.
 -> (artifact id: 'fae33de9e858e0e1238db61616d6755b') in 0.012776 seconds
Number of updated asset objects reloaded before import = 0
Number of asset objects unloaded after import = 1
========================================================================
Received Import Request.
  Time since last request: 0.000052 seconds.
  path: Assets/FishNet/Demos/Prediction/Rigidbody/Rigidbody Prediction Demo.unity
  artifactKey: Guid(0b7f6237292ee8a4eabe7f955f4a4de5) Importer(2089858483,0ecaa5967403d082aa24f35e1b516d23)
Start importing Assets/FishNet/Demos/Prediction/Rigidbody/Rigidbody Prediction Demo.unity using Guid(0b7f6237292ee8a4eabe7f955f4a4de5) Importer(2089858483,0ecaa5967403d082aa24f35e1b516d23) [PhysX] Initialized MultithreadedTaskDispatcher with 8 workers.
 -> (artifact id: '52ccda5cd726b1433dc904ecac0d9f8e') in 0.010675 seconds
Number of updated asset objects reloaded before import = 0
Number of asset objects unloaded after import = 1
========================================================================
Received Import Request.
  Time since last request: 0.000049 seconds.
  path: Assets/FishNet/Runtime/Editor/NetworkProfiler/NetworkTraffic.cs
  artifactKey: Guid(e4cbde918bea7114f9f2a588ad4ee7f5) Importer(2089858483,0ecaa5967403d082aa24f35e1b516d23)
Start importing Assets/FishNet/Runtime/Editor/NetworkProfiler/NetworkTraffic.cs using Guid(e4cbde918bea7114f9f2a588ad4ee7f5) Importer(2089858483,0ecaa5967403d082aa24f35e1b516d23) [PhysX] Initialized MultithreadedTaskDispatcher with 8 workers.
 -> (artifact id: '23a1f59979ef5f3d9a16fdc46b30f031') in 0.014359 seconds
Number of updated asset objects reloaded before import = 0
Number of asset objects unloaded after import = 1
========================================================================
Received Import Request.
  Time since last request: 0.000030 seconds.
  path: Assets/FishNet/Runtime/Managing/Timing/PhysicsMode.cs
  artifactKey: Guid(502e9f31bebd41f4f9088a19eae53735) Importer(2089858483,0ecaa5967403d082aa24f35e1b516d23)
Start importing Assets/FishNet/Runtime/Managing/Timing/PhysicsMode.cs using Guid(502e9f31bebd41f4f9088a19eae53735) Importer(2089858483,0ecaa5967403d082aa24f35e1b516d23) [PhysX] Initialized MultithreadedTaskDispatcher with 8 workers.
 -> (artifact id: 'fbf8f52df139be1a7a78dedf2b4dd210') in 0.010924 seconds
Number of updated asset objects reloaded before import = 0
Number of asset objects unloaded after import = 1
========================================================================
Received Import Request.
  Time since last request: 0.000028 seconds.
  path: Assets/FishNet/Runtime/Managing/Debugging/PacketIdHistory.cs
  artifactKey: Guid(afc241e869d97a44f8339510586dce73) Importer(2089858483,0ecaa5967403d082aa24f35e1b516d23)
Start importing Assets/FishNet/Runtime/Managing/Debugging/PacketIdHistory.cs using Guid(afc241e869d97a44f8339510586dce73) Importer(2089858483,0ecaa5967403d082aa24f35e1b516d23) [PhysX] Initialized MultithreadedTaskDispatcher with 8 workers.
 -> (artifact id: '5333242a2e472861011eb916e5fe6d2c') in 0.012785 seconds
Number of updated asset objects reloaded before import = 0
Number of asset objects unloaded after import = 1
========================================================================
Received Import Request.
  Time since last request: 0.000026 seconds.
  path: Assets/FishNet/Runtime/Editor/Configuring/Configuring.cs
  artifactKey: Guid(8d05bf07ec9af2c46a1fe6c24871cccb) Importer(2089858483,0ecaa5967403d082aa24f35e1b516d23)
Start importing Assets/FishNet/Runtime/Editor/Configuring/Configuring.cs using Guid(8d05bf07ec9af2c46a1fe6c24871cccb) Importer(2089858483,0ecaa5967403d082aa24f35e1b516d23) [PhysX] Initialized MultithreadedTaskDispatcher with 8 workers.
 -> (artifact id: '0d5b3362679fdbad0c9fe533c5410eaa') in 0.012385 seconds
Number of updated asset objects reloaded before import = 0
Number of asset objects unloaded after import = 1
========================================================================
Received Import Request.
  Time since last request: 0.000046 seconds.
  path: Assets/FishNet/Runtime/Editor/Configuring/ReviewReminderEditor.cs
  artifactKey: Guid(4260206b6a57e4243b56437f8f283084) Importer(2089858483,0ecaa5967403d082aa24f35e1b516d23)
Start importing Assets/FishNet/Runtime/Editor/Configuring/ReviewReminderEditor.cs using Guid(4260206b6a57e4243b56437f8f283084) Importer(2089858483,0ecaa5967403d082aa24f35e1b516d23) [PhysX] Initialized MultithreadedTaskDispatcher with 8 workers.
 -> (artifact id: '60e7cf6f6e757896b49c209e3a169995') in 0.014935 seconds
Number of updated asset objects reloaded before import = 0
Number of asset objects unloaded after import = 1
========================================================================
Received Import Request.
  Time since last request: 0.000027 seconds.
  path: Assets/FishNet/Runtime/Editor/NetworkProfiler/ProfiledTickData.cs
  artifactKey: Guid(c77264c7e46d6694caaa14c5446a6fd5) Importer(2089858483,0ecaa5967403d082aa24f35e1b516d23)
Start importing Assets/FishNet/Runtime/Editor/NetworkProfiler/ProfiledTickData.cs using Guid(c77264c7e46d6694caaa14c5446a6fd5) Importer(2089858483,0ecaa5967403d082aa24f35e1b516d23) [PhysX] Initialized MultithreadedTaskDispatcher with 8 workers.
 -> (artifact id: 'ff677998152c1f1b7c808cbe5176cafc') in 0.012746 seconds
Number of updated asset objects reloaded before import = 0
Number of asset objects unloaded after import = 1
========================================================================
Received Import Request.
  Time since last request: 0.000026 seconds.
  path: Assets/FishNet/Runtime/Managing/Server/ServerManager.RpcLinks.cs
  artifactKey: Guid(b9f0a4620d06f5c41b01f20af3f90634) Importer(2089858483,0ecaa5967403d082aa24f35e1b516d23)
Start importing Assets/FishNet/Runtime/Managing/Server/ServerManager.RpcLinks.cs using Guid(b9f0a4620d06f5c41b01f20af3f90634) Importer(2089858483,0ecaa5967403d082aa24f35e1b516d23) [PhysX] Initialized MultithreadedTaskDispatcher with 8 workers.
 -> (artifact id: 'd8467c24c1bfc88f920e278edb212015') in 0.011575 seconds
Number of updated asset objects reloaded before import = 0
Number of asset objects unloaded after import = 1
========================================================================
Received Import Request.
  Time since last request: 0.000027 seconds.
  path: Assets/FishNet/Demos/IntermediateLayer/Scripts/IntermediateLayerCipher.cs
  artifactKey: Guid(10c18bbe05944364d9295f5ee411a95f) Importer(2089858483,0ecaa5967403d082aa24f35e1b516d23)
Start importing Assets/FishNet/Demos/IntermediateLayer/Scripts/IntermediateLayerCipher.cs using Guid(10c18bbe05944364d9295f5ee411a95f) Importer(2089858483,0ecaa5967403d082aa24f35e1b516d23) [PhysX] Initialized MultithreadedTaskDispatcher with 8 workers.
 -> (artifact id: 'd3faf5d3a9fb168e6193a84943049998') in 0.014840 seconds
Number of updated asset objects reloaded before import = 0
Number of asset objects unloaded after import = 1
========================================================================
Received Import Request.
  Time since last request: 0.000031 seconds.
  path: Assets/FishNet/Runtime/Managing/Server/KickReasons.cs
  artifactKey: Guid(9289a823878c5d1408e7106e6ed5d866) Importer(2089858483,0ecaa5967403d082aa24f35e1b516d23)
Start importing Assets/FishNet/Runtime/Managing/Server/KickReasons.cs using Guid(9289a823878c5d1408e7106e6ed5d866) Importer(2089858483,0ecaa5967403d082aa24f35e1b516d23) [PhysX] Initialized MultithreadedTaskDispatcher with 8 workers.
 -> (artifact id: 'b6c9b8cb6f141d06313ad7889d19faf5') in 0.013041 seconds
Number of updated asset objects reloaded before import = 0
Number of asset objects unloaded after import = 1
========================================================================
Received Import Request.
  Time since last request: 0.000038 seconds.
  path: Assets/FishNet/Runtime/Managing/Logging/LoggingType.cs
  artifactKey: Guid(8bf0a7ab3f60fe44984fcfd16d8fe7b4) Importer(2089858483,0ecaa5967403d082aa24f35e1b516d23)
Start importing Assets/FishNet/Runtime/Managing/Logging/LoggingType.cs using Guid(8bf0a7ab3f60fe44984fcfd16d8fe7b4) Importer(2089858483,0ecaa5967403d082aa24f35e1b516d23) [PhysX] Initialized MultithreadedTaskDispatcher with 8 workers.
 -> (artifact id: '2c82d8a43413267f942deba43a9c1c06') in 0.012635 seconds
Number of updated asset objects reloaded before import = 0
Number of asset objects unloaded after import = 1
========================================================================
Received Import Request.
  Time since last request: 0.000025 seconds.
  path: Assets/FishNet/Runtime/Editor/Configuring/SettingsProvider.cs
  artifactKey: Guid(b3d7d3c45d53dea4e8a0a7da73d64021) Importer(2089858483,0ecaa5967403d082aa24f35e1b516d23)
Start importing Assets/FishNet/Runtime/Editor/Configuring/SettingsProvider.cs using Guid(b3d7d3c45d53dea4e8a0a7da73d64021) Importer(2089858483,0ecaa5967403d082aa24f35e1b516d23) [PhysX] Initialized MultithreadedTaskDispatcher with 8 workers.
 -> (artifact id: 'b56104c8009d6efe076b6c68411cda75') in 0.016032 seconds
Number of updated asset objects reloaded before import = 0
Number of asset objects unloaded after import = 1
========================================================================
Received Import Request.
  Time since last request: 0.000025 seconds.
  path: Assets/FishNet/Runtime/Managing/Client/ClientManager.cs
  artifactKey: Guid(aca43cf6f20e77c4f8fcc078fd85081f) Importer(2089858483,0ecaa5967403d082aa24f35e1b516d23)
Start importing Assets/FishNet/Runtime/Managing/Client/ClientManager.cs using Guid(aca43cf6f20e77c4f8fcc078fd85081f) Importer(2089858483,0ecaa5967403d082aa24f35e1b516d23) [PhysX] Initialized MultithreadedTaskDispatcher with 8 workers.
 -> (artifact id: 'e2564f19d6512be72884483bee2486aa') in 0.015413 seconds
Number of updated asset objects reloaded before import = 0
Number of asset objects unloaded after import = 2
========================================================================
Received Import Request.
  Time since last request: 0.000030 seconds.
  path: Assets/FishNet/Demos/SceneManager/Additive Scenes/ReadMe.txt
  artifactKey: Guid(82ddd0874516b9040b167b083badc176) Importer(2089858483,0ecaa5967403d082aa24f35e1b516d23)
Start importing Assets/FishNet/Demos/SceneManager/Additive Scenes/ReadMe.txt using Guid(82ddd0874516b9040b167b083badc176) Importer(2089858483,0ecaa5967403d082aa24f35e1b516d23) [PhysX] Initialized MultithreadedTaskDispatcher with 8 workers.
 -> (artifact id: 'c9a1ef1ef48f9130682b7bee8e41549c') in 0.011238 seconds
Number of updated asset objects reloaded before import = 0
Number of asset objects unloaded after import = 1
========================================================================
Received Import Request.
  Time since last request: 0.000025 seconds.
  path: Assets/FishNet/Runtime/Editor/NetworkProfiler/Packet.cs
  artifactKey: Guid(1627b8515051d874499946a603f1dad8) Importer(2089858483,0ecaa5967403d082aa24f35e1b516d23)
Start importing Assets/FishNet/Runtime/Editor/NetworkProfiler/Packet.cs using Guid(1627b8515051d874499946a603f1dad8) Importer(2089858483,0ecaa5967403d082aa24f35e1b516d23) [PhysX] Initialized MultithreadedTaskDispatcher with 8 workers.
 -> (artifact id: 'e8d36b7e3813dbeeda4d3ca624453007') in 0.013026 seconds
Number of updated asset objects reloaded before import = 0
Number of asset objects unloaded after import = 1
========================================================================
Received Import Request.
  Time since last request: 0.000027 seconds.
  path: Assets/FishNet/Runtime/Managing/Server/ServerManager.cs
  artifactKey: Guid(68828c85278210948b9d50a8db3aab74) Importer(2089858483,0ecaa5967403d082aa24f35e1b516d23)
Start importing Assets/FishNet/Runtime/Managing/Server/ServerManager.cs using Guid(68828c85278210948b9d50a8db3aab74) Importer(2089858483,0ecaa5967403d082aa24f35e1b516d23) [PhysX] Initialized MultithreadedTaskDispatcher with 8 workers.
 -> (artifact id: '4704c3484a526c062b40b421a8bf6938') in 0.016089 seconds
Number of updated asset objects reloaded before import = 0
Number of asset objects unloaded after import = 2
========================================================================
Received Import Request.
  Time since last request: 0.000032 seconds.
  path: Assets/FishNet/Runtime/Broadcast/Helping/BroadcastHelpers.cs
  artifactKey: Guid(c314af08d630630449b7b7af740b9c7d) Importer(2089858483,0ecaa5967403d082aa24f35e1b516d23)
Start importing Assets/FishNet/Runtime/Broadcast/Helping/BroadcastHelpers.cs using Guid(c314af08d630630449b7b7af740b9c7d) Importer(2089858483,0ecaa5967403d082aa24f35e1b516d23) [PhysX] Initialized MultithreadedTaskDispatcher with 8 workers.
 -> (artifact id: '0460bb4b4c250081db6da5cf897612e1') in 0.011121 seconds
Number of updated asset objects reloaded before import = 0
Number of asset objects unloaded after import = 1
========================================================================
Received Import Request.
  Time since last request: 0.000028 seconds.
  path: Assets/FishNet/Runtime/Managing/Object/SpawnParentType.cs
  artifactKey: Guid(cbace351ced9ff94eb294dbb2e1d6a75) Importer(2089858483,0ecaa5967403d082aa24f35e1b516d23)
Start importing Assets/FishNet/Runtime/Managing/Object/SpawnParentType.cs using Guid(cbace351ced9ff94eb294dbb2e1d6a75) Importer(2089858483,0ecaa5967403d082aa24f35e1b516d23) [PhysX] Initialized MultithreadedTaskDispatcher with 8 workers.
 -> (artifact id: '1abc75386a31825e7c24327dae86ab8f') in 0.011444 seconds
Number of updated asset objects reloaded before import = 0
Number of asset objects unloaded after import = 1
========================================================================
Received Import Request.
  Time since last request: 0.000054 seconds.
  path: Assets/FishNet/Runtime/Managing/Statistic/NetworkTrafficArgs.cs
  artifactKey: Guid(1fb953771006e0541ba76e564a90c21d) Importer(2089858483,0ecaa5967403d082aa24f35e1b516d23)
Start importing Assets/FishNet/Runtime/Managing/Statistic/NetworkTrafficArgs.cs using Guid(1fb953771006e0541ba76e564a90c21d) Importer(2089858483,0ecaa5967403d082aa24f35e1b516d23) [PhysX] Initialized MultithreadedTaskDispatcher with 8 workers.
 -> (artifact id: 'b8ce5b9cf5a3e7c678beaa488dc4393c') in 0.013164 seconds
Number of updated asset objects reloaded before import = 0
Number of asset objects unloaded after import = 1
========================================================================
Received Import Request.
  Time since last request: 0.000029 seconds.
  path: Assets/FishNet/Demos/SceneManager (Old Examples)/Materials/Black.mat
  artifactKey: Guid(2e7517d1496ae784f94a2307a88e2bb5) Importer(2089858483,0ecaa5967403d082aa24f35e1b516d23)
Start importing Assets/FishNet/Demos/SceneManager (Old Examples)/Materials/Black.mat using Guid(2e7517d1496ae784f94a2307a88e2bb5) Importer(2089858483,0ecaa5967403d082aa24f35e1b516d23) [PhysX] Initialized MultithreadedTaskDispatcher with 8 workers.
 -> (artifact id: '1e2ee448f63f18f0ddf25ec035059585') in 0.013556 seconds
Number of updated asset objects reloaded before import = 0
Number of asset objects unloaded after import = 1
========================================================================
Received Import Request.
  Time since last request: 0.000029 seconds.
  path: Assets/FishNet/Runtime/Managing/Transporting/IntermediateLayer.cs
  artifactKey: Guid(3f8a2e0f9aaea614887f5f7b15350e46) Importer(2089858483,0ecaa5967403d082aa24f35e1b516d23)
Start importing Assets/FishNet/Runtime/Managing/Transporting/IntermediateLayer.cs using Guid(3f8a2e0f9aaea614887f5f7b15350e46) Importer(2089858483,0ecaa5967403d082aa24f35e1b516d23) [PhysX] Initialized MultithreadedTaskDispatcher with 8 workers.
 -> (artifact id: '87f51f38fa1b3959633c6e86aceb9ecd') in 0.012601 seconds
Number of updated asset objects reloaded before import = 0
Number of asset objects unloaded after import = 1
========================================================================
Received Import Request.
  Time since last request: 0.000059 seconds.
  path: Assets/FishNet/Runtime/Object/NetworkBehaviour/EmptyNetworkBehaviour.cs
  artifactKey: Guid(8a6a39c46bf52104ba8efe3100bce3f7) Importer(2089858483,0ecaa5967403d082aa24f35e1b516d23)
Start importing Assets/FishNet/Runtime/Object/NetworkBehaviour/EmptyNetworkBehaviour.cs using Guid(8a6a39c46bf52104ba8efe3100bce3f7) Importer(2089858483,0ecaa5967403d082aa24f35e1b516d23) [PhysX] Initialized MultithreadedTaskDispatcher with 8 workers.
 -> (artifact id: '38fd535014a0694bd649b5bfc456a52c') in 0.012523 seconds
Number of updated asset objects reloaded before import = 0
Number of asset objects unloaded after import = 1
========================================================================
Received Import Request.
  Time since last request: 0.000026 seconds.
  path: Assets/FishNet/Runtime/Object/Editor/NetworkObjectEditor.cs
  artifactKey: Guid(b2d667433eee79d4e8661a84b1587b8a) Importer(2089858483,0ecaa5967403d082aa24f35e1b516d23)
Start importing Assets/FishNet/Runtime/Object/Editor/NetworkObjectEditor.cs using Guid(b2d667433eee79d4e8661a84b1587b8a) Importer(2089858483,0ecaa5967403d082aa24f35e1b516d23) [PhysX] Initialized MultithreadedTaskDispatcher with 8 workers.
 -> (artifact id: 'e5854edac95e8facae91b5c082d99253') in 0.018288 seconds
Number of updated asset objects reloaded before import = 0
Number of asset objects unloaded after import = 1
========================================================================
Received Import Request.
  Time since last request: 0.000028 seconds.
  path: Assets/FishNet/Runtime/Object/NetworkBehaviour/NetworkBehaviour.QOL.cs
  artifactKey: Guid(d7aef532208d06c4880973c51b1906f5) Importer(2089858483,0ecaa5967403d082aa24f35e1b516d23)
Start importing Assets/FishNet/Runtime/Object/NetworkBehaviour/NetworkBehaviour.QOL.cs using Guid(d7aef532208d06c4880973c51b1906f5) Importer(2089858483,0ecaa5967403d082aa24f35e1b516d23) [PhysX] Initialized MultithreadedTaskDispatcher with 8 workers.
 -> (artifact id: 'b00871a49b378e4e022316291f84727b') in 0.012875 seconds
Number of updated asset objects reloaded before import = 0
Number of asset objects unloaded after import = 1
========================================================================
Received Import Request.
  Time since last request: 0.000034 seconds.
  path: Assets/FishNet/Runtime/Object/Prediction/ReplicateState.cs
  artifactKey: Guid(f8deb74673db557489cf93509af3cb21) Importer(2089858483,0ecaa5967403d082aa24f35e1b516d23)
Start importing Assets/FishNet/Runtime/Object/Prediction/ReplicateState.cs using Guid(f8deb74673db557489cf93509af3cb21) Importer(2089858483,0ecaa5967403d082aa24f35e1b516d23) [PhysX] Initialized MultithreadedTaskDispatcher with 8 workers.
 -> (artifact id: '889848e75e52dc431782008b1bb3cc59') in 0.013962 seconds
Number of updated asset objects reloaded before import = 0
Number of asset objects unloaded after import = 1
========================================================================
Received Import Request.
  Time since last request: 0.000040 seconds.
  path: Assets/FishNet/Runtime/Object/NetworkBehaviour/Delegates.cs
  artifactKey: Guid(5dbd9cdda4843f34ab416273d80f83c8) Importer(2089858483,0ecaa5967403d082aa24f35e1b516d23)
Start importing Assets/FishNet/Runtime/Object/NetworkBehaviour/Delegates.cs using Guid(5dbd9cdda4843f34ab416273d80f83c8) Importer(2089858483,0ecaa5967403d082aa24f35e1b516d23) [PhysX] Initialized MultithreadedTaskDispatcher with 8 workers.
 -> (artifact id: '4ed8318800f062e8a56aff40b5447697') in 0.012990 seconds
Number of updated asset objects reloaded before import = 0
Number of asset objects unloaded after import = 1
========================================================================
Received Import Request.
  Time since last request: 0.000027 seconds.
  path: Assets/FishNet/Runtime/Object/Synchronizing/SyncList.cs
  artifactKey: Guid(9561e48a6cd328040aa2a6de9193e677) Importer(2089858483,0ecaa5967403d082aa24f35e1b516d23)
Start importing Assets/FishNet/Runtime/Object/Synchronizing/SyncList.cs using Guid(9561e48a6cd328040aa2a6de9193e677) Importer(2089858483,0ecaa5967403d082aa24f35e1b516d23) [PhysX] Initialized MultithreadedTaskDispatcher with 8 workers.
 -> (artifact id: 'ee09934348207c875dc2bb6d6e5d2c7d') in 0.012163 seconds
Number of updated asset objects reloaded before import = 0
Number of asset objects unloaded after import = 1
========================================================================
Received Import Request.
  Time since last request: 0.000024 seconds.
  path: Assets/FishNet/Runtime/Object/NetworkObject/NetworkObject.ReferenceIds.cs
  artifactKey: Guid(be0a4b0a32b02f64495ba3b1d22f89c4) Importer(2089858483,0ecaa5967403d082aa24f35e1b516d23)
Start importing Assets/FishNet/Runtime/Object/NetworkObject/NetworkObject.ReferenceIds.cs using Guid(be0a4b0a32b02f64495ba3b1d22f89c4) Importer(2089858483,0ecaa5967403d082aa24f35e1b516d23) [PhysX] Initialized MultithreadedTaskDispatcher with 8 workers.
 -> (artifact id: '14714699b48dd117b7d87ff9ef699a1d') in 0.012506 seconds
Number of updated asset objects reloaded before import = 0
Number of asset objects unloaded after import = 1
========================================================================
Received Import Request.
  Time since last request: 0.000027 seconds.
  path: Assets/FishNet/Runtime/Object/Synchronizing/SyncHashset.cs
  artifactKey: Guid(b8627bf3171f6274790bc7e60e471260) Importer(2089858483,0ecaa5967403d082aa24f35e1b516d23)
Start importing Assets/FishNet/Runtime/Object/Synchronizing/SyncHashset.cs using Guid(b8627bf3171f6274790bc7e60e471260) Importer(2089858483,0ecaa5967403d082aa24f35e1b516d23) [PhysX] Initialized MultithreadedTaskDispatcher with 8 workers.
 -> (artifact id: '9b14a434705f22037b318adc50e1f791') in 0.012230 seconds
Number of updated asset objects reloaded before import = 0
Number of asset objects unloaded after import = 1
========================================================================
Received Import Request.
  Time since last request: 0.000027 seconds.
  path: Assets/FishNet/Runtime/Object/NetworkObject/NetworkObject.LevelOfDetail.cs
  artifactKey: Guid(b36f63f24fb6e2f4794576d1acc151af) Importer(2089858483,0ecaa5967403d082aa24f35e1b516d23)
Start importing Assets/FishNet/Runtime/Object/NetworkObject/NetworkObject.LevelOfDetail.cs using Guid(b36f63f24fb6e2f4794576d1acc151af) Importer(2089858483,0ecaa5967403d082aa24f35e1b516d23) [PhysX] Initialized MultithreadedTaskDispatcher with 8 workers.
 -> (artifact id: 'ef50451f9b262b074c9dcb49ecefa13c') in 0.013505 seconds
Number of updated asset objects reloaded before import = 0
Number of asset objects unloaded after import = 1
========================================================================
Received Import Request.
  Time since last request: 0.000076 seconds.
  path: Assets/FishNet/Runtime/Object/Prediction/Interfaces.cs
  artifactKey: Guid(515754257f85574438408c7f5b268590) Importer(2089858483,0ecaa5967403d082aa24f35e1b516d23)
Start importing Assets/FishNet/Runtime/Object/Prediction/Interfaces.cs using Guid(515754257f85574438408c7f5b268590) Importer(2089858483,0ecaa5967403d082aa24f35e1b516d23) [PhysX] Initialized MultithreadedTaskDispatcher with 8 workers.
 -> (artifact id: '35bf27f11d0b2072ccf06bb99fed2279') in 0.012983 seconds
Number of updated asset objects reloaded before import = 0
Number of asset objects unloaded after import = 1
========================================================================
Received Import Request.
  Time since last request: 0.000025 seconds.
  path: Assets/FishNet/Runtime/Object/NetworkBehaviour/NetworkBehaviour.Logging.cs
  artifactKey: Guid(ad4dd2795a9a00e4d814892ac1a67157) Importer(2089858483,0ecaa5967403d082aa24f35e1b516d23)
Start importing Assets/FishNet/Runtime/Object/NetworkBehaviour/NetworkBehaviour.Logging.cs using Guid(ad4dd2795a9a00e4d814892ac1a67157) Importer(2089858483,0ecaa5967403d082aa24f35e1b516d23) [PhysX] Initialized MultithreadedTaskDispatcher with 8 workers.
 -> (artifact id: '7b27767f8ab028d6c2de43a05f4ffab7') in 0.013000 seconds
Number of updated asset objects reloaded before import = 0
Number of asset objects unloaded after import = 1
========================================================================
Received Import Request.
  Time since last request: 0.000025 seconds.
  path: Assets/FishNet/Runtime/Object/NetworkObject/NetworkObject.Prediction.cs
  artifactKey: Guid(29401c9ff84500647a0d8718a39f28d4) Importer(2089858483,0ecaa5967403d082aa24f35e1b516d23)
Start importing Assets/FishNet/Runtime/Object/NetworkObject/NetworkObject.Prediction.cs using Guid(29401c9ff84500647a0d8718a39f28d4) Importer(2089858483,0ecaa5967403d082aa24f35e1b516d23) [PhysX] Initialized MultithreadedTaskDispatcher with 8 workers.
 -> (artifact id: 'a98551eabc1b27345cf2edbbd4ababd4') in 0.013050 seconds
Number of updated asset objects reloaded before import = 0
Number of asset objects unloaded after import = 1
========================================================================
Received Import Request.
  Time since last request: 0.000024 seconds.
  path: Assets/FishNet/Runtime/Object/Synchronizing/MissingObjectPacketLength.cs
  artifactKey: Guid(3d177496f9519e246b8e3ef199d83437) Importer(2089858483,0ecaa5967403d082aa24f35e1b516d23)
Start importing Assets/FishNet/Runtime/Object/Synchronizing/MissingObjectPacketLength.cs using Guid(3d177496f9519e246b8e3ef199d83437) Importer(2089858483,0ecaa5967403d082aa24f35e1b516d23) [PhysX] Initialized MultithreadedTaskDispatcher with 8 workers.
 -> (artifact id: '2ed50cb7c568584f92478fb576d60e65') in 0.011883 seconds
Number of updated asset objects reloaded before import = 0
Number of asset objects unloaded after import = 1
========================================================================
Received Import Request.
  Time since last request: 0.000028 seconds.
  path: Assets/FishNet/Runtime/Object/Prediction/Delegates.cs
  artifactKey: Guid(c9904192dacd41a4ba7b29bc3199ec3a) Importer(2089858483,0ecaa5967403d082aa24f35e1b516d23)
Start importing Assets/FishNet/Runtime/Object/Prediction/Delegates.cs using Guid(c9904192dacd41a4ba7b29bc3199ec3a) Importer(2089858483,0ecaa5967403d082aa24f35e1b516d23) [PhysX] Initialized MultithreadedTaskDispatcher with 8 workers.
 -> (artifact id: '71ea096e494e9fe6428c8eb7c704d3b7') in 0.013005 seconds
Number of updated asset objects reloaded before import = 0
Number of asset objects unloaded after import = 1
========================================================================
Received Import Request.
  Time since last request: 0.000035 seconds.
  path: Assets/FishNet/Runtime/Object/NetworkBehaviour/NetworkBehaviour.RPCLinks.cs
  artifactKey: Guid(7136e9ee3f7eee44abab09285ab7b939) Importer(2089858483,0ecaa5967403d082aa24f35e1b516d23)
Start importing Assets/FishNet/Runtime/Object/NetworkBehaviour/NetworkBehaviour.RPCLinks.cs using Guid(7136e9ee3f7eee44abab09285ab7b939) Importer(2089858483,0ecaa5967403d082aa24f35e1b516d23) [PhysX] Initialized MultithreadedTaskDispatcher with 8 workers.
 -> (artifact id: '75127af2b31ce592a4446baf85a5508b') in 0.012258 seconds
Number of updated asset objects reloaded before import = 0
Number of asset objects unloaded after import = 1
========================================================================
Received Import Request.
  Time since last request: 0.000021 seconds.
  path: Assets/FishNet/Runtime/Object/NetworkBehaviour/NetworkBehaviour.Callbacks.cs
  artifactKey: Guid(a9ddaf08801752b49bcfe720217df74a) Importer(2089858483,0ecaa5967403d082aa24f35e1b516d23)
Start importing Assets/FishNet/Runtime/Object/NetworkBehaviour/NetworkBehaviour.Callbacks.cs using Guid(a9ddaf08801752b49bcfe720217df74a) Importer(2089858483,0ecaa5967403d082aa24f35e1b516d23) [PhysX] Initialized MultithreadedTaskDispatcher with 8 workers.
 -> (artifact id: '76666b41de6b7689e6488c7f0cf4b8f2') in 0.011415 seconds
Number of updated asset objects reloaded before import = 0
Number of asset objects unloaded after import = 1
========================================================================
Received Import Request.
  Time since last request: 0.000030 seconds.
  path: Assets/FishNet/Runtime/Object/NetworkBehaviour/NetworkBehaviour.RPCs.cs
  artifactKey: Guid(938eacb83fa7d0046bd769b31dac7e80) Importer(2089858483,0ecaa5967403d082aa24f35e1b516d23)
Start importing Assets/FishNet/Runtime/Object/NetworkBehaviour/NetworkBehaviour.RPCs.cs using Guid(938eacb83fa7d0046bd769b31dac7e80) Importer(2089858483,0ecaa5967403d082aa24f35e1b516d23) [PhysX] Initialized MultithreadedTaskDispatcher with 8 workers.
 -> (artifact id: '675cad4d87aa856419caefddf4c28f6c') in 0.012597 seconds
Number of updated asset objects reloaded before import = 0
Number of asset objects unloaded after import = 1
========================================================================
Received Import Request.
  Time since last request: 0.000028 seconds.
  path: Assets/FishNet/Runtime/Object/Synchronizing/SyncDictionary.cs
  artifactKey: Guid(79196d6c6e862da499491d106f66ad72) Importer(2089858483,0ecaa5967403d082aa24f35e1b516d23)
Start importing Assets/FishNet/Runtime/Object/Synchronizing/SyncDictionary.cs using Guid(79196d6c6e862da499491d106f66ad72) Importer(2089858483,0ecaa5967403d082aa24f35e1b516d23) [PhysX] Initialized MultithreadedTaskDispatcher with 8 workers.
 -> (artifact id: '782f7c017d525c4eb31afbba30d7ccb4') in 0.011822 seconds
Number of updated asset objects reloaded before import = 0
Number of asset objects unloaded after import = 1
========================================================================
Received Import Request.
  Time since last request: 0.000038 seconds.
  path: Assets/FishNet/Runtime/Object/NetworkBehaviour/NetworkBehaviour.SyncTypes.cs
  artifactKey: Guid(e56d5389eb07aa040b8a9ec8b0d7c597) Importer(2089858483,0ecaa5967403d082aa24f35e1b516d23)
Start importing Assets/FishNet/Runtime/Object/NetworkBehaviour/NetworkBehaviour.SyncTypes.cs using Guid(e56d5389eb07aa040b8a9ec8b0d7c597) Importer(2089858483,0ecaa5967403d082aa24f35e1b516d23) [PhysX] Initialized MultithreadedTaskDispatcher with 8 workers.
 -> (artifact id: '5210b10ca3aa0f8debe690520fc15219') in 0.013875 seconds
Number of updated asset objects reloaded before import = 0
Number of asset objects unloaded after import = 1
========================================================================
Received Import Request.
  Time since last request: 0.000031 seconds.
  path: Assets/FishNet/Runtime/Object/NetworkBehaviour/Attributes.cs
  artifactKey: Guid(e2c79ec60813585469c43b4539e3d0c5) Importer(2089858483,0ecaa5967403d082aa24f35e1b516d23)
Start importing Assets/FishNet/Runtime/Object/NetworkBehaviour/Attributes.cs using Guid(e2c79ec60813585469c43b4539e3d0c5) Importer(2089858483,0ecaa5967403d082aa24f35e1b516d23) [PhysX] Initialized MultithreadedTaskDispatcher with 8 workers.
 -> (artifact id: 'a9f48517efb4c2218670c6500ea636a7') in 0.011796 seconds
Number of updated asset objects reloaded before import = 0
Number of asset objects unloaded after import = 1
========================================================================
Received Import Request.
  Time since last request: 0.000054 seconds.
  path: Assets/FishNet/Runtime/Object/NetworkBehaviour/SyncTypeWriteType.cs
  artifactKey: Guid(e6406cc7d5fe47c44a26298145f54b00) Importer(2089858483,0ecaa5967403d082aa24f35e1b516d23)
Start importing Assets/FishNet/Runtime/Object/NetworkBehaviour/SyncTypeWriteType.cs using Guid(e6406cc7d5fe47c44a26298145f54b00) Importer(2089858483,0ecaa5967403d082aa24f35e1b516d23) [PhysX] Initialized MultithreadedTaskDispatcher with 8 workers.
 -> (artifact id: '5fe06cb373c4759e15614aed7edf139c') in 0.012007 seconds
Number of updated asset objects reloaded before import = 0
Number of asset objects unloaded after import = 1
========================================================================
Received Import Request.
  Time since last request: 0.000043 seconds.
  path: Assets/FishNet/Runtime/Object/Synchronizing/SyncStopwatch.cs
  artifactKey: Guid(1aa50198b4dd1bc45a6b7ef0461c5809) Importer(2089858483,0ecaa5967403d082aa24f35e1b516d23)
Start importing Assets/FishNet/Runtime/Object/Synchronizing/SyncStopwatch.cs using Guid(1aa50198b4dd1bc45a6b7ef0461c5809) Importer(2089858483,0ecaa5967403d082aa24f35e1b516d23) [PhysX] Initialized MultithreadedTaskDispatcher with 8 workers.
 -> (artifact id: '7e4ce4603d542f9b33ebaaa819a96142') in 0.015678 seconds
Number of updated asset objects reloaded before import = 0
Number of asset objects unloaded after import = 1
========================================================================
Received Import Request.
  Time since last request: 0.000027 seconds.
  path: Assets/FishNet/Runtime/Object/NetworkBehaviour/NetworkBehaviour.cs
  artifactKey: Guid(d2230f9cdb1ffc9489b53875c963342d) Importer(2089858483,0ecaa5967403d082aa24f35e1b516d23)
Start importing Assets/FishNet/Runtime/Object/NetworkBehaviour/NetworkBehaviour.cs using Guid(d2230f9cdb1ffc9489b53875c963342d) Importer(2089858483,0ecaa5967403d082aa24f35e1b516d23) [PhysX] Initialized MultithreadedTaskDispatcher with 8 workers.
 -> (artifact id: '345b4bb048c79e5e4bad1dd2d2982ec8') in 0.012986 seconds
Number of updated asset objects reloaded before import = 0
Number of asset objects unloaded after import = 1
========================================================================
Received Import Request.
  Time since last request: 0.000026 seconds.
  path: Assets/FishNet/Runtime/Object/NetworkBehaviour/RpcLinkType.cs
  artifactKey: Guid(4fa68ca6a21d08f42980dcf68f984d53) Importer(2089858483,0ecaa5967403d082aa24f35e1b516d23)
Start importing Assets/FishNet/Runtime/Object/NetworkBehaviour/RpcLinkType.cs using Guid(4fa68ca6a21d08f42980dcf68f984d53) Importer(2089858483,0ecaa5967403d082aa24f35e1b516d23) [PhysX] Initialized MultithreadedTaskDispatcher with 8 workers.
 -> (artifact id: '386212d174f5fd3ef82fd45d1696dc52') in 0.012480 seconds
Number of updated asset objects reloaded before import = 0
Number of asset objects unloaded after import = 1
========================================================================
Received Import Request.
  Time since last request: 0.000052 seconds.
  path: Assets/FishNet/Runtime/Object/Synchronizing/SyncListOperation.cs
  artifactKey: Guid(4fa53fc807605df4997f0b63a6570bcf) Importer(2089858483,0ecaa5967403d082aa24f35e1b516d23)
Start importing Assets/FishNet/Runtime/Object/Synchronizing/SyncListOperation.cs using Guid(4fa53fc807605df4997f0b63a6570bcf) Importer(2089858483,0ecaa5967403d082aa24f35e1b516d23) [PhysX] Initialized MultithreadedTaskDispatcher with 8 workers.
 -> (artifact id: 'ddb47b9a896345d41d508ff788342eea') in 0.014110 seconds
Number of updated asset objects reloaded before import = 0
Number of asset objects unloaded after import = 1
========================================================================
Received Import Request.
  Time since last request: 0.000025 seconds.
  path: Assets/FishNet/Runtime/Object/NetworkObject/NetworkObject.SyncTypes.cs
  artifactKey: Guid(aacec7a84fa0ebe45a6a385a33863782) Importer(2089858483,0ecaa5967403d082aa24f35e1b516d23)
Start importing Assets/FishNet/Runtime/Object/NetworkObject/NetworkObject.SyncTypes.cs using Guid(aacec7a84fa0ebe45a6a385a33863782) Importer(2089858483,0ecaa5967403d082aa24f35e1b516d23) [PhysX] Initialized MultithreadedTaskDispatcher with 8 workers.
 -> (artifact id: 'e2efb62696eb008b03c82123f9e174a8') in 0.012555 seconds
Number of updated asset objects reloaded before import = 0
Number of asset objects unloaded after import = 1
========================================================================
Received Import Request.
  Time since last request: 0.000026 seconds.
  path: Assets/FishNet/Demos/Prediction/CharacterController/ReadMe.txt
  artifactKey: Guid(242afb68b5bce2f40ab2da029c12d008) Importer(2089858483,0ecaa5967403d082aa24f35e1b516d23)
Start importing Assets/FishNet/Demos/Prediction/CharacterController/ReadMe.txt using Guid(242afb68b5bce2f40ab2da029c12d008) Importer(2089858483,0ecaa5967403d082aa24f35e1b516d23) [PhysX] Initialized MultithreadedTaskDispatcher with 8 workers.
 -> (artifact id: '90c07adccc96c9ec68c85f1f47161b64') in 0.011163 seconds
Number of updated asset objects reloaded before import = 0
Number of asset objects unloaded after import = 1
========================================================================
Received Import Request.
  Time since last request: 0.000033 seconds.
  path: Assets/FishNet/Demos/SceneManager (Old Examples)/Materials/Green.mat
  artifactKey: Guid(e0dd7b8c357813f4ba3ae9b60783a6cd) Importer(2089858483,0ecaa5967403d082aa24f35e1b516d23)
Start importing Assets/FishNet/Demos/SceneManager (Old Examples)/Materials/Green.mat using Guid(e0dd7b8c357813f4ba3ae9b60783a6cd) Importer(2089858483,0ecaa5967403d082aa24f35e1b516d23) [PhysX] Initialized MultithreadedTaskDispatcher with 8 workers.
 -> (artifact id: 'ea7ee8d86f222ae106f08d7e86b50d43') in 0.014480 seconds
Number of updated asset objects reloaded before import = 0
Number of asset objects unloaded after import = 1
========================================================================
Received Import Request.
  Time since last request: 0.000024 seconds.
  path: Assets/FishNet/Demos/CustomSyncType/Component State Sync/ComponentStateSync.cs
  artifactKey: Guid(ce7cdae4a8f3d914fa9141b4bd760faa) Importer(2089858483,0ecaa5967403d082aa24f35e1b516d23)
Start importing Assets/FishNet/Demos/CustomSyncType/Component State Sync/ComponentStateSync.cs using Guid(ce7cdae4a8f3d914fa9141b4bd760faa) Importer(2089858483,0ecaa5967403d082aa24f35e1b516d23) [PhysX] Initialized MultithreadedTaskDispatcher with 8 workers.
 -> (artifact id: 'e0c0184870ac3a92f1423a57c9a85816') in 0.013177 seconds
Number of updated asset objects reloaded before import = 0
Number of asset objects unloaded after import = 1
========================================================================
Received Import Request.
  Time since last request: 0.000029 seconds.
  path: Assets/FishNet/Demos/SceneManager (Old Examples)/Scripts/SceneLoaderExample.cs
  artifactKey: Guid(fa23b6e6f9b08d74885e3707aa0d9bc7) Importer(2089858483,0ecaa5967403d082aa24f35e1b516d23)
Start importing Assets/FishNet/Demos/SceneManager (Old Examples)/Scripts/SceneLoaderExample.cs using Guid(fa23b6e6f9b08d74885e3707aa0d9bc7) Importer(2089858483,0ecaa5967403d082aa24f35e1b516d23) [PhysX] Initialized MultithreadedTaskDispatcher with 8 workers.
 -> (artifact id: 'a2975e1f401bc32bfd84f179d7781faa') in 0.012517 seconds
Number of updated asset objects reloaded before import = 0
Number of asset objects unloaded after import = 1
========================================================================
Received Import Request.
  Time since last request: 0.000045 seconds.
  path: Assets/FishNet/CodeGenerating/cecil-0.11.4/Mono.Cecil.Cil/OpCodes.cs
  artifactKey: Guid(52c19a62321778c438d2f6b483f18e73) Importer(2089858483,0ecaa5967403d082aa24f35e1b516d23)
Start importing Assets/FishNet/CodeGenerating/cecil-0.11.4/Mono.Cecil.Cil/OpCodes.cs using Guid(52c19a62321778c438d2f6b483f18e73) Importer(2089858483,0ecaa5967403d082aa24f35e1b516d23) [PhysX] Initialized MultithreadedTaskDispatcher with 8 workers.
 -> (artifact id: '1aa6aa8c6890fc427b019fee35de09ca') in 0.013196 seconds
Number of updated asset objects reloaded before import = 0
Number of asset objects unloaded after import = 1
========================================================================
Received Import Request.
  Time since last request: 0.000026 seconds.
  path: Assets/FishNet/Runtime/Managing/Object/ManagedObjects.cs
  artifactKey: Guid(e1363007244792145846afddc31ac12c) Importer(2089858483,0ecaa5967403d082aa24f35e1b516d23)
Start importing Assets/FishNet/Runtime/Managing/Object/ManagedObjects.cs using Guid(e1363007244792145846afddc31ac12c) Importer(2089858483,0ecaa5967403d082aa24f35e1b516d23) [PhysX] Initialized MultithreadedTaskDispatcher with 8 workers.
 -> (artifact id: '5435286c57d8644ba801251c0e3d07b3') in 0.014697 seconds
Number of updated asset objects reloaded before import = 0
Number of asset objects unloaded after import = 1
========================================================================
Received Import Request.
  Time since last request: 0.000027 seconds.
  path: Assets/FishNet/CodeGenerating/cecil-0.11.4/Mono.Cecil.Metadata/MetadataToken.cs
  artifactKey: Guid(755d1954236c374458be77d93493faf8) Importer(2089858483,0ecaa5967403d082aa24f35e1b516d23)
Start importing Assets/FishNet/CodeGenerating/cecil-0.11.4/Mono.Cecil.Metadata/MetadataToken.cs using Guid(755d1954236c374458be77d93493faf8) Importer(2089858483,0ecaa5967403d082aa24f35e1b516d23) [PhysX] Initialized MultithreadedTaskDispatcher with 8 workers.
 -> (artifact id: '72d467485f51f7013265f981c9071ad2') in 0.013185 seconds
Number of updated asset objects reloaded before import = 0
Number of asset objects unloaded after import = 1
========================================================================
Received Import Request.
  Time since last request: 0.000026 seconds.
  path: Assets/FishNet/Runtime/Managing/Transporting/TransportManager.cs
  artifactKey: Guid(34e4a322dca349547989b14021da4e23) Importer(2089858483,0ecaa5967403d082aa24f35e1b516d23)
Start importing Assets/FishNet/Runtime/Managing/Transporting/TransportManager.cs using Guid(34e4a322dca349547989b14021da4e23) Importer(2089858483,0ecaa5967403d082aa24f35e1b516d23) [PhysX] Initialized MultithreadedTaskDispatcher with 8 workers.
 -> (artifact id: 'a9ab09113cd2b96eb88d690f561d5271') in 0.016005 seconds
Number of updated asset objects reloaded before import = 0
Number of asset objects unloaded after import = 2
========================================================================
Received Import Request.
  Time since last request: 0.000036 seconds.
  path: Assets/FishNet/Runtime/Utility/Performance/ByteArrayPool.cs
  artifactKey: Guid(c7620a5e6fedc18408f8f04821b35bbd) Importer(2089858483,0ecaa5967403d082aa24f35e1b516d23)
Start importing Assets/FishNet/Runtime/Utility/Performance/ByteArrayPool.cs using Guid(c7620a5e6fedc18408f8f04821b35bbd) Importer(2089858483,0ecaa5967403d082aa24f35e1b516d23) [PhysX] Initialized MultithreadedTaskDispatcher with 8 workers.
 -> (artifact id: 'cff2317f84c72da133b0ce74c557da1d') in 0.013479 seconds
Number of updated asset objects reloaded before import = 0
Number of asset objects unloaded after import = 1
========================================================================
Received Import Request.
  Time since last request: 0.000120 seconds.
  path: Assets/FishNet/Runtime/Plugins/CodeAnalysis/LICENSE.txt
  artifactKey: Guid(93ef12b9e040fa8429d9ef686212ed4e) Importer(2089858483,0ecaa5967403d082aa24f35e1b516d23)
Start importing Assets/FishNet/Runtime/Plugins/CodeAnalysis/LICENSE.txt using Guid(93ef12b9e040fa8429d9ef686212ed4e) Importer(2089858483,0ecaa5967403d082aa24f35e1b516d23) [PhysX] Initialized MultithreadedTaskDispatcher with 8 workers.
 -> (artifact id: '8ebdc704b3aced73be6e8e8cf3a401bd') in 0.011593 seconds
Number of updated asset objects reloaded before import = 0
Number of asset objects unloaded after import = 1
========================================================================
Received Import Request.
  Time since last request: 0.000028 seconds.
  path: Assets/FishNet/CodeGenerating/cecil-0.11.4/rocks/Mono.Cecil.Rocks/Functional.cs
  artifactKey: Guid(b481a942e0bdf8649b6b5b20db207190) Importer(2089858483,0ecaa5967403d082aa24f35e1b516d23)
Start importing Assets/FishNet/CodeGenerating/cecil-0.11.4/rocks/Mono.Cecil.Rocks/Functional.cs using Guid(b481a942e0bdf8649b6b5b20db207190) Importer(2089858483,0ecaa5967403d082aa24f35e1b516d23) [PhysX] Initialized MultithreadedTaskDispatcher with 8 workers.
 -> (artifact id: '4bc065e05dff2be8657d28809a837bda') in 0.011983 seconds
Number of updated asset objects reloaded before import = 0
Number of asset objects unloaded after import = 1
========================================================================
Received Import Request.
  Time since last request: 0.000027 seconds.
  path: Assets/FishNet/Runtime/Utility/Extension/Transforms.cs
  artifactKey: Guid(3d311fc1bf09b9e4fbc5a17a9c50ab0d) Importer(2089858483,0ecaa5967403d082aa24f35e1b516d23)
Start importing Assets/FishNet/Runtime/Utility/Extension/Transforms.cs using Guid(3d311fc1bf09b9e4fbc5a17a9c50ab0d) Importer(2089858483,0ecaa5967403d082aa24f35e1b516d23) [PhysX] Initialized MultithreadedTaskDispatcher with 8 workers.
 -> (artifact id: '770b4563632fcf43f8a97b783287a1d1') in 0.013811 seconds
Number of updated asset objects reloaded before import = 0
Number of asset objects unloaded after import = 1
========================================================================
Received Import Request.
  Time since last request: 0.000026 seconds.
  path: Assets/FishNet/CodeGenerating/cecil-0.11.4/rocks/Mono.Cecil.Rocks/ParameterReferenceRocks.cs
  artifactKey: Guid(d276fe9256961b847b51a9bfc735384b) Importer(2089858483,0ecaa5967403d082aa24f35e1b516d23)
Start importing Assets/FishNet/CodeGenerating/cecil-0.11.4/rocks/Mono.Cecil.Rocks/ParameterReferenceRocks.cs using Guid(d276fe9256961b847b51a9bfc735384b) Importer(2089858483,0ecaa5967403d082aa24f35e1b516d23) [PhysX] Initialized MultithreadedTaskDispatcher with 8 workers.
 -> (artifact id: '47d92da284c7af92029b2cb6fb730cae') in 0.012203 seconds
Number of updated asset objects reloaded before import = 0
Number of asset objects unloaded after import = 1
========================================================================
Received Import Request.
  Time since last request: 0.000063 seconds.
  path: Assets/FishNet/Runtime/Plugins/Yak/Yak.cs
  artifactKey: Guid(91f4cf5273666764789e6f8bada05e3e) Importer(2089858483,0ecaa5967403d082aa24f35e1b516d23)
Start importing Assets/FishNet/Runtime/Plugins/Yak/Yak.cs using Guid(91f4cf5273666764789e6f8bada05e3e) Importer(2089858483,0ecaa5967403d082aa24f35e1b516d23) [PhysX] Initialized MultithreadedTaskDispatcher with 8 workers.
 -> (artifact id: '30cde316d5e43e77d8ad10fca1301488') in 0.014365 seconds
Number of updated asset objects reloaded before import = 0
Number of asset objects unloaded after import = 2
========================================================================
Received Import Request.
  Time since last request: 0.000025 seconds.
  path: Assets/FishNet/Runtime/Utility/Performance/BasicQueue.cs
  artifactKey: Guid(7c0a46ad871780b45bfe317c8f904322) Importer(2089858483,0ecaa5967403d082aa24f35e1b516d23)
Start importing Assets/FishNet/Runtime/Utility/Performance/BasicQueue.cs using Guid(7c0a46ad871780b45bfe317c8f904322) Importer(2089858483,0ecaa5967403d082aa24f35e1b516d23) [PhysX] Initialized MultithreadedTaskDispatcher with 8 workers.
 -> (artifact id: '2aae51f1bce479bc5b8f40e431ddaea5') in 0.012858 seconds
Number of updated asset objects reloaded before import = 0
Number of asset objects unloaded after import = 1
========================================================================
Received Import Request.
  Time since last request: 0.000092 seconds.
  path: Assets/FishNet/Runtime/Utility/Performance/ObjectPoolRetrieveOption.cs
  artifactKey: Guid(30dbc4b626ddb7844aac0189cc4c7487) Importer(2089858483,0ecaa5967403d082aa24f35e1b516d23)
Start importing Assets/FishNet/Runtime/Utility/Performance/ObjectPoolRetrieveOption.cs using Guid(30dbc4b626ddb7844aac0189cc4c7487) Importer(2089858483,0ecaa5967403d082aa24f35e1b516d23) [PhysX] Initialized MultithreadedTaskDispatcher with 8 workers.
 -> (artifact id: 'd7f32ed100cdcc5b5d264173a196275b') in 0.012142 seconds
Number of updated asset objects reloaded before import = 0
Number of asset objects unloaded after import = 1
========================================================================
Received Import Request.
  Time since last request: 0.000027 seconds.
  path: Assets/Spaceflight Controls/Meshes/Temp/Materials/cube2_sep7_cube2_sep7_auvMat.mat
  artifactKey: Guid(d8f0c71487e16304aba5a89fd5b8a45f) Importer(2089858483,0ecaa5967403d082aa24f35e1b516d23)
Start importing Assets/Spaceflight Controls/Meshes/Temp/Materials/cube2_sep7_cube2_sep7_auvMat.mat using Guid(d8f0c71487e16304aba5a89fd5b8a45f) Importer(2089858483,0ecaa5967403d082aa24f35e1b516d23) [PhysX] Initialized MultithreadedTaskDispatcher with 8 workers.
 -> (artifact id: 'a43ed9b39c87ed33aad5516ecf472730') in 0.065158 seconds
Number of updated asset objects reloaded before import = 0
Number of asset objects unloaded after import = 1
========================================================================
Received Import Request.
  Time since last request: 0.000064 seconds.
  path: Assets/FishNet/Demos/Benchmarks/NetworkTransform/Scenes/NetworkTransform Benchmark.unity
  artifactKey: Guid(961b96636e4c7644584dc8dfd0d0aad6) Importer(2089858483,0ecaa5967403d082aa24f35e1b516d23)
Start importing Assets/FishNet/Demos/Benchmarks/NetworkTransform/Scenes/NetworkTransform Benchmark.unity using Guid(961b96636e4c7644584dc8dfd0d0aad6) Importer(2089858483,0ecaa5967403d082aa24f35e1b516d23) [PhysX] Initialized MultithreadedTaskDispatcher with 8 workers.
 -> (artifact id: '1b956988abe8e4aee7af998fafadc489') in 0.011300 seconds
Number of updated asset objects reloaded before import = 0
Number of asset objects unloaded after import = 1
========================================================================
Received Import Request.
  Time since last request: 0.000040 seconds.
  path: Assets/FishNet/CodeGenerating/cecil-0.11.4/rocks/Mono.Cecil.Rocks/MethodDefinitionRocks.cs
  artifactKey: Guid(7a5d7596633ddb043b9785a7fa7bfa6f) Importer(2089858483,0ecaa5967403d082aa24f35e1b516d23)
Start importing Assets/FishNet/CodeGenerating/cecil-0.11.4/rocks/Mono.Cecil.Rocks/MethodDefinitionRocks.cs using Guid(7a5d7596633ddb043b9785a7fa7bfa6f) Importer(2089858483,0ecaa5967403d082aa24f35e1b516d23) [PhysX] Initialized MultithreadedTaskDispatcher with 8 workers.
 -> (artifact id: '2b100f902b0f4653e1b8149dda946f89') in 0.012672 seconds
Number of updated asset objects reloaded before import = 0
Number of asset objects unloaded after import = 1
========================================================================
Received Import Request.
  Time since last request: 0.000034 seconds.
  path: Assets/FishNet/Runtime/Serializing/UnityMathmatics/Serializers.UnityMathmaticsFloat.cs
  artifactKey: Guid(501c2baf76f23f64fadc0fd46e2d95fb) Importer(2089858483,0ecaa5967403d082aa24f35e1b516d23)
Start importing Assets/FishNet/Runtime/Serializing/UnityMathmatics/Serializers.UnityMathmaticsFloat.cs using Guid(501c2baf76f23f64fadc0fd46e2d95fb) Importer(2089858483,0ecaa5967403d082aa24f35e1b516d23) [PhysX] Initialized MultithreadedTaskDispatcher with 8 workers.
 -> (artifact id: 'ce9c8f8928854b38be7e2fa75ec26164') in 0.013213 seconds
Number of updated asset objects reloaded before import = 0
Number of asset objects unloaded after import = 1
========================================================================
Received Import Request.
  Time since last request: 0.000036 seconds.
  path: Assets/FishNet/Runtime/Serializing/Helping/QuaternionPrecisionCompression.cs
  artifactKey: Guid(e3df94f7449d53c4b8b5a167b51a93dd) Importer(2089858483,0ecaa5967403d082aa24f35e1b516d23)
Start importing Assets/FishNet/Runtime/Serializing/Helping/QuaternionPrecisionCompression.cs using Guid(e3df94f7449d53c4b8b5a167b51a93dd) Importer(2089858483,0ecaa5967403d082aa24f35e1b516d23) [PhysX] Initialized MultithreadedTaskDispatcher with 8 workers.
 -> (artifact id: 'ac201ac6be3c91ac08d9faebd2aee8a4') in 0.014546 seconds
Number of updated asset objects reloaded before import = 0
Number of asset objects unloaded after import = 1
========================================================================
Received Import Request.
  Time since last request: 0.000188 seconds.
  path: Assets/Spaceflight Controls/Meshes/Temp/Materials/cube1_sep5_default2Mat.mat
  artifactKey: Guid(29d4047fac5e3a64a9aeb7a41a59a137) Importer(2089858483,0ecaa5967403d082aa24f35e1b516d23)
Start importing Assets/Spaceflight Controls/Meshes/Temp/Materials/cube1_sep5_default2Mat.mat using Guid(29d4047fac5e3a64a9aeb7a41a59a137) Importer(2089858483,0ecaa5967403d082aa24f35e1b516d23) [PhysX] Initialized MultithreadedTaskDispatcher with 8 workers.
 -> (artifact id: 'a9b84ecdc1098f6d37e24bc5358f9d36') in 0.014035 seconds
Number of updated asset objects reloaded before import = 0
Number of asset objects unloaded after import = 1
========================================================================
Received Import Request.
  Time since last request: 0.000027 seconds.
  path: Assets/FishNet/Runtime/Object/Synchronizing/SyncTypeSetting.cs
  artifactKey: Guid(9ae08e01a0057a84b84ed5f228724839) Importer(2089858483,0ecaa5967403d082aa24f35e1b516d23)
Start importing Assets/FishNet/Runtime/Object/Synchronizing/SyncTypeSetting.cs using Guid(9ae08e01a0057a84b84ed5f228724839) Importer(2089858483,0ecaa5967403d082aa24f35e1b516d23) [PhysX] Initialized MultithreadedTaskDispatcher with 8 workers.
 -> (artifact id: '8794e788512c593fc5425ed5480038a6') in 0.014024 seconds
Number of updated asset objects reloaded before import = 0
Number of asset objects unloaded after import = 1
========================================================================
Received Import Request.
  Time since last request: 0.000044 seconds.
  path: Assets/FishNet/Demos/Benchmarks/NetworkTransform/Prefabs/NetworkTransform Benchmark Rigidbodies.prefab
  artifactKey: Guid(b8017cef39731ba439c70fecc09488e3) Importer(2089858483,0ecaa5967403d082aa24f35e1b516d23)
Start importing Assets/FishNet/Demos/Benchmarks/NetworkTransform/Prefabs/NetworkTransform Benchmark Rigidbodies.prefab using Guid(b8017cef39731ba439c70fecc09488e3) Importer(2089858483,0ecaa5967403d082aa24f35e1b516d23) [PhysX] Initialized MultithreadedTaskDispatcher with 8 workers.
 -> (artifact id: '81fb8bed7ad65beed4745bb5d51b588e') in 0.055465 seconds
Number of updated asset objects reloaded before import = 0
Number of asset objects unloaded after import = 13
========================================================================
Received Import Request.
  Time since last request: 0.000029 seconds.
  path: Assets/FishNet/Runtime/Serializing/Helping/Comparers.cs
  artifactKey: Guid(e912d0645f10b2c458cc2f01e24ecc27) Importer(2089858483,0ecaa5967403d082aa24f35e1b516d23)
Start importing Assets/FishNet/Runtime/Serializing/Helping/Comparers.cs using Guid(e912d0645f10b2c458cc2f01e24ecc27) Importer(2089858483,0ecaa5967403d082aa24f35e1b516d23) [PhysX] Initialized MultithreadedTaskDispatcher with 8 workers.
 -> (artifact id: '7fb3ef201514bff50df0864e724ca820') in 0.014677 seconds
Number of updated asset objects reloaded before import = 0
Number of asset objects unloaded after import = 1
========================================================================
Received Import Request.
  Time since last request: 0.000030 seconds.
  path: Assets/FishNet/CodeGenerating/cecil-0.11.4/Mono.Cecil.PE/BinaryStreamReader.cs
  artifactKey: Guid(7492ed3a048237443b99d7a25e806ce6) Importer(2089858483,0ecaa5967403d082aa24f35e1b516d23)
Start importing Assets/FishNet/CodeGenerating/cecil-0.11.4/Mono.Cecil.PE/BinaryStreamReader.cs using Guid(7492ed3a048237443b99d7a25e806ce6) Importer(2089858483,0ecaa5967403d082aa24f35e1b516d23) [PhysX] Initialized MultithreadedTaskDispatcher with 8 workers.
 -> (artifact id: 'e71bc9700dca4662af6da68549fd0469') in 0.011601 seconds
Number of updated asset objects reloaded before import = 0
Number of asset objects unloaded after import = 1
========================================================================
Received Import Request.
  Time since last request: 0.000028 seconds.
  path: Assets/FishNet/Runtime/Managing/Timing/MovingAverage.cs
  artifactKey: Guid(03d05f88778c5c744810e48f251f2d3b) Importer(2089858483,0ecaa5967403d082aa24f35e1b516d23)
Start importing Assets/FishNet/Runtime/Managing/Timing/MovingAverage.cs using Guid(03d05f88778c5c744810e48f251f2d3b) Importer(2089858483,0ecaa5967403d082aa24f35e1b516d23) [PhysX] Initialized MultithreadedTaskDispatcher with 8 workers.
 -> (artifact id: 'c9419def011f052fcd2a820477a5fef5') in 0.010804 seconds
Number of updated asset objects reloaded before import = 0
Number of asset objects unloaded after import = 1
========================================================================
Received Import Request.
  Time since last request: 0.000026 seconds.
  path: Assets/FishNet/Runtime/Editor/Upgrading/UpgradeFromV3ToV4Menu.cs
  artifactKey: Guid(c502df40457bd364cbaa553a2ce7f04e) Importer(2089858483,0ecaa5967403d082aa24f35e1b516d23)
Start importing Assets/FishNet/Runtime/Editor/Upgrading/UpgradeFromV3ToV4Menu.cs using Guid(c502df40457bd364cbaa553a2ce7f04e) Importer(2089858483,0ecaa5967403d082aa24f35e1b516d23) [PhysX] Initialized MultithreadedTaskDispatcher with 8 workers.
 -> (artifact id: '116b9f0e7e40c635c0b2a4d885ac7f10') in 0.012009 seconds
Number of updated asset objects reloaded before import = 0
Number of asset objects unloaded after import = 1
========================================================================
Received Import Request.
  Time since last request: 0.000048 seconds.
  path: Assets/FishNet/Runtime/Object/NetworkBehaviour/NetworkBehaviour.Prediction.cs
  artifactKey: Guid(074dac4dd3f9f6a4d8c1eb1191334472) Importer(2089858483,0ecaa5967403d082aa24f35e1b516d23)
Start importing Assets/FishNet/Runtime/Object/NetworkBehaviour/NetworkBehaviour.Prediction.cs using Guid(074dac4dd3f9f6a4d8c1eb1191334472) Importer(2089858483,0ecaa5967403d082aa24f35e1b516d23) [PhysX] Initialized MultithreadedTaskDispatcher with 8 workers.
 -> (artifact id: '9eb809c75ca05d080c0f4b3827bc45e7') in 0.011677 seconds
Number of updated asset objects reloaded before import = 0
Number of asset objects unloaded after import = 1
========================================================================
Received Import Request.
  Time since last request: 0.000071 seconds.
  path: Assets/FishNet/CodeGenerating/cecil-0.11.4/Mono.Cecil.Cil/PortablePdb.cs
  artifactKey: Guid(34e2f5d4b9b9ea542bec15f2d9acc3ed) Importer(2089858483,0ecaa5967403d082aa24f35e1b516d23)
Start importing Assets/FishNet/CodeGenerating/cecil-0.11.4/Mono.Cecil.Cil/PortablePdb.cs using Guid(34e2f5d4b9b9ea542bec15f2d9acc3ed) Importer(2089858483,0ecaa5967403d082aa24f35e1b516d23) [PhysX] Initialized MultithreadedTaskDispatcher with 8 workers.
 -> (artifact id: '404bbdff61c15ac0f5b9637a2bdddd2e') in 0.012395 seconds
Number of updated asset objects reloaded before import = 0
Number of asset objects unloaded after import = 1
========================================================================
Received Import Request.
  Time since last request: 0.000025 seconds.
  path: Assets/FishNet/Demos/HashGrid/ReadMe.txt
  artifactKey: Guid(4193a544613faaf4a8dd0a4a215523f3) Importer(2089858483,0ecaa5967403d082aa24f35e1b516d23)
Start importing Assets/FishNet/Demos/HashGrid/ReadMe.txt using Guid(4193a544613faaf4a8dd0a4a215523f3) Importer(2089858483,0ecaa5967403d082aa24f35e1b516d23) [PhysX] Initialized MultithreadedTaskDispatcher with 8 workers.
 -> (artifact id: '7e785040edf4eff2307ee67fdd628a68') in 0.012226 seconds
Number of updated asset objects reloaded before import = 0
Number of asset objects unloaded after import = 1
========================================================================
Received Import Request.
  Time since last request: 0.000024 seconds.
  path: Assets/FishNet/Runtime/Utility/Extension/Scenes.cs
  artifactKey: Guid(a02f3d03f737e304e9854278f4e9211d) Importer(2089858483,0ecaa5967403d082aa24f35e1b516d23)
Start importing Assets/FishNet/Runtime/Utility/Extension/Scenes.cs using Guid(a02f3d03f737e304e9854278f4e9211d) Importer(2089858483,0ecaa5967403d082aa24f35e1b516d23) [PhysX] Initialized MultithreadedTaskDispatcher with 8 workers.
 -> (artifact id: 'cfe070de4b497afe2b6204b7dae52df4') in 0.011976 seconds
Number of updated asset objects reloaded before import = 0
Number of asset objects unloaded after import = 1
========================================================================
Received Import Request.
  Time since last request: 0.000036 seconds.
  path: Assets/FishNet/Runtime/Object/Synchronizing/SyncStopwatchOperation.cs
  artifactKey: Guid(3ef101e3b1527224ca96ef61c238adbb) Importer(2089858483,0ecaa5967403d082aa24f35e1b516d23)
Start importing Assets/FishNet/Runtime/Object/Synchronizing/SyncStopwatchOperation.cs using Guid(3ef101e3b1527224ca96ef61c238adbb) Importer(2089858483,0ecaa5967403d082aa24f35e1b516d23) [PhysX] Initialized MultithreadedTaskDispatcher with 8 workers.
 -> (artifact id: '04213f940788c4058b0c1f7c862a4a0a') in 0.012076 seconds
Number of updated asset objects reloaded before import = 0
Number of asset objects unloaded after import = 1
========================================================================
Received Import Request.
  Time since last request: 0.000040 seconds.
  path: Assets/FishNet/Runtime/Plugins/CodeAnalysis/README.txt
  artifactKey: Guid(835336ee0aec7ef41a1cfda40886f443) Importer(2089858483,0ecaa5967403d082aa24f35e1b516d23)
Start importing Assets/FishNet/Runtime/Plugins/CodeAnalysis/README.txt using Guid(835336ee0aec7ef41a1cfda40886f443) Importer(2089858483,0ecaa5967403d082aa24f35e1b516d23) [PhysX] Initialized MultithreadedTaskDispatcher with 8 workers.
 -> (artifact id: '2f62a666f28f15941a1088d2c1224545') in 0.011553 seconds
Number of updated asset objects reloaded before import = 0
Number of asset objects unloaded after import = 1
========================================================================
Received Import Request.
  Time since last request: 0.000039 seconds.
  path: Assets/FishNet/Runtime/Serializing/Helping/Quaternion32Compression.cs
  artifactKey: Guid(f71e61ed84064a0429577ec462a8fa79) Importer(2089858483,0ecaa5967403d082aa24f35e1b516d23)
Start importing Assets/FishNet/Runtime/Serializing/Helping/Quaternion32Compression.cs using Guid(f71e61ed84064a0429577ec462a8fa79) Importer(2089858483,0ecaa5967403d082aa24f35e1b516d23) [PhysX] Initialized MultithreadedTaskDispatcher with 8 workers.
 -> (artifact id: '61128447bd9278f79b21c6cdd77c9bf1') in 0.013367 seconds
Number of updated asset objects reloaded before import = 0
Number of asset objects unloaded after import = 1
========================================================================
Received Import Request.
  Time since last request: 0.000030 seconds.
  path: Assets/FishNet/Runtime/Utility/Performance/ObjectPool.cs
  artifactKey: Guid(6ec7d855ffa7afc45b619b84ddbda27c) Importer(2089858483,0ecaa5967403d082aa24f35e1b516d23)
Start importing Assets/FishNet/Runtime/Utility/Performance/ObjectPool.cs using Guid(6ec7d855ffa7afc45b619b84ddbda27c) Importer(2089858483,0ecaa5967403d082aa24f35e1b516d23) [PhysX] Initialized MultithreadedTaskDispatcher with 8 workers.
 -> (artifact id: 'd954a369d4298de51d3c92a6ebf477f4') in 0.011990 seconds
Number of updated asset objects reloaded before import = 0
Number of asset objects unloaded after import = 1
========================================================================
Received Import Request.
  Time since last request: 0.000027 seconds.
  path: Assets/FishNet/Runtime/Observing/Conditions/HostOnlyCondition.cs
  artifactKey: Guid(aa62c0af0c0a4da46b03309dcd3858c3) Importer(2089858483,0ecaa5967403d082aa24f35e1b516d23)
Start importing Assets/FishNet/Runtime/Observing/Conditions/HostOnlyCondition.cs using Guid(aa62c0af0c0a4da46b03309dcd3858c3) Importer(2089858483,0ecaa5967403d082aa24f35e1b516d23) [PhysX] Initialized MultithreadedTaskDispatcher with 8 workers.
 -> (artifact id: 'b3fe5be7b2c2765ac5ac04310121e255') in 0.011831 seconds
Number of updated asset objects reloaded before import = 0
Number of asset objects unloaded after import = 1
========================================================================
Received Import Request.
  Time since last request: 0.000024 seconds.
  path: Assets/FishNet/Runtime/Serializing/UnityMathmatics/Serializers.UnityMathmaticsUInt.cs
  artifactKey: Guid(5640c6f5fc37ed3419f18024866c816c) Importer(2089858483,0ecaa5967403d082aa24f35e1b516d23)
Start importing Assets/FishNet/Runtime/Serializing/UnityMathmatics/Serializers.UnityMathmaticsUInt.cs using Guid(5640c6f5fc37ed3419f18024866c816c) Importer(2089858483,0ecaa5967403d082aa24f35e1b516d23) [PhysX] Initialized MultithreadedTaskDispatcher with 8 workers.
 -> (artifact id: 'e4790298384e902003a5e9e656d6b0d3') in 0.013036 seconds
Number of updated asset objects reloaded before import = 0
Number of asset objects unloaded after import = 1
========================================================================
Received Import Request.
  Time since last request: 0.000026 seconds.
  path: Assets/FishNet/Demos/ColliderRollback/Scripts/Player/PlayerMotor.cs
  artifactKey: Guid(c718ab30626bbd648952910f74780a06) Importer(2089858483,0ecaa5967403d082aa24f35e1b516d23)
Start importing Assets/FishNet/Demos/ColliderRollback/Scripts/Player/PlayerMotor.cs using Guid(c718ab30626bbd648952910f74780a06) Importer(2089858483,0ecaa5967403d082aa24f35e1b516d23) [PhysX] Initialized MultithreadedTaskDispatcher with 8 workers.
 -> (artifact id: 'f2ff71eea4cefdd91e670064f32c6de7') in 0.011948 seconds
Number of updated asset objects reloaded before import = 0
Number of asset objects unloaded after import = 1
========================================================================
Received Import Request.
  Time since last request: 0.000023 seconds.
  path: Assets/FishNet/Demos/ColliderRollback/Scripts/Rollback Visualization/RollbackVisualizer.cs
  artifactKey: Guid(6c5d5c9fcdb14704d9c64b18dc05a809) Importer(2089858483,0ecaa5967403d082aa24f35e1b516d23)
Start importing Assets/FishNet/Demos/ColliderRollback/Scripts/Rollback Visualization/RollbackVisualizer.cs using Guid(6c5d5c9fcdb14704d9c64b18dc05a809) Importer(2089858483,0ecaa5967403d082aa24f35e1b516d23) [PhysX] Initialized MultithreadedTaskDispatcher with 8 workers.
 -> (artifact id: '842aa408aa47c9c71dd0fefe7afdd37c') in 0.012146 seconds
Number of updated asset objects reloaded before import = 0
Number of asset objects unloaded after import = 1
========================================================================
Received Import Request.
  Time since last request: 0.000023 seconds.
  path: Assets/FishNet/Demos/Prediction/Rigidbody/Materials/FrontWheel.mat
  artifactKey: Guid(c9adb005e24322147b85e0d1ed5fa70e) Importer(2089858483,0ecaa5967403d082aa24f35e1b516d23)
Start importing Assets/FishNet/Demos/Prediction/Rigidbody/Materials/FrontWheel.mat using Guid(c9adb005e24322147b85e0d1ed5fa70e) Importer(2089858483,0ecaa5967403d082aa24f35e1b516d23) [PhysX] Initialized MultithreadedTaskDispatcher with 8 workers.
 -> (artifact id: '2131b763a973c7d79e5e873e5ba389f4') in 0.016349 seconds
Number of updated asset objects reloaded before import = 0
Number of asset objects unloaded after import = 1
========================================================================
Received Import Request.
  Time since last request: 0.000025 seconds.
  path: Assets/FishNet/Demos/Benchmarks/NetworkTransform/Scripts/MoveRandomlyPhysics.cs
  artifactKey: Guid(4792aba6419a83f4b9a79279748188e9) Importer(2089858483,0ecaa5967403d082aa24f35e1b516d23)
Start importing Assets/FishNet/Demos/Benchmarks/NetworkTransform/Scripts/MoveRandomlyPhysics.cs using Guid(4792aba6419a83f4b9a79279748188e9) Importer(2089858483,0ecaa5967403d082aa24f35e1b516d23) [PhysX] Initialized MultithreadedTaskDispatcher with 8 workers.
 -> (artifact id: 'eaecfc1cce2236031b156730cdb32035') in 0.011655 seconds
Number of updated asset objects reloaded before import = 0
Number of asset objects unloaded after import = 1
========================================================================
Received Import Request.
  Time since last request: 0.000054 seconds.
  path: Assets/FishNet/Demos/SceneManager/Additive Scenes/Materials/Ground.mat
  artifactKey: Guid(83bc8ce733133754198df883775fe67b) Importer(2089858483,0ecaa5967403d082aa24f35e1b516d23)
Start importing Assets/FishNet/Demos/SceneManager/Additive Scenes/Materials/Ground.mat using Guid(83bc8ce733133754198df883775fe67b) Importer(2089858483,0ecaa5967403d082aa24f35e1b516d23) [PhysX] Initialized MultithreadedTaskDispatcher with 8 workers.
 -> (artifact id: '1b9cdcbaac1f55d5c960a1e7debe5528') in 0.015291 seconds
Number of updated asset objects reloaded before import = 0
Number of asset objects unloaded after import = 1
========================================================================
Received Import Request.
  Time since last request: 0.000026 seconds.
  path: Assets/FishNet/Demos/Prediction/CharacterController/Materials/OrangeMat.mat
  artifactKey: Guid(f04f4c9957a2bf340b9fea1547c7ce0b) Importer(2089858483,0ecaa5967403d082aa24f35e1b516d23)
Start importing Assets/FishNet/Demos/Prediction/CharacterController/Materials/OrangeMat.mat using Guid(f04f4c9957a2bf340b9fea1547c7ce0b) Importer(2089858483,0ecaa5967403d082aa24f35e1b516d23) [PhysX] Initialized MultithreadedTaskDispatcher with 8 workers.
 -> (artifact id: '63e381a7202c232e868552c31f91416d') in 0.014481 seconds
Number of updated asset objects reloaded before import = 0
Number of asset objects unloaded after import = 1
========================================================================
Received Import Request.
  Time since last request: 0.000028 seconds.
  path: Assets/FishNet/Demos/SceneManager/Additive Scenes/Scripts/Waypoint.cs
  artifactKey: Guid(70028e1b1708627408637ab9a3cd6bd4) Importer(2089858483,0ecaa5967403d082aa24f35e1b516d23)
Start importing Assets/FishNet/Demos/SceneManager/Additive Scenes/Scripts/Waypoint.cs using Guid(70028e1b1708627408637ab9a3cd6bd4) Importer(2089858483,0ecaa5967403d082aa24f35e1b516d23) [PhysX] Initialized MultithreadedTaskDispatcher with 8 workers.
 -> (artifact id: '48fe6f4ec518f6b05062967d7751d10a') in 0.014212 seconds
Number of updated asset objects reloaded before import = 0
Number of asset objects unloaded after import = 1
========================================================================
Received Import Request.
  Time since last request: 0.000029 seconds.
  path: Assets/FishNet/Demos/ColliderRollback/Materials/Rollback Visualization/ClientPosition.mat
  artifactKey: Guid(997fc4a5ccc62814697fc91eb139e535) Importer(2089858483,0ecaa5967403d082aa24f35e1b516d23)
Start importing Assets/FishNet/Demos/ColliderRollback/Materials/Rollback Visualization/ClientPosition.mat using Guid(997fc4a5ccc62814697fc91eb139e535) Importer(2089858483,0ecaa5967403d082aa24f35e1b516d23) [PhysX] Initialized MultithreadedTaskDispatcher with 8 workers.
 -> (artifact id: '942c0ee19c8ae8fa2953fcbc65d2bf6b') in 0.015243 seconds
Number of updated asset objects reloaded before import = 0
Number of asset objects unloaded after import = 1
========================================================================
Received Import Request.
  Time since last request: 0.000026 seconds.
  path: Assets/FishNet/Demos/SceneManager/Additive Scenes/Scenes/AdditiveScenes_2.unity
  artifactKey: Guid(969cc8a8a67c58b4da9baa82a65c66bf) Importer(2089858483,0ecaa5967403d082aa24f35e1b516d23)
Start importing Assets/FishNet/Demos/SceneManager/Additive Scenes/Scenes/AdditiveScenes_2.unity using Guid(969cc8a8a67c58b4da9baa82a65c66bf) Importer(2089858483,0ecaa5967403d082aa24f35e1b516d23) [PhysX] Initialized MultithreadedTaskDispatcher with 8 workers.
 -> (artifact id: 'a05b692f895167817b6b5134b9854372') in 0.010159 seconds
Number of updated asset objects reloaded before import = 0
Number of asset objects unloaded after import = 1
========================================================================
Received Import Request.
  Time since last request: 0.000094 seconds.
  path: Assets/FishNet/Demos/SceneManager/Additive Scenes/Prefabs/Player.prefab
  artifactKey: Guid(6331b3542e64a564c81bc39cedf70c8d) Importer(2089858483,0ecaa5967403d082aa24f35e1b516d23)
Start importing Assets/FishNet/Demos/SceneManager/Additive Scenes/Prefabs/Player.prefab using Guid(6331b3542e64a564c81bc39cedf70c8d) Importer(2089858483,0ecaa5967403d082aa24f35e1b516d23) [PhysX] Initialized MultithreadedTaskDispatcher with 8 workers.
 -> (artifact id: '42cf58a32dc64b4323c2ebcf9c7b97db') in 0.033926 seconds
Number of updated asset objects reloaded before import = 0
Number of asset objects unloaded after import = 26
========================================================================
Received Import Request.
  Time since last request: 0.000027 seconds.
  path: Assets/FishNet/Demos/SceneManager/Additive Scenes/Scenes/AdditiveScenes_0.unity
  artifactKey: Guid(7643cdc3eefb15f4f8608cc633c55f7e) Importer(2089858483,0ecaa5967403d082aa24f35e1b516d23)
Start importing Assets/FishNet/Demos/SceneManager/Additive Scenes/Scenes/AdditiveScenes_0.unity using Guid(7643cdc3eefb15f4f8608cc633c55f7e) Importer(2089858483,0ecaa5967403d082aa24f35e1b516d23) [PhysX] Initialized MultithreadedTaskDispatcher with 8 workers.
 -> (artifact id: '5a5d52f6359360443b022de5697919f1') in 0.010412 seconds
Number of updated asset objects reloaded before import = 0
Number of asset objects unloaded after import = 1
========================================================================
Received Import Request.
  Time since last request: 0.000072 seconds.
  path: Assets/FishNet/Demos/ColliderRollback/Scripts/Player/Fire.cs
  artifactKey: Guid(9d3558aad46c24549bea48d0e3938264) Importer(2089858483,0ecaa5967403d082aa24f35e1b516d23)
Start importing Assets/FishNet/Demos/ColliderRollback/Scripts/Player/Fire.cs using Guid(9d3558aad46c24549bea48d0e3938264) Importer(2089858483,0ecaa5967403d082aa24f35e1b516d23) [PhysX] Initialized MultithreadedTaskDispatcher with 8 workers.
 -> (artifact id: '15883f20ad20433a09c7c33340d8a667') in 0.012045 seconds
Number of updated asset objects reloaded before import = 0
Number of asset objects unloaded after import = 1
========================================================================
Received Import Request.
  Time since last request: 0.000040 seconds.
  path: Assets/FishNet/Demos/SceneManager/Additive Scenes/Scenes/AdditiveScenes_1.unity
  artifactKey: Guid(aab2581cdfbe8f44698ef91d36f2d6c6) Importer(2089858483,0ecaa5967403d082aa24f35e1b516d23)
Start importing Assets/FishNet/Demos/SceneManager/Additive Scenes/Scenes/AdditiveScenes_1.unity using Guid(aab2581cdfbe8f44698ef91d36f2d6c6) Importer(2089858483,0ecaa5967403d082aa24f35e1b516d23) [PhysX] Initialized MultithreadedTaskDispatcher with 8 workers.
 -> (artifact id: 'a535ef2522e98cb2edffc8bff3c242aa') in 0.011050 seconds
Number of updated asset objects reloaded before import = 0
Number of asset objects unloaded after import = 1
========================================================================
Received Import Request.
  Time since last request: 0.000058 seconds.
  path: Assets/FishNet/Demos/Prediction/CharacterController/Scripts/MovingPlatform.cs
  artifactKey: Guid(0fca32023f23445429675b0c692d00d1) Importer(2089858483,0ecaa5967403d082aa24f35e1b516d23)
Start importing Assets/FishNet/Demos/Prediction/CharacterController/Scripts/MovingPlatform.cs using Guid(0fca32023f23445429675b0c692d00d1) Importer(2089858483,0ecaa5967403d082aa24f35e1b516d23) [PhysX] Initialized MultithreadedTaskDispatcher with 8 workers.
 -> (artifact id: 'd9080ec4518553f5ea45f6345518d1cb') in 0.012287 seconds
Number of updated asset objects reloaded before import = 0
Number of asset objects unloaded after import = 1
========================================================================
Received Import Request.
  Time since last request: 0.000044 seconds.
  path: Assets/FishNet/Demos/Prediction/Rigidbody/Materials/OrangeMat.mat
  artifactKey: Guid(927568f7fc1cfa14ca78ab4e2ecd8d76) Importer(2089858483,0ecaa5967403d082aa24f35e1b516d23)
Start importing Assets/FishNet/Demos/Prediction/Rigidbody/Materials/OrangeMat.mat using Guid(927568f7fc1cfa14ca78ab4e2ecd8d76) Importer(2089858483,0ecaa5967403d082aa24f35e1b516d23) [PhysX] Initialized MultithreadedTaskDispatcher with 8 workers.
 -> (artifact id: '58cea6173dc913a84eac85ca0f796d0e') in 0.015326 seconds
Number of updated asset objects reloaded before import = 0
Number of asset objects unloaded after import = 1
========================================================================
Received Import Request.
  Time since last request: 0.000029 seconds.
  path: Assets/FishNet/Demos/SceneManager/Additive Scenes/Observer Conditions/DistanceCondition.asset
  artifactKey: Guid(37bd3d466aaa29b4da784cddaaa365ea) Importer(2089858483,0ecaa5967403d082aa24f35e1b516d23)
Start importing Assets/FishNet/Demos/SceneManager/Additive Scenes/Observer Conditions/DistanceCondition.asset using Guid(37bd3d466aaa29b4da784cddaaa365ea) Importer(2089858483,0ecaa5967403d082aa24f35e1b516d23) [PhysX] Initialized MultithreadedTaskDispatcher with 8 workers.
 -> (artifact id: 'd7418ecbf71fbac657f0aa354ed5d2bc') in 0.018356 seconds
Number of updated asset objects reloaded before import = 0
Number of asset objects unloaded after import = 1
========================================================================
Received Import Request.
  Time since last request: 0.000026 seconds.
  path: Assets/FishNet/Demos/Prediction/CharacterController/Textures/Stamina_Bar.png
  artifactKey: Guid(f9b2bae1e919cc648a88e211cd094c53) Importer(2089858483,0ecaa5967403d082aa24f35e1b516d23)
Start importing Assets/FishNet/Demos/Prediction/CharacterController/Textures/Stamina_Bar.png using Guid(f9b2bae1e919cc648a88e211cd094c53) Importer(2089858483,0ecaa5967403d082aa24f35e1b516d23) [PhysX] Initialized MultithreadedTaskDispatcher with 8 workers.
 -> (artifact id: '38945f8262747f4dd8a8d8f6023ebfb5') in 0.152979 seconds
Number of updated asset objects reloaded before import = 0
Number of asset objects unloaded after import = 3
========================================================================
Received Import Request.
  Time since last request: 0.000049 seconds.
  path: Assets/FishNet/Demos/SceneManager/Additive Scenes/Scenes/AdditiveScenes_3.unity
  artifactKey: Guid(8ac819f926d1e914e9552e79c147082d) Importer(2089858483,0ecaa5967403d082aa24f35e1b516d23)
Start importing Assets/FishNet/Demos/SceneManager/Additive Scenes/Scenes/AdditiveScenes_3.unity using Guid(8ac819f926d1e914e9552e79c147082d) Importer(2089858483,0ecaa5967403d082aa24f35e1b516d23) [PhysX] Initialized MultithreadedTaskDispatcher with 8 workers.
 -> (artifact id: 'bcba60a3b2f62e5e318d07e6f49ede8c') in 0.018536 seconds
Number of updated asset objects reloaded before import = 0
Number of asset objects unloaded after import = 1
========================================================================
Received Import Request.
  Time since last request: 0.000054 seconds.
  path: Assets/FishNet/Demos/Prediction/Rigidbody/Materials/BlueMat.mat
  artifactKey: Guid(67717b2583b1d8644a7ed4857736c9cd) Importer(2089858483,0ecaa5967403d082aa24f35e1b516d23)
Start importing Assets/FishNet/Demos/Prediction/Rigidbody/Materials/BlueMat.mat using Guid(67717b2583b1d8644a7ed4857736c9cd) Importer(2089858483,0ecaa5967403d082aa24f35e1b516d23) [PhysX] Initialized MultithreadedTaskDispatcher with 8 workers.
 -> (artifact id: '697f3b21cb43dca443e66dbbfee179c2') in 0.019316 seconds
Number of updated asset objects reloaded before import = 0
Number of asset objects unloaded after import = 1
========================================================================
Received Import Request.
  Time since last request: 0.000041 seconds.
  path: Assets/FishNet/Demos/Prediction/Rigidbody/Materials/Slippery.physicMaterial
  artifactKey: Guid(5279afe67245e4641af070c5a02df994) Importer(2089858483,0ecaa5967403d082aa24f35e1b516d23)
Start importing Assets/FishNet/Demos/Prediction/Rigidbody/Materials/Slippery.physicMaterial using Guid(5279afe67245e4641af070c5a02df994) Importer(2089858483,0ecaa5967403d082aa24f35e1b516d23) [PhysX] Initialized MultithreadedTaskDispatcher with 8 workers.
 -> (artifact id: 'cafd8ab5eb65f798a13ce530ec9cac6d') in 0.015603 seconds
Number of updated asset objects reloaded before import = 0
Number of asset objects unloaded after import = 1
========================================================================
Received Import Request.
  Time since last request: 0.000028 seconds.
  path: Assets/FishNet/Demos/Prediction/Rigidbody/Textures/Stamina_Bar.png
  artifactKey: Guid(303016f61ea9dd642a6b2812b80f428e) Importer(2089858483,0ecaa5967403d082aa24f35e1b516d23)
Start importing Assets/FishNet/Demos/Prediction/Rigidbody/Textures/Stamina_Bar.png using Guid(303016f61ea9dd642a6b2812b80f428e) Importer(2089858483,0ecaa5967403d082aa24f35e1b516d23) [PhysX] Initialized MultithreadedTaskDispatcher with 8 workers.
 -> (artifact id: 'd7f0646d5acbb5c7364745221847a42c') in 0.030750 seconds
Number of updated asset objects reloaded before import = 0
Number of asset objects unloaded after import = 3
========================================================================
Received Import Request.
  Time since last request: 0.000024 seconds.
  path: Assets/FishNet/Demos/ColliderRollback/Prefabs/Rollback Visualization/ServerPosition.prefab
  artifactKey: Guid(85cfddb33a414594490116dc8e2a91f4) Importer(2089858483,0ecaa5967403d082aa24f35e1b516d23)
Start importing Assets/FishNet/Demos/ColliderRollback/Prefabs/Rollback Visualization/ServerPosition.prefab using Guid(85cfddb33a414594490116dc8e2a91f4) Importer(2089858483,0ecaa5967403d082aa24f35e1b516d23) [PhysX] Initialized MultithreadedTaskDispatcher with 8 workers.
 -> (artifact id: 'c3978163dcec5c8281225cf23bf61d5d') in 0.024119 seconds
Number of updated asset objects reloaded before import = 0
Number of asset objects unloaded after import = 7
========================================================================
Received Import Request.
  Time since last request: 0.000024 seconds.
  path: Assets/FishNet/Runtime/Generated/Component/TakeOwnership/PredictedSpawn.cs
  artifactKey: Guid(e2b597e1828355a4d994a69cbb11ef85) Importer(2089858483,0ecaa5967403d082aa24f35e1b516d23)
Start importing Assets/FishNet/Runtime/Generated/Component/TakeOwnership/PredictedSpawn.cs using Guid(e2b597e1828355a4d994a69cbb11ef85) Importer(2089858483,0ecaa5967403d082aa24f35e1b516d23) [PhysX] Initialized MultithreadedTaskDispatcher with 8 workers.
 -> (artifact id: '6e31635d1647313fe760e1ab4668b3f9') in 0.022861 seconds
Number of updated asset objects reloaded before import = 0
Number of asset objects unloaded after import = 2
========================================================================
Received Import Request.
  Time since last request: 0.000027 seconds.
  path: Assets/FishNet/Runtime/Generated/Component/Prediction/NetworkColliderBase.cs
  artifactKey: Guid(4fa87b975da969046b596d2669737932) Importer(2089858483,0ecaa5967403d082aa24f35e1b516d23)
Start importing Assets/FishNet/Runtime/Generated/Component/Prediction/NetworkColliderBase.cs using Guid(4fa87b975da969046b596d2669737932) Importer(2089858483,0ecaa5967403d082aa24f35e1b516d23) [PhysX] Initialized MultithreadedTaskDispatcher with 8 workers.
 -> (artifact id: 'b1d31398ed5be8a2d786ea834e2c373e') in 0.016564 seconds
Number of updated asset objects reloaded before import = 0
Number of asset objects unloaded after import = 1
========================================================================
Received Import Request.
  Time since last request: 0.000035 seconds.
  path: Assets/FishNet/Demos/SceneManager (Old Examples)/Scenes/Replace/ReplaceGlobal.unity
  artifactKey: Guid(fddd81e62368fe9448b0eb0a80da6bb4) Importer(2089858483,0ecaa5967403d082aa24f35e1b516d23)
Start importing Assets/FishNet/Demos/SceneManager (Old Examples)/Scenes/Replace/ReplaceGlobal.unity using Guid(fddd81e62368fe9448b0eb0a80da6bb4) Importer(2089858483,0ecaa5967403d082aa24f35e1b516d23) [PhysX] Initialized MultithreadedTaskDispatcher with 8 workers.
 -> (artifact id: 'f669d9951660ab0215838b0bdcdd6d47') in 0.012373 seconds
Number of updated asset objects reloaded before import = 0
Number of asset objects unloaded after import = 1
========================================================================
Received Import Request.
  Time since last request: 0.000083 seconds.
  path: Assets/FishNet/Demos/SceneManager (Old Examples)/Scenes/Replace/ReplaceMain.unity
  artifactKey: Guid(099398b014b86004abd99a7d21cf417a) Importer(2089858483,0ecaa5967403d082aa24f35e1b516d23)
Start importing Assets/FishNet/Demos/SceneManager (Old Examples)/Scenes/Replace/ReplaceMain.unity using Guid(099398b014b86004abd99a7d21cf417a) Importer(2089858483,0ecaa5967403d082aa24f35e1b516d23) [PhysX] Initialized MultithreadedTaskDispatcher with 8 workers.
 -> (artifact id: 'e69c1dcb17c61ba85d74b3194b65de38') in 0.011903 seconds
Number of updated asset objects reloaded before import = 0
Number of asset objects unloaded after import = 1
========================================================================
Received Import Request.
  Time since last request: 0.000040 seconds.
  path: Assets/FishNet/Runtime/Generated/Component/TickSmoothing/TickSmoothingManager.Types.cs
  artifactKey: Guid(59458bff2dda41a46a1b86c5512f9ff4) Importer(2089858483,0ecaa5967403d082aa24f35e1b516d23)
Start importing Assets/FishNet/Runtime/Generated/Component/TickSmoothing/TickSmoothingManager.Types.cs using Guid(59458bff2dda41a46a1b86c5512f9ff4) Importer(2089858483,0ecaa5967403d082aa24f35e1b516d23) [PhysX] Initialized MultithreadedTaskDispatcher with 8 workers.
 -> (artifact id: '936800b872eacb6f0487855dce2239df') in 0.012521 seconds
Number of updated asset objects reloaded before import = 0
Number of asset objects unloaded after import = 1
========================================================================
Received Import Request.
  Time since last request: 0.000028 seconds.
  path: Assets/FishNet/Runtime/Editor/Configuring/EditorCloning/CloneChecker.cs
  artifactKey: Guid(f63e9ae39a4fa65409189b5d587c5197) Importer(2089858483,0ecaa5967403d082aa24f35e1b516d23)
Start importing Assets/FishNet/Runtime/Editor/Configuring/EditorCloning/CloneChecker.cs using Guid(f63e9ae39a4fa65409189b5d587c5197) Importer(2089858483,0ecaa5967403d082aa24f35e1b516d23) [PhysX] Initialized MultithreadedTaskDispatcher with 8 workers.
 -> (artifact id: '50c2c5fe4cf5c340d9881e0007675276') in 0.013000 seconds
Number of updated asset objects reloaded before import = 0
Number of asset objects unloaded after import = 1
========================================================================
Received Import Request.
  Time since last request: 0.000023 seconds.
  path: Assets/FishNet/Runtime/Generated/Component/Prediction/NetworkCollider.cs
  artifactKey: Guid(4f977181495644345a4d0d821c31579f) Importer(2089858483,0ecaa5967403d082aa24f35e1b516d23)
Start importing Assets/FishNet/Runtime/Generated/Component/Prediction/NetworkCollider.cs using Guid(4f977181495644345a4d0d821c31579f) Importer(2089858483,0ecaa5967403d082aa24f35e1b516d23) [PhysX] Initialized MultithreadedTaskDispatcher with 8 workers.
 -> (artifact id: 'efec9a14ad6e8a96619f789a425a773f') in 0.018653 seconds
Number of updated asset objects reloaded before import = 0
Number of asset objects unloaded after import = 1
========================================================================
Received Import Request.
  Time since last request: 0.000031 seconds.
  path: Assets/FishNet/Runtime/Editor/Textures/UI/FishNet_Text.png
  artifactKey: Guid(9f392fdb366cd42408f283227989684c) Importer(2089858483,0ecaa5967403d082aa24f35e1b516d23)
Start importing Assets/FishNet/Runtime/Editor/Textures/UI/FishNet_Text.png using Guid(9f392fdb366cd42408f283227989684c) Importer(2089858483,0ecaa5967403d082aa24f35e1b516d23) [PhysX] Initialized MultithreadedTaskDispatcher with 8 workers.
 -> (artifact id: 'defb474d2317a171eff9ede361ee32a5') in 0.029614 seconds
Number of updated asset objects reloaded before import = 0
Number of asset objects unloaded after import = 3
========================================================================
Received Import Request.
  Time since last request: 0.000036 seconds.
  path: Assets/FishNet/Demos/SceneManager (Old Examples)/Scenes/Additive/AdditiveMain.unity
  artifactKey: Guid(e7d3ac2d556912042aca9aa1947aea07) Importer(2089858483,0ecaa5967403d082aa24f35e1b516d23)
Start importing Assets/FishNet/Demos/SceneManager (Old Examples)/Scenes/Additive/AdditiveMain.unity using Guid(e7d3ac2d556912042aca9aa1947aea07) Importer(2089858483,0ecaa5967403d082aa24f35e1b516d23) [PhysX] Initialized MultithreadedTaskDispatcher with 8 workers.
 -> (artifact id: '2c839bcae735c6c581914cfe2aa9a8e9') in 0.012145 seconds
Number of updated asset objects reloaded before import = 0
Number of asset objects unloaded after import = 1
========================================================================
Received Import Request.
  Time since last request: 0.000055 seconds.
  path: Assets/FishNet/Runtime/Editor/Textures/UI/Client_Text.png
  artifactKey: Guid(3ae205103debe66408545096e23a3780) Importer(2089858483,0ecaa5967403d082aa24f35e1b516d23)
Start importing Assets/FishNet/Runtime/Editor/Textures/UI/Client_Text.png using Guid(3ae205103debe66408545096e23a3780) Importer(2089858483,0ecaa5967403d082aa24f35e1b516d23) [PhysX] Initialized MultithreadedTaskDispatcher with 8 workers.
 -> (artifact id: '978c2595981a42f8760df9f7685b13d2') in 0.029263 seconds
Number of updated asset objects reloaded before import = 0
Number of asset objects unloaded after import = 3
========================================================================
Received Import Request.
  Time since last request: 0.000026 seconds.
  path: Assets/FishNet/Runtime/Editor/Textures/Icon/fishnet_light.png
  artifactKey: Guid(bf9191e2e07d29749bca3a1ae44e4bc8) Importer(2089858483,0ecaa5967403d082aa24f35e1b516d23)
Start importing Assets/FishNet/Runtime/Editor/Textures/Icon/fishnet_light.png using Guid(bf9191e2e07d29749bca3a1ae44e4bc8) Importer(2089858483,0ecaa5967403d082aa24f35e1b516d23) [PhysX] Initialized MultithreadedTaskDispatcher with 8 workers.
 -> (artifact id: '2055fcb2bfe199bae08bd1ac199921d9') in 0.023193 seconds
Number of updated asset objects reloaded before import = 0
Number of asset objects unloaded after import = 1
========================================================================
Received Import Request.
  Time since last request: 0.000139 seconds.
  path: Assets/FishNet/Runtime/Generated/Component/Prediction/NetworkTrigger2D.cs
  artifactKey: Guid(a60424afcf0b5984dbe878a1f21c10b2) Importer(2089858483,0ecaa5967403d082aa24f35e1b516d23)
Start importing Assets/FishNet/Runtime/Generated/Component/Prediction/NetworkTrigger2D.cs using Guid(a60424afcf0b5984dbe878a1f21c10b2) Importer(2089858483,0ecaa5967403d082aa24f35e1b516d23) [PhysX] Initialized MultithreadedTaskDispatcher with 8 workers.
 -> (artifact id: '5bdfea09a9743be6dbb8130a20559e93') in 0.011778 seconds
Number of updated asset objects reloaded before import = 0
Number of asset objects unloaded after import = 1
========================================================================
Received Import Request.
  Time since last request: 0.000028 seconds.
  path: Assets/FishNet/Runtime/Generated/Component/Spawning/ServerSpawner.cs
  artifactKey: Guid(859294e5d2aaf9a47b1e00bd20772f2b) Importer(2089858483,0ecaa5967403d082aa24f35e1b516d23)
Start importing Assets/FishNet/Runtime/Generated/Component/Spawning/ServerSpawner.cs using Guid(859294e5d2aaf9a47b1e00bd20772f2b) Importer(2089858483,0ecaa5967403d082aa24f35e1b516d23) [PhysX] Initialized MultithreadedTaskDispatcher with 8 workers.
 -> (artifact id: '07f3bf17052651e09214a8cd300e9d54') in 0.016431 seconds
Number of updated asset objects reloaded before import = 0
Number of asset objects unloaded after import = 2
========================================================================
Received Import Request.
  Time since last request: 0.000036 seconds.
  path: Assets/FishNet/Runtime/Editor/Configuring/EditorCloning/EditorCloneType.cs
  artifactKey: Guid(9ef534ed79b320b4c8961e3666159de1) Importer(2089858483,0ecaa5967403d082aa24f35e1b516d23)
Start importing Assets/FishNet/Runtime/Editor/Configuring/EditorCloning/EditorCloneType.cs using Guid(9ef534ed79b320b4c8961e3666159de1) Importer(2089858483,0ecaa5967403d082aa24f35e1b516d23) [PhysX] Initialized MultithreadedTaskDispatcher with 8 workers.
 -> (artifact id: '6f86385a6d51e3f586b182715da9f35f') in 0.011589 seconds
Number of updated asset objects reloaded before import = 0
Number of asset objects unloaded after import = 1
========================================================================
Received Import Request.
  Time since last request: 0.000026 seconds.
  path: Assets/FishNet/Runtime/Generated/Component/TickSmoothing/NetworkTickSmoother.cs
  artifactKey: Guid(453481867b26f7c43b5bf38802a5f50e) Importer(2089858483,0ecaa5967403d082aa24f35e1b516d23)
Start importing Assets/FishNet/Runtime/Generated/Component/TickSmoothing/NetworkTickSmoother.cs using Guid(453481867b26f7c43b5bf38802a5f50e) Importer(2089858483,0ecaa5967403d082aa24f35e1b516d23) [PhysX] Initialized MultithreadedTaskDispatcher with 8 workers.
 -> (artifact id: '5a4cdc4f094da23320b59130e7171d50') in 0.014416 seconds
Number of updated asset objects reloaded before import = 0
Number of asset objects unloaded after import = 1
========================================================================
Received Import Request.
  Time since last request: 0.000025 seconds.
  path: Assets/FishNet/Demos/Benchmarks/NetworkTransform/Prefabs/NetworkTransform Benchmark 3D Normal.prefab
  artifactKey: Guid(fe2b65b02f0484b41aa8cfa9fbbb0e1d) Importer(2089858483,0ecaa5967403d082aa24f35e1b516d23)
Start importing Assets/FishNet/Demos/Benchmarks/NetworkTransform/Prefabs/NetworkTransform Benchmark 3D Normal.prefab using Guid(fe2b65b02f0484b41aa8cfa9fbbb0e1d) Importer(2089858483,0ecaa5967403d082aa24f35e1b516d23) [PhysX] Initialized MultithreadedTaskDispatcher with 8 workers.
 -> (artifact id: '1370815690194869ba44fb0ea81b319f') in 0.038206 seconds
Number of updated asset objects reloaded before import = 0
Number of asset objects unloaded after import = 11
========================================================================
Received Import Request.
  Time since last request: 0.000022 seconds.
  path: Assets/FishNet/Demos/Prediction/Rigidbody/Materials/RedMat.mat
  artifactKey: Guid(6be79d27c10a3804cbb4a941d6c063ee) Importer(2089858483,0ecaa5967403d082aa24f35e1b516d23)
Start importing Assets/FishNet/Demos/Prediction/Rigidbody/Materials/RedMat.mat using Guid(6be79d27c10a3804cbb4a941d6c063ee) Importer(2089858483,0ecaa5967403d082aa24f35e1b516d23) [PhysX] Initialized MultithreadedTaskDispatcher with 8 workers.
 -> (artifact id: '4806a07c80462636d8275fc3db2cb151') in 0.014339 seconds
Number of updated asset objects reloaded before import = 0
Number of asset objects unloaded after import = 1
========================================================================
Received Import Request.
  Time since last request: 0.000027 seconds.
  path: Assets/FishNet/Runtime/Plugins/CodeAnalysis/FishNet.CodeAnalysis.dll
  artifactKey: Guid(620557a5e202e644cb322b8fcc9422ea) Importer(2089858483,0ecaa5967403d082aa24f35e1b516d23)
Start importing Assets/FishNet/Runtime/Plugins/CodeAnalysis/FishNet.CodeAnalysis.dll using Guid(620557a5e202e644cb322b8fcc9422ea) Importer(2089858483,0ecaa5967403d082aa24f35e1b516d23) [PhysX] Initialized MultithreadedTaskDispatcher with 8 workers.
 -> (artifact id: 'f9211e3440ad385debbe6e06e2535afa') in 0.017249 seconds
Number of updated asset objects reloaded before import = 0
Number of asset objects unloaded after import = 1
========================================================================
Received Import Request.
  Time since last request: 0.000033 seconds.
  path: Assets/FishNet/Demos/SceneManager/Additive Scenes/Materials/TreeGrowth.mat
  artifactKey: Guid(92aa8b0f5f5816f4cae8c6f2091860d4) Importer(2089858483,0ecaa5967403d082aa24f35e1b516d23)
Start importing Assets/FishNet/Demos/SceneManager/Additive Scenes/Materials/TreeGrowth.mat using Guid(92aa8b0f5f5816f4cae8c6f2091860d4) Importer(2089858483,0ecaa5967403d082aa24f35e1b516d23) [PhysX] Initialized MultithreadedTaskDispatcher with 8 workers.
 -> (artifact id: '7170e25d5f1c7c2c9eaba4b591331091') in 0.018618 seconds
Number of updated asset objects reloaded before import = 0
Number of asset objects unloaded after import = 1
========================================================================
Received Import Request.
  Time since last request: 0.000035 seconds.
  path: Assets/FishNet/Runtime/Serializing/SubStream/SubStream.cs
  artifactKey: Guid(384099d97a6ecd148a73ef36bed6461e) Importer(2089858483,0ecaa5967403d082aa24f35e1b516d23)
Start importing Assets/FishNet/Runtime/Serializing/SubStream/SubStream.cs using Guid(384099d97a6ecd148a73ef36bed6461e) Importer(2089858483,0ecaa5967403d082aa24f35e1b516d23) [PhysX] Initialized MultithreadedTaskDispatcher with 8 workers.
 -> (artifact id: '25babd7709bad2714daa6a57b871b82e') in 0.012797 seconds
Number of updated asset objects reloaded before import = 0
Number of asset objects unloaded after import = 1
========================================================================
Received Import Request.
  Time since last request: 0.000026 seconds.
  path: Assets/FishNet/Runtime/Editor/Textures/UI/Logo_With_Text.png
  artifactKey: Guid(5ea1cf1e0e57aff4e9ad3cd4246b0e80) Importer(2089858483,0ecaa5967403d082aa24f35e1b516d23)
Start importing Assets/FishNet/Runtime/Editor/Textures/UI/Logo_With_Text.png using Guid(5ea1cf1e0e57aff4e9ad3cd4246b0e80) Importer(2089858483,0ecaa5967403d082aa24f35e1b516d23) [PhysX] Initialized MultithreadedTaskDispatcher with 8 workers.
 -> (artifact id: 'dabf36f4cf61515c686b4d713bb41aa9') in 0.026470 seconds
Number of updated asset objects reloaded before import = 0
Number of asset objects unloaded after import = 1
========================================================================
Received Import Request.
  Time since last request: 0.000028 seconds.
  path: Assets/FishNet/CodeGenerating/cecil-0.11.4/rocks/Mono.Cecil.Rocks/ILParser.cs
  artifactKey: Guid(2916628c81c279046adb746612d6067b) Importer(2089858483,0ecaa5967403d082aa24f35e1b516d23)
Start importing Assets/FishNet/CodeGenerating/cecil-0.11.4/rocks/Mono.Cecil.Rocks/ILParser.cs using Guid(2916628c81c279046adb746612d6067b) Importer(2089858483,0ecaa5967403d082aa24f35e1b516d23) [PhysX] Initialized MultithreadedTaskDispatcher with 8 workers.
 -> (artifact id: '97c0bdf52bb9acc5057b5ee871f52aa6') in 0.014735 seconds
Number of updated asset objects reloaded before import = 0
Number of asset objects unloaded after import = 1
========================================================================
Received Import Request.
  Time since last request: 0.000127 seconds.
  path: Assets/FishNet/Demos/ColliderRollback/Prefabs/Particles/Pistol Muzzle Flash.prefab
  artifactKey: Guid(4385a793e032d634bb912f84a23d6db1) Importer(2089858483,0ecaa5967403d082aa24f35e1b516d23)
Start importing Assets/FishNet/Demos/ColliderRollback/Prefabs/Particles/Pistol Muzzle Flash.prefab using Guid(4385a793e032d634bb912f84a23d6db1) Importer(2089858483,0ecaa5967403d082aa24f35e1b516d23) [PhysX] Initialized MultithreadedTaskDispatcher with 8 workers.
 -> (artifact id: '7c803389a1ad8d07aff7b0060ae5916c') in 0.015865 seconds
Number of updated asset objects reloaded before import = 0
Number of asset objects unloaded after import = 9
========================================================================
Received Import Request.
  Time since last request: 0.000030 seconds.
  path: Assets/FishNet/Runtime/Generated/Component/TickSmoothing/TickSmootherController.Threaded.cs
  artifactKey: Guid(08a69e2de19910a4c848f7c34af11e41) Importer(2089858483,0ecaa5967403d082aa24f35e1b516d23)
Start importing Assets/FishNet/Runtime/Generated/Component/TickSmoothing/TickSmootherController.Threaded.cs using Guid(08a69e2de19910a4c848f7c34af11e41) Importer(2089858483,0ecaa5967403d082aa24f35e1b516d23) [PhysX] Initialized MultithreadedTaskDispatcher with 8 workers.
 -> (artifact id: '4eb494ff727dfc30d17d4621ba3dfb1f') in 0.014787 seconds
Number of updated asset objects reloaded before import = 0
Number of asset objects unloaded after import = 1
========================================================================
Received Import Request.
  Time since last request: 0.000024 seconds.
  path: Assets/FishNet/Runtime/Serializing/Helping/Broadcasts.cs
  artifactKey: Guid(0636e29429649a24795091f80edbd892) Importer(2089858483,0ecaa5967403d082aa24f35e1b516d23)
Start importing Assets/FishNet/Runtime/Serializing/Helping/Broadcasts.cs using Guid(0636e29429649a24795091f80edbd892) Importer(2089858483,0ecaa5967403d082aa24f35e1b516d23) [PhysX] Initialized MultithreadedTaskDispatcher with 8 workers.
 -> (artifact id: '9a40328bc94979d96856008d7bb3dbf3') in 0.012474 seconds
Number of updated asset objects reloaded before import = 0
Number of asset objects unloaded after import = 1
========================================================================
Received Import Request.
  Time since last request: 0.000096 seconds.
  path: Assets/FishNet/Runtime/Plugins/ColliderRollback/Scripts/ColliderRollback.cs
  artifactKey: Guid(01a271dd97d875347b0cea860df29a9d) Importer(2089858483,0ecaa5967403d082aa24f35e1b516d23)
Start importing Assets/FishNet/Runtime/Plugins/ColliderRollback/Scripts/ColliderRollback.cs using Guid(01a271dd97d875347b0cea860df29a9d) Importer(2089858483,0ecaa5967403d082aa24f35e1b516d23) [PhysX] Initialized MultithreadedTaskDispatcher with 8 workers.
 -> (artifact id: '82b387903a44ffd6f35e8a4a6fa9e2d7') in 0.015461 seconds
Number of updated asset objects reloaded before import = 0
Number of asset objects unloaded after import = 2
========================================================================
Received Import Request.
  Time since last request: 0.000028 seconds.
  path: Assets/FishNet/Runtime/Managing/Observing/Editor/ObserverManagerEditor.cs
  artifactKey: Guid(86e21ffc228c07d4891b6e74080b8c90) Importer(2089858483,0ecaa5967403d082aa24f35e1b516d23)
Start importing Assets/FishNet/Runtime/Managing/Observing/Editor/ObserverManagerEditor.cs using Guid(86e21ffc228c07d4891b6e74080b8c90) Importer(2089858483,0ecaa5967403d082aa24f35e1b516d23) [PhysX] Initialized MultithreadedTaskDispatcher with 8 workers.
 -> (artifact id: '551dd3bfe9a97211399409de8b702c51') in 0.015809 seconds
Number of updated asset objects reloaded before import = 0
Number of asset objects unloaded after import = 1
========================================================================
Received Import Request.
  Time since last request: 0.000026 seconds.
  path: Assets/FishNet/Runtime/Managing/Server/Object/ServerObjects.cs
  artifactKey: Guid(d5e7f3005cbc7924f99819311c58651a) Importer(2089858483,0ecaa5967403d082aa24f35e1b516d23)
Start importing Assets/FishNet/Runtime/Managing/Server/Object/ServerObjects.cs using Guid(d5e7f3005cbc7924f99819311c58651a) Importer(2089858483,0ecaa5967403d082aa24f35e1b516d23) [PhysX] Initialized MultithreadedTaskDispatcher with 8 workers.
 -> (artifact id: '443988406377f98153def1e92aafa225') in 0.014956 seconds
Number of updated asset objects reloaded before import = 0
Number of asset objects unloaded after import = 1
========================================================================
Received Import Request.
  Time since last request: 0.000027 seconds.
  path: Assets/FishNet/Runtime/Plugins/ColliderRollback/Scripts/ColliderRollbackEditor.cs
  artifactKey: Guid(b0fd7d7c980dbbc49b3ab071b1974d33) Importer(2089858483,0ecaa5967403d082aa24f35e1b516d23)
Start importing Assets/FishNet/Runtime/Plugins/ColliderRollback/Scripts/ColliderRollbackEditor.cs using Guid(b0fd7d7c980dbbc49b3ab071b1974d33) Importer(2089858483,0ecaa5967403d082aa24f35e1b516d23) [PhysX] Initialized MultithreadedTaskDispatcher with 8 workers.
 -> (artifact id: '86a01c29872d45ef5248ae977e57acd7') in 0.013247 seconds
Number of updated asset objects reloaded before import = 0
Number of asset objects unloaded after import = 1
========================================================================
Received Import Request.
  Time since last request: 0.000027 seconds.
  path: Assets/FishNet/Runtime/Managing/Client/Object/ClientObjects.cs
  artifactKey: Guid(da027fa27b0c0994ebfa317968862970) Importer(2089858483,0ecaa5967403d082aa24f35e1b516d23)
Start importing Assets/FishNet/Runtime/Managing/Client/Object/ClientObjects.cs using Guid(da027fa27b0c0994ebfa317968862970) Importer(2089858483,0ecaa5967403d082aa24f35e1b516d23) [PhysX] Initialized MultithreadedTaskDispatcher with 8 workers.
 -> (artifact id: '9c711b6ffcf41dceea62a398b7afb60d') in 0.011380 seconds
Number of updated asset objects reloaded before import = 0
Number of asset objects unloaded after import = 1
========================================================================
Received Import Request.
  Time since last request: 0.000040 seconds.
  path: Assets/FishNet/Runtime/Managing/Server/Object/ServerObjects.Parsing.cs
  artifactKey: Guid(3cb6cef520a4ff44bb8c4814e566c5ff) Importer(2089858483,0ecaa5967403d082aa24f35e1b516d23)
Start importing Assets/FishNet/Runtime/Managing/Server/Object/ServerObjects.Parsing.cs using Guid(3cb6cef520a4ff44bb8c4814e566c5ff) Importer(2089858483,0ecaa5967403d082aa24f35e1b516d23) [PhysX] Initialized MultithreadedTaskDispatcher with 8 workers.
 -> (artifact id: 'fd6429addc56eb1e0bace9f01df35b28') in 0.012922 seconds
Number of updated asset objects reloaded before import = 0
Number of asset objects unloaded after import = 1
========================================================================
Received Import Request.
  Time since last request: 0.000032 seconds.
  path: Assets/FishNet/Runtime/Plugins/ColliderRollback/Scripts/RollbackCollection.Threaded.cs
  artifactKey: Guid(a06ebb5c8a2323940b9eab5fea5ae220) Importer(2089858483,0ecaa5967403d082aa24f35e1b516d23)
Start importing Assets/FishNet/Runtime/Plugins/ColliderRollback/Scripts/RollbackCollection.Threaded.cs using Guid(a06ebb5c8a2323940b9eab5fea5ae220) Importer(2089858483,0ecaa5967403d082aa24f35e1b516d23) [PhysX] Initialized MultithreadedTaskDispatcher with 8 workers.
 -> (artifact id: '1c3a16c53a429d2b95662452ed449097') in 0.012509 seconds
Number of updated asset objects reloaded before import = 0
Number of asset objects unloaded after import = 1
========================================================================
Received Import Request.
  Time since last request: 0.000039 seconds.
  path: Assets/FishNet/Runtime/Observing/Conditions/ScriptableObjects/DistanceCondition.asset
  artifactKey: Guid(5f33eb0e5b83b5546822cfe42a305657) Importer(2089858483,0ecaa5967403d082aa24f35e1b516d23)
Start importing Assets/FishNet/Runtime/Observing/Conditions/ScriptableObjects/DistanceCondition.asset using Guid(5f33eb0e5b83b5546822cfe42a305657) Importer(2089858483,0ecaa5967403d082aa24f35e1b516d23) [PhysX] Initialized MultithreadedTaskDispatcher with 8 workers.
 -> (artifact id: '9b995242ca242a388a8b55fedd24e318') in 0.016381 seconds
Number of updated asset objects reloaded before import = 0
Number of asset objects unloaded after import = 1
========================================================================
Received Import Request.
  Time since last request: 0.000027 seconds.
  path: Assets/FishNet/Runtime/Plugins/ColliderRollback/Scripts/ColliderRollback.Types.cs
  artifactKey: Guid(83b62057280ff8e4faf4a7344b9f3bda) Importer(2089858483,0ecaa5967403d082aa24f35e1b516d23)
Start importing Assets/FishNet/Runtime/Plugins/ColliderRollback/Scripts/ColliderRollback.Types.cs using Guid(83b62057280ff8e4faf4a7344b9f3bda) Importer(2089858483,0ecaa5967403d082aa24f35e1b516d23) [PhysX] Initialized MultithreadedTaskDispatcher with 8 workers.
 -> (artifact id: 'bdc84a8bef8ac2754a3c0dfababcd7fc') in 0.013572 seconds
Number of updated asset objects reloaded before import = 0
Number of asset objects unloaded after import = 2
========================================================================
Received Import Request.
  Time since last request: 0.000028 seconds.
  path: Assets/FishNet/Runtime/Managing/Scened/LoadUnloadDatas/LoadParams.cs
  artifactKey: Guid(d8b395f67f61b4e45830a70289a1901d) Importer(2089858483,0ecaa5967403d082aa24f35e1b516d23)
Start importing Assets/FishNet/Runtime/Managing/Scened/LoadUnloadDatas/LoadParams.cs using Guid(d8b395f67f61b4e45830a70289a1901d) Importer(2089858483,0ecaa5967403d082aa24f35e1b516d23) [PhysX] Initialized MultithreadedTaskDispatcher with 8 workers.
 -> (artifact id: '5569e8cdef4dac43a847e37ef3ed95ce') in 0.012749 seconds
Number of updated asset objects reloaded before import = 0
Number of asset objects unloaded after import = 1
========================================================================
Received Import Request.
  Time since last request: 0.000028 seconds.
  path: Assets/FishNet/Runtime/Generated/Component/Utility/DefaultScene.cs
  artifactKey: Guid(57ce8bbb58966cb45a7140f32da5327a) Importer(2089858483,0ecaa5967403d082aa24f35e1b516d23)
Start importing Assets/FishNet/Runtime/Generated/Component/Utility/DefaultScene.cs using Guid(57ce8bbb58966cb45a7140f32da5327a) Importer(2089858483,0ecaa5967403d082aa24f35e1b516d23) [PhysX] Initialized MultithreadedTaskDispatcher with 8 workers.
 -> (artifact id: 'f3bca6277fbccfc1beaa584fc482e7dd') in 0.016560 seconds
Number of updated asset objects reloaded before import = 0
Number of asset objects unloaded after import = 2
========================================================================
Received Import Request.
  Time since last request: 0.000031 seconds.
  path: Assets/FishNet/Runtime/Managing/Scened/LoadUnloadDatas/UnloadOptions.cs
  artifactKey: Guid(3de31d76de313bc49aefba61135fdffc) Importer(2089858483,0ecaa5967403d082aa24f35e1b516d23)
Start importing Assets/FishNet/Runtime/Managing/Scened/LoadUnloadDatas/UnloadOptions.cs using Guid(3de31d76de313bc49aefba61135fdffc) Importer(2089858483,0ecaa5967403d082aa24f35e1b516d23) [PhysX] Initialized MultithreadedTaskDispatcher with 8 workers.
 -> (artifact id: '63768c65cb637fc6c15afa26b1df830b') in 0.012892 seconds
Number of updated asset objects reloaded before import = 0
Number of asset objects unloaded after import = 1
========================================================================
Received Import Request.
  Time since last request: 0.000029 seconds.
  path: Assets/FishNet/Runtime/Observing/Conditions/GridCondition/HashGrid.cs
  artifactKey: Guid(0a9fc3aafb02eb74fb571c300f846bf2) Importer(2089858483,0ecaa5967403d082aa24f35e1b516d23)
Start importing Assets/FishNet/Runtime/Observing/Conditions/GridCondition/HashGrid.cs using Guid(0a9fc3aafb02eb74fb571c300f846bf2) Importer(2089858483,0ecaa5967403d082aa24f35e1b516d23) [PhysX] Initialized MultithreadedTaskDispatcher with 8 workers.
 -> (artifact id: '5366cbd4dc62ee5d1e7cbba528836f4a') in 0.013120 seconds
Number of updated asset objects reloaded before import = 0
Number of asset objects unloaded after import = 1
========================================================================
Received Import Request.
  Time since last request: 0.000027 seconds.
  path: Assets/FishNet/Runtime/Managing/Object/PrefabObjects/DefaultPrefabObjects.cs
  artifactKey: Guid(3ad70174b079c2f4ebc7931d3dd1af6f) Importer(2089858483,0ecaa5967403d082aa24f35e1b516d23)
Start importing Assets/FishNet/Runtime/Managing/Object/PrefabObjects/DefaultPrefabObjects.cs using Guid(3ad70174b079c2f4ebc7931d3dd1af6f) Importer(2089858483,0ecaa5967403d082aa24f35e1b516d23) [PhysX] Initialized MultithreadedTaskDispatcher with 8 workers.
 -> (artifact id: '8767970cd290b876544f0a984ee49585') in 0.013289 seconds
Number of updated asset objects reloaded before import = 0
Number of asset objects unloaded after import = 1
========================================================================
Received Import Request.
  Time since last request: 0.000028 seconds.
  path: Assets/FishNet/Runtime/Generated/Component/TickSmoothing/UniversalTickSmoother.cs
  artifactKey: Guid(3c9b47c92bed992428c9dbcb60f80916) Importer(2089858483,0ecaa5967403d082aa24f35e1b516d23)
Start importing Assets/FishNet/Runtime/Generated/Component/TickSmoothing/UniversalTickSmoother.cs using Guid(3c9b47c92bed992428c9dbcb60f80916) Importer(2089858483,0ecaa5967403d082aa24f35e1b516d23) [PhysX] Initialized MultithreadedTaskDispatcher with 8 workers.
 -> (artifact id: 'c16783e975d50c4c39eda4b756a4a0a8') in 0.012538 seconds
Number of updated asset objects reloaded before import = 0
Number of asset objects unloaded after import = 1
========================================================================
Received Import Request.
  Time since last request: 0.000049 seconds.
  path: Assets/FishNet/Runtime/Managing/Client/Object/ObjectCaching.cs
  artifactKey: Guid(54cb2af8ab4557d479acb7fed98bd0c3) Importer(2089858483,0ecaa5967403d082aa24f35e1b516d23)
Start importing Assets/FishNet/Runtime/Managing/Client/Object/ObjectCaching.cs using Guid(54cb2af8ab4557d479acb7fed98bd0c3) Importer(2089858483,0ecaa5967403d082aa24f35e1b516d23) [PhysX] Initialized MultithreadedTaskDispatcher with 8 workers.
 -> (artifact id: 'c0e9b85de0e905ced5331e51bfce1f51') in 0.012194 seconds
Number of updated asset objects reloaded before import = 0
Number of asset objects unloaded after import = 1
========================================================================
Received Import Request.
  Time since last request: 0.000028 seconds.
  path: Assets/FishNet/Runtime/Managing/Prediction/Editor/PredictionManagerEditor.cs
  artifactKey: Guid(5382c1ab98f25c8439d23140d36651fe) Importer(2089858483,0ecaa5967403d082aa24f35e1b516d23)
Start importing Assets/FishNet/Runtime/Managing/Prediction/Editor/PredictionManagerEditor.cs using Guid(5382c1ab98f25c8439d23140d36651fe) Importer(2089858483,0ecaa5967403d082aa24f35e1b516d23) [PhysX] Initialized MultithreadedTaskDispatcher with 8 workers.
 -> (artifact id: '73360128fba0363f2d78c7f207c6f0eb') in 0.014065 seconds
Number of updated asset objects reloaded before import = 0
Number of asset objects unloaded after import = 1
========================================================================
Received Import Request.
  Time since last request: 0.000027 seconds.
  path: Assets/FishNet/Runtime/Managing/Scened/LoadUnloadDatas/LoadOptions.cs
  artifactKey: Guid(1614453d3786b2a4eb18b69297da7dc9) Importer(2089858483,0ecaa5967403d082aa24f35e1b516d23)
Start importing Assets/FishNet/Runtime/Managing/Scened/LoadUnloadDatas/LoadOptions.cs using Guid(1614453d3786b2a4eb18b69297da7dc9) Importer(2089858483,0ecaa5967403d082aa24f35e1b516d23) [PhysX] Initialized MultithreadedTaskDispatcher with 8 workers.
 -> (artifact id: '5a8e58197ec400e4fc0201906a7f5f27') in 0.013370 seconds
Number of updated asset objects reloaded before import = 0
Number of asset objects unloaded after import = 1
========================================================================
Received Import Request.
  Time since last request: 0.000041 seconds.
  path: Assets/FishNet/Runtime/Managing/Client/Editor/ClientManagerEditor.cs
  artifactKey: Guid(a652d51a1efa8a442966e885e2736599) Importer(2089858483,0ecaa5967403d082aa24f35e1b516d23)
Start importing Assets/FishNet/Runtime/Managing/Client/Editor/ClientManagerEditor.cs using Guid(a652d51a1efa8a442966e885e2736599) Importer(2089858483,0ecaa5967403d082aa24f35e1b516d23) [PhysX] Initialized MultithreadedTaskDispatcher with 8 workers.
 -> (artifact id: '8054471bfe125c527fefff172f35f9d8') in 0.014356 seconds
Number of updated asset objects reloaded before import = 0
Number of asset objects unloaded after import = 1
========================================================================
Received Import Request.
  Time since last request: 0.000027 seconds.
  path: Assets/FishNet/Runtime/Managing/Server/Object/ServerObjects.Observers.cs
  artifactKey: Guid(02d93fa4a653dd64da0bb338b82f4740) Importer(2089858483,0ecaa5967403d082aa24f35e1b516d23)
Start importing Assets/FishNet/Runtime/Managing/Server/Object/ServerObjects.Observers.cs using Guid(02d93fa4a653dd64da0bb338b82f4740) Importer(2089858483,0ecaa5967403d082aa24f35e1b516d23) [PhysX] Initialized MultithreadedTaskDispatcher with 8 workers.
 -> (artifact id: '573129d48c2cbcee5e271541d38df40d') in 0.013185 seconds
Number of updated asset objects reloaded before import = 0
Number of asset objects unloaded after import = 1
========================================================================
Received Import Request.
  Time since last request: 0.000036 seconds.
  path: Assets/FishNet/Runtime/Managing/Timing/Editor/TimeManagerEditor.cs
  artifactKey: Guid(12987a8c0302190489ecb55f6fbd494e) Importer(2089858483,0ecaa5967403d082aa24f35e1b516d23)
Start importing Assets/FishNet/Runtime/Managing/Timing/Editor/TimeManagerEditor.cs using Guid(12987a8c0302190489ecb55f6fbd494e) Importer(2089858483,0ecaa5967403d082aa24f35e1b516d23) [PhysX] Initialized MultithreadedTaskDispatcher with 8 workers.
 -> (artifact id: 'f9722d7118015a69b5998fa6f2abe055') in 0.012489 seconds
Number of updated asset objects reloaded before import = 0
Number of asset objects unloaded after import = 1
========================================================================
Received Import Request.
  Time since last request: 0.000042 seconds.
  path: Assets/FishNet/Runtime/Managing/Scened/Events/ClientPresenceChangeEventArgs.cs
  artifactKey: Guid(fa91039d4ab1c6445af72881af122b0a) Importer(2089858483,0ecaa5967403d082aa24f35e1b516d23)
Start importing Assets/FishNet/Runtime/Managing/Scened/Events/ClientPresenceChangeEventArgs.cs using Guid(fa91039d4ab1c6445af72881af122b0a) Importer(2089858483,0ecaa5967403d082aa24f35e1b516d23) [PhysX] Initialized MultithreadedTaskDispatcher with 8 workers.
 -> (artifact id: '63f2f3c5b33534b5b9a673d1374b4c98') in 0.013514 seconds
Number of updated asset objects reloaded before import = 0
Number of asset objects unloaded after import = 1
========================================================================
Received Import Request.
  Time since last request: 0.000065 seconds.
  path: Assets/FishNet/Runtime/Serializing/Helping/ReservedWriters.cs
  artifactKey: Guid(b9fd1f1770c15f54da31f3903a8714ab) Importer(2089858483,0ecaa5967403d082aa24f35e1b516d23)
Start importing Assets/FishNet/Runtime/Serializing/Helping/ReservedWriters.cs using Guid(b9fd1f1770c15f54da31f3903a8714ab) Importer(2089858483,0ecaa5967403d082aa24f35e1b516d23) [PhysX] Initialized MultithreadedTaskDispatcher with 8 workers.
 -> (artifact id: '703e11c2ba6f19c9ced5af8a1186877e') in 0.012529 seconds
Number of updated asset objects reloaded before import = 0
Number of asset objects unloaded after import = 1
========================================================================
Received Import Request.
  Time since last request: 0.000051 seconds.
  path: Assets/FishNet/Runtime/Observing/Conditions/ScriptableObjects/HostOnlyCondition.asset
  artifactKey: Guid(9ff842b44ec59314d9efcecbcdbaac04) Importer(2089858483,0ecaa5967403d082aa24f35e1b516d23)
Start importing Assets/FishNet/Runtime/Observing/Conditions/ScriptableObjects/HostOnlyCondition.asset using Guid(9ff842b44ec59314d9efcecbcdbaac04) Importer(2089858483,0ecaa5967403d082aa24f35e1b516d23) [PhysX] Initialized MultithreadedTaskDispatcher with 8 workers.
 -> (artifact id: 'dc74f84be743d4d4d7f952efb9f559d8') in 0.017370 seconds
Number of updated asset objects reloaded before import = 0
Number of asset objects unloaded after import = 1
========================================================================
Received Import Request.
  Time since last request: 0.000025 seconds.
  path: Assets/FishNet/Demos/ColliderRollback/Prefabs/Rollback Visualization/TextCanvas.prefab
  artifactKey: Guid(a7bbd13c7452746409efbaeae6a0d8e3) Importer(2089858483,0ecaa5967403d082aa24f35e1b516d23)
Start importing Assets/FishNet/Demos/ColliderRollback/Prefabs/Rollback Visualization/TextCanvas.prefab using Guid(a7bbd13c7452746409efbaeae6a0d8e3) Importer(2089858483,0ecaa5967403d082aa24f35e1b516d23) [PhysX] Initialized MultithreadedTaskDispatcher with 8 workers.
 -> (artifact id: 'ec4cac3cd2ae92588233974cd6d1df88') in 0.032442 seconds
Number of updated asset objects reloaded before import = 0
Number of asset objects unloaded after import = 17
========================================================================
Received Import Request.
  Time since last request: 0.000032 seconds.
  path: Assets/FishNet/Demos/Prediction/Rigidbody/Materials/GreenMat.mat
  artifactKey: Guid(7b5b45d5c3b714340a1ca8f4c642bd85) Importer(2089858483,0ecaa5967403d082aa24f35e1b516d23)
Start importing Assets/FishNet/Demos/Prediction/Rigidbody/Materials/GreenMat.mat using Guid(7b5b45d5c3b714340a1ca8f4c642bd85) Importer(2089858483,0ecaa5967403d082aa24f35e1b516d23) [PhysX] Initialized MultithreadedTaskDispatcher with 8 workers.
 -> (artifact id: '8d7e38dcb63a65c16aa2b53778b70d2b') in 0.017438 seconds
Number of updated asset objects reloaded before import = 0
Number of asset objects unloaded after import = 1
========================================================================
Received Import Request.
  Time since last request: 0.000026 seconds.
  path: Assets/FishNet/Runtime/Managing/Debugging/Editor/DebugManagerEditor.cs
  artifactKey: Guid(e6de332294b6706489cb1de30b878ac7) Importer(2089858483,0ecaa5967403d082aa24f35e1b516d23)
Start importing Assets/FishNet/Runtime/Managing/Debugging/Editor/DebugManagerEditor.cs using Guid(e6de332294b6706489cb1de30b878ac7) Importer(2089858483,0ecaa5967403d082aa24f35e1b516d23) [PhysX] Initialized MultithreadedTaskDispatcher with 8 workers.
 -> (artifact id: '4b08c66066e3c27055b16b4823639ac1') in 0.013682 seconds
Number of updated asset objects reloaded before import = 0
Number of asset objects unloaded after import = 1
========================================================================
Received Import Request.
  Time since last request: 0.000028 seconds.
  path: Assets/FishNet/Runtime/Serializing/UnityMathmatics/Serializers.UnityMathmaticsInt.cs
  artifactKey: Guid(74baebf467113dd4ca83dd656a4abb67) Importer(2089858483,0ecaa5967403d082aa24f35e1b516d23)
Start importing Assets/FishNet/Runtime/Serializing/UnityMathmatics/Serializers.UnityMathmaticsInt.cs using Guid(74baebf467113dd4ca83dd656a4abb67) Importer(2089858483,0ecaa5967403d082aa24f35e1b516d23) [PhysX] Initialized MultithreadedTaskDispatcher with 8 workers.
 -> (artifact id: 'd3200eeaedd1d33b2660077cc0fcea1f') in 0.012665 seconds
Number of updated asset objects reloaded before import = 0
Number of asset objects unloaded after import = 1
========================================================================
Received Import Request.
  Time since last request: 0.000045 seconds.
  path: Assets/FishNet/Runtime/Serializing/Helping/ValueConversions.cs
  artifactKey: Guid(008e79d0f22a2674189acc7eff64408f) Importer(2089858483,0ecaa5967403d082aa24f35e1b516d23)
Start importing Assets/FishNet/Runtime/Serializing/Helping/ValueConversions.cs using Guid(008e79d0f22a2674189acc7eff64408f) Importer(2089858483,0ecaa5967403d082aa24f35e1b516d23) [PhysX] Initialized MultithreadedTaskDispatcher with 8 workers.
 -> (artifact id: '8837dec8a31d3bb377e37b1ea9bd68f4') in 0.012442 seconds
Number of updated asset objects reloaded before import = 0
Number of asset objects unloaded after import = 1
========================================================================
Received Import Request.
  Time since last request: 0.000025 seconds.
  path: Assets/FishNet/Demos/Prediction/CharacterController/Prefabs/CharacterControllerPrediction.prefab
  artifactKey: Guid(5b712878ecece354ba4ffb026c0a221c) Importer(2089858483,0ecaa5967403d082aa24f35e1b516d23)
Start importing Assets/FishNet/Demos/Prediction/CharacterController/Prefabs/CharacterControllerPrediction.prefab using Guid(5b712878ecece354ba4ffb026c0a221c) Importer(2089858483,0ecaa5967403d082aa24f35e1b516d23) [PhysX] Initialized MultithreadedTaskDispatcher with 8 workers.
 -> (artifact id: 'e20ef1070568473b79088ed54f0218f0') in 0.034587 seconds
Number of updated asset objects reloaded before import = 0
Number of asset objects unloaded after import = 17
========================================================================
Received Import Request.
  Time since last request: 0.000027 seconds.
  path: Assets/FishNet/Demos/Prediction/CharacterController/Scripts/CharacterControllerPrediction.cs
  artifactKey: Guid(53a6d84aa5d214e48a7308646e5d20da) Importer(2089858483,0ecaa5967403d082aa24f35e1b516d23)
Start importing Assets/FishNet/Demos/Prediction/CharacterController/Scripts/CharacterControllerPrediction.cs using Guid(53a6d84aa5d214e48a7308646e5d20da) Importer(2089858483,0ecaa5967403d082aa24f35e1b516d23) [PhysX] Initialized MultithreadedTaskDispatcher with 8 workers.
 -> (artifact id: '5837bc3ad4ddec4da5db5fc82b8a3c1c') in 0.012743 seconds
Number of updated asset objects reloaded before import = 0
Number of asset objects unloaded after import = 1
========================================================================
Received Import Request.
  Time since last request: 0.000021 seconds.
  path: Assets/FishNet/Runtime/Generated/Component/TickSmoothing/MovementSettings.Threaded.cs
  artifactKey: Guid(7186c545fe7ae6148bec3847de098c65) Importer(2089858483,0ecaa5967403d082aa24f35e1b516d23)
Start importing Assets/FishNet/Runtime/Generated/Component/TickSmoothing/MovementSettings.Threaded.cs using Guid(7186c545fe7ae6148bec3847de098c65) Importer(2089858483,0ecaa5967403d082aa24f35e1b516d23) [PhysX] Initialized MultithreadedTaskDispatcher with 8 workers.
 -> (artifact id: '403429211cb4234ccb83dec553e31bdf') in 0.012239 seconds
Number of updated asset objects reloaded before import = 0
Number of asset objects unloaded after import = 1
========================================================================
Received Import Request.
  Time since last request: 0.000030 seconds.
  path: Assets/FishNet/Runtime/Transporting/Transports/Tugboat/Editor/TugboatEditor.cs
  artifactKey: Guid(578d8bb2922ac0648a90b969512b9779) Importer(2089858483,0ecaa5967403d082aa24f35e1b516d23)
Start importing Assets/FishNet/Runtime/Transporting/Transports/Tugboat/Editor/TugboatEditor.cs using Guid(578d8bb2922ac0648a90b969512b9779) Importer(2089858483,0ecaa5967403d082aa24f35e1b516d23) [PhysX] Initialized MultithreadedTaskDispatcher with 8 workers.
 -> (artifact id: '38d50008cc38b7fce91dc3be00a2cdcd') in 0.011325 seconds
Number of updated asset objects reloaded before import = 0
Number of asset objects unloaded after import = 1
========================================================================
Received Import Request.
  Time since last request: 0.000037 seconds.
  path: Assets/FishNet/Runtime/Generated/Component/TickSmoothing/Editor/MovementSettingsDrawer.Threaded.cs
  artifactKey: Guid(4cb0116961f72144f83da97d61e3aa2d) Importer(2089858483,0ecaa5967403d082aa24f35e1b516d23)
Start importing Assets/FishNet/Runtime/Generated/Component/TickSmoothing/Editor/MovementSettingsDrawer.Threaded.cs using Guid(4cb0116961f72144f83da97d61e3aa2d) Importer(2089858483,0ecaa5967403d082aa24f35e1b516d23) [PhysX] Initialized MultithreadedTaskDispatcher with 8 workers.
 -> (artifact id: '939a834b7745219b81af6b05263335f1') in 0.012821 seconds
Number of updated asset objects reloaded before import = 0
Number of asset objects unloaded after import = 1
========================================================================
Received Import Request.
  Time since last request: 0.000026 seconds.
  path: Assets/FishNet/Runtime/Plugins/GameKit/Dependencies/Utilities/IOs.cs
  artifactKey: Guid(b1994e262a1e963479497289602e4461) Importer(2089858483,0ecaa5967403d082aa24f35e1b516d23)
Start importing Assets/FishNet/Runtime/Plugins/GameKit/Dependencies/Utilities/IOs.cs using Guid(b1994e262a1e963479497289602e4461) Importer(2089858483,0ecaa5967403d082aa24f35e1b516d23) [PhysX] Initialized MultithreadedTaskDispatcher with 8 workers.
 -> (artifact id: '7a20778aeb94fdb334d856b69020f133') in 0.013522 seconds
Number of updated asset objects reloaded before import = 0
Number of asset objects unloaded after import = 1
========================================================================
Received Import Request.
  Time since last request: 0.000029 seconds.
  path: Assets/FishNet/Runtime/Plugins/GameKit/Dependencies/Utilities/Ints.cs
  artifactKey: Guid(c673118198f5c4b41986d52762828363) Importer(2089858483,0ecaa5967403d082aa24f35e1b516d23)
Start importing Assets/FishNet/Runtime/Plugins/GameKit/Dependencies/Utilities/Ints.cs using Guid(c673118198f5c4b41986d52762828363) Importer(2089858483,0ecaa5967403d082aa24f35e1b516d23) [PhysX] Initialized MultithreadedTaskDispatcher with 8 workers.
 -> (artifact id: 'a04b2f882b1ebde85260d07687a09ad1') in 0.017732 seconds
Number of updated asset objects reloaded before import = 0
Number of asset objects unloaded after import = 1
========================================================================
Received Import Request.
  Time since last request: 0.000038 seconds.
  path: Assets/FishNet/Demos/Prediction/Rigidbody/Scripts/Prefabs/RigidbodyPrediction.prefab
  artifactKey: Guid(26a567abbe21227428f5c3d309d1d73c) Importer(2089858483,0ecaa5967403d082aa24f35e1b516d23)
Start importing Assets/FishNet/Demos/Prediction/Rigidbody/Scripts/Prefabs/RigidbodyPrediction.prefab using Guid(26a567abbe21227428f5c3d309d1d73c) Importer(2089858483,0ecaa5967403d082aa24f35e1b516d23) [PhysX] Initialized MultithreadedTaskDispatcher with 8 workers.
 -> (artifact id: 'd4a2e5c08617e519f3ae23bc8ceb1f82') in 0.032169 seconds
Number of updated asset objects reloaded before import = 0
Number of asset objects unloaded after import = 27
========================================================================
Received Import Request.
  Time since last request: 0.000027 seconds.
  path: Assets/FishNet/Runtime/Plugins/GameKit/Dependencies/Utilities/Disks.cs
  artifactKey: Guid(a3a909760282d284591c20c873f20837) Importer(2089858483,0ecaa5967403d082aa24f35e1b516d23)
Start importing Assets/FishNet/Runtime/Plugins/GameKit/Dependencies/Utilities/Disks.cs using Guid(a3a909760282d284591c20c873f20837) Importer(2089858483,0ecaa5967403d082aa24f35e1b516d23) [PhysX] Initialized MultithreadedTaskDispatcher with 8 workers.
 -> (artifact id: '224578fc39df8639aaeff07e5c05245f') in 0.013133 seconds
Number of updated asset objects reloaded before import = 0
Number of asset objects unloaded after import = 1
========================================================================
Received Import Request.
  Time since last request: 0.000024 seconds.
  path: Assets/FishNet/Runtime/Transporting/Transports/Multipass/CHANGELOG.txt
  artifactKey: Guid(9b339dd67a0ce7f458236a3ad1d97322) Importer(2089858483,0ecaa5967403d082aa24f35e1b516d23)
Start importing Assets/FishNet/Runtime/Transporting/Transports/Multipass/CHANGELOG.txt using Guid(9b339dd67a0ce7f458236a3ad1d97322) Importer(2089858483,0ecaa5967403d082aa24f35e1b516d23) [PhysX] Initialized MultithreadedTaskDispatcher with 8 workers.
 -> (artifact id: '15ec98a9e16b0a16086b6d6dc761ad8a') in 0.011631 seconds
Number of updated asset objects reloaded before import = 0
Number of asset objects unloaded after import = 1
========================================================================
Received Import Request.
  Time since last request: 0.000025 seconds.
  path: Assets/FishNet/Runtime/Plugins/GameKit/Dependencies/Utilities/ObjectCaching.cs
  artifactKey: Guid(3cb13274f7491a941b6e89a767905f56) Importer(2089858483,0ecaa5967403d082aa24f35e1b516d23)
Start importing Assets/FishNet/Runtime/Plugins/GameKit/Dependencies/Utilities/ObjectCaching.cs using Guid(3cb13274f7491a941b6e89a767905f56) Importer(2089858483,0ecaa5967403d082aa24f35e1b516d23) [PhysX] Initialized MultithreadedTaskDispatcher with 8 workers.
 -> (artifact id: '2f8fa198fa58ebdc5a2e2db5923df2d5') in 0.015734 seconds
Number of updated asset objects reloaded before import = 0
Number of asset objects unloaded after import = 1
========================================================================
Received Import Request.
  Time since last request: 0.000040 seconds.
  path: Assets/FishNet/Runtime/Plugins/GameKit/Dependencies/Utilities/Materials.cs
  artifactKey: Guid(27a618c551d5fdb4ca70bf07e1905580) Importer(2089858483,0ecaa5967403d082aa24f35e1b516d23)
Start importing Assets/FishNet/Runtime/Plugins/GameKit/Dependencies/Utilities/Materials.cs using Guid(27a618c551d5fdb4ca70bf07e1905580) Importer(2089858483,0ecaa5967403d082aa24f35e1b516d23) [PhysX] Initialized MultithreadedTaskDispatcher with 8 workers.
 -> (artifact id: '6c26b3c23b5d1ff88d3771192a5da3eb') in 0.012656 seconds
Number of updated asset objects reloaded before import = 0
Number of asset objects unloaded after import = 1
========================================================================
Received Import Request.
  Time since last request: 0.000052 seconds.
  path: Assets/FishNet/Runtime/Plugins/GameKit/Dependencies/Utilities/NewInput.cs
  artifactKey: Guid(ea6d91237dc169249b4a375e7e9eef00) Importer(2089858483,0ecaa5967403d082aa24f35e1b516d23)
Start importing Assets/FishNet/Runtime/Plugins/GameKit/Dependencies/Utilities/NewInput.cs using Guid(ea6d91237dc169249b4a375e7e9eef00) Importer(2089858483,0ecaa5967403d082aa24f35e1b516d23) [PhysX] Initialized MultithreadedTaskDispatcher with 8 workers.
 -> (artifact id: '156fa398bb43efb672380b2f88dd3b88') in 0.011763 seconds
Number of updated asset objects reloaded before import = 0
Number of asset objects unloaded after import = 1
========================================================================
Received Import Request.
  Time since last request: 0.000025 seconds.
  path: Assets/FishNet/Runtime/Plugins/Yak/Core/LocalPacket.cs
  artifactKey: Guid(f52ce359669f91c4d981dc605a8875b7) Importer(2089858483,0ecaa5967403d082aa24f35e1b516d23)
Start importing Assets/FishNet/Runtime/Plugins/Yak/Core/LocalPacket.cs using Guid(f52ce359669f91c4d981dc605a8875b7) Importer(2089858483,0ecaa5967403d082aa24f35e1b516d23) [PhysX] Initialized MultithreadedTaskDispatcher with 8 workers.
 -> (artifact id: 'c64b45eee1b672f82f52dcd5ea8ec7b4') in 0.013685 seconds
Number of updated asset objects reloaded before import = 0
Number of asset objects unloaded after import = 1
========================================================================
Received Import Request.
  Time since last request: 0.000056 seconds.
  path: Assets/FishNet/Runtime/Plugins/GameKit/Dependencies/Utilities/Bytes.cs
  artifactKey: Guid(26489022ceafbfe4d85bfd5cccf37303) Importer(2089858483,0ecaa5967403d082aa24f35e1b516d23)
Start importing Assets/FishNet/Runtime/Plugins/GameKit/Dependencies/Utilities/Bytes.cs using Guid(26489022ceafbfe4d85bfd5cccf37303) Importer(2089858483,0ecaa5967403d082aa24f35e1b516d23) [PhysX] Initialized MultithreadedTaskDispatcher with 8 workers.
 -> (artifact id: 'e3f3da94c802486938613b8a2568ce72') in 0.013364 seconds
Number of updated asset objects reloaded before import = 0
Number of asset objects unloaded after import = 1
========================================================================
Received Import Request.
  Time since last request: 0.000042 seconds.
  path: Assets/FishNet/Runtime/Plugins/GameKit/Dependencies/Utilities/UInts.cs
  artifactKey: Guid(9d1ed50ac02fb974c8260d36bf2abfdc) Importer(2089858483,0ecaa5967403d082aa24f35e1b516d23)
Start importing Assets/FishNet/Runtime/Plugins/GameKit/Dependencies/Utilities/UInts.cs using Guid(9d1ed50ac02fb974c8260d36bf2abfdc) Importer(2089858483,0ecaa5967403d082aa24f35e1b516d23) [PhysX] Initialized MultithreadedTaskDispatcher with 8 workers.
 -> (artifact id: '4a251dd6215e68d1af8357e47c786728') in 0.012475 seconds
Number of updated asset objects reloaded before import = 0
Number of asset objects unloaded after import = 1
========================================================================
Received Import Request.
  Time since last request: 0.000025 seconds.
  path: Assets/FishNet/Runtime/Plugins/GameKit/Dependencies/Utilities/Vectors.cs
  artifactKey: Guid(6bf25d6d9fa7a754b85a60006db774c4) Importer(2089858483,0ecaa5967403d082aa24f35e1b516d23)
Start importing Assets/FishNet/Runtime/Plugins/GameKit/Dependencies/Utilities/Vectors.cs using Guid(6bf25d6d9fa7a754b85a60006db774c4) Importer(2089858483,0ecaa5967403d082aa24f35e1b516d23) [PhysX] Initialized MultithreadedTaskDispatcher with 8 workers.
 -> (artifact id: '27665e16b0769ca25dbe1e64dd5f578a') in 0.013009 seconds
Number of updated asset objects reloaded before import = 0
Number of asset objects unloaded after import = 1
========================================================================
Received Import Request.
  Time since last request: 0.000032 seconds.
  path: Assets/FishNet/Demos/ColliderRollback/Models/Weapons/Materials/Gray8.mat
  artifactKey: Guid(e86c377702aa20748ac223d70f899dc1) Importer(2089858483,0ecaa5967403d082aa24f35e1b516d23)
Start importing Assets/FishNet/Demos/ColliderRollback/Models/Weapons/Materials/Gray8.mat using Guid(e86c377702aa20748ac223d70f899dc1) Importer(2089858483,0ecaa5967403d082aa24f35e1b516d23) [PhysX] Initialized MultithreadedTaskDispatcher with 8 workers.
 -> (artifact id: '4c4656d9ce16089f5ac64cda9df840c2') in 0.015207 seconds
Number of updated asset objects reloaded before import = 0
Number of asset objects unloaded after import = 1
========================================================================
Received Import Request.
  Time since last request: 0.000040 seconds.
  path: Assets/FishNet/Runtime/Generated/Component/NetworkAnimator/Editor/NetworkAnimatorEditor.cs
  artifactKey: Guid(65609e99a0823a347a2f615b0e6f736e) Importer(2089858483,0ecaa5967403d082aa24f35e1b516d23)
Start importing Assets/FishNet/Runtime/Generated/Component/NetworkAnimator/Editor/NetworkAnimatorEditor.cs using Guid(65609e99a0823a347a2f615b0e6f736e) Importer(2089858483,0ecaa5967403d082aa24f35e1b516d23) [PhysX] Initialized MultithreadedTaskDispatcher with 8 workers.
 -> (artifact id: '450557d964d411ba235331c9ca254963') in 0.012892 seconds
Number of updated asset objects reloaded before import = 0
Number of asset objects unloaded after import = 1
========================================================================
Received Import Request.
  Time since last request: 0.000027 seconds.
  path: Assets/FishNet/Runtime/Plugins/GameKit/Dependencies/Utilities/CanvasGroups.cs
  artifactKey: Guid(c0e7937b287d3d24d807a115c1a3a464) Importer(2089858483,0ecaa5967403d082aa24f35e1b516d23)
Start importing Assets/FishNet/Runtime/Plugins/GameKit/Dependencies/Utilities/CanvasGroups.cs using Guid(c0e7937b287d3d24d807a115c1a3a464) Importer(2089858483,0ecaa5967403d082aa24f35e1b516d23) [PhysX] Initialized MultithreadedTaskDispatcher with 8 workers.
 -> (artifact id: 'cbffbf8d19dbcdfe6a62cf96097d6db5') in 0.014944 seconds
Number of updated asset objects reloaded before import = 0
Number of asset objects unloaded after import = 1
========================================================================
Received Import Request.
  Time since last request: 0.000029 seconds.
  path: Assets/FishNet/Runtime/Plugins/GameKit/Dependencies/Utilities/HashSets.cs
  artifactKey: Guid(552af765f3c527b4bb6d72c672044024) Importer(2089858483,0ecaa5967403d082aa24f35e1b516d23)
Start importing Assets/FishNet/Runtime/Plugins/GameKit/Dependencies/Utilities/HashSets.cs using Guid(552af765f3c527b4bb6d72c672044024) Importer(2089858483,0ecaa5967403d082aa24f35e1b516d23) [PhysX] Initialized MultithreadedTaskDispatcher with 8 workers.
 -> (artifact id: '45d045c9adc29067eb195097b1e30030') in 0.012635 seconds
Number of updated asset objects reloaded before import = 0
Number of asset objects unloaded after import = 1
========================================================================
Received Import Request.
  Time since last request: 0.000025 seconds.
  path: Assets/FishNet/Runtime/Transporting/Transports/Multipass/Multipass.cs
  artifactKey: Guid(314b449d3505bd24487ba69b61c2fda5) Importer(2089858483,0ecaa5967403d082aa24f35e1b516d23)
Start importing Assets/FishNet/Runtime/Transporting/Transports/Multipass/Multipass.cs using Guid(314b449d3505bd24487ba69b61c2fda5) Importer(2089858483,0ecaa5967403d082aa24f35e1b516d23) [PhysX] Initialized MultithreadedTaskDispatcher with 8 workers.
 -> (artifact id: '6fb30dd39c294d29a8f0b03049d2298f') in 0.013282 seconds
Number of updated asset objects reloaded before import = 0
Number of asset objects unloaded after import = 2
========================================================================
Received Import Request.
  Time since last request: 0.000028 seconds.
  path: Assets/FishNet/Runtime/Plugins/GameKit/Dependencies/Utilities/Quaternions.cs
  artifactKey: Guid(02a9084f4f788cd4293cdff56a49b5dd) Importer(2089858483,0ecaa5967403d082aa24f35e1b516d23)
Start importing Assets/FishNet/Runtime/Plugins/GameKit/Dependencies/Utilities/Quaternions.cs using Guid(02a9084f4f788cd4293cdff56a49b5dd) Importer(2089858483,0ecaa5967403d082aa24f35e1b516d23) [PhysX] Initialized MultithreadedTaskDispatcher with 8 workers.
 -> (artifact id: 'b0b2ed2f7e1bb562aecf5c9306273e02') in 0.015328 seconds
Number of updated asset objects reloaded before import = 0
Number of asset objects unloaded after import = 1
========================================================================
Received Import Request.
  Time since last request: 0.000030 seconds.
  path: Assets/FishNet/Runtime/Generated/Component/NetworkTransform/Editor/NetworkTransformEditor.cs
  artifactKey: Guid(3ed56c899b8ecf241a2bc3e40a2dabc1) Importer(2089858483,0ecaa5967403d082aa24f35e1b516d23)
Start importing Assets/FishNet/Runtime/Generated/Component/NetworkTransform/Editor/NetworkTransformEditor.cs using Guid(3ed56c899b8ecf241a2bc3e40a2dabc1) Importer(2089858483,0ecaa5967403d082aa24f35e1b516d23) [PhysX] Initialized MultithreadedTaskDispatcher with 8 workers.
 -> (artifact id: '0e840a72c52b4b5d00aba53bdd33139d') in 0.013115 seconds
Number of updated asset objects reloaded before import = 0
Number of asset objects unloaded after import = 1
========================================================================
Received Import Request.
  Time since last request: 0.000039 seconds.
  path: Assets/FishNet/Runtime/Plugins/GameKit/Dependencies/Utilities/Bools.cs
  artifactKey: Guid(602eeac4b016b174f90ae5e85254ac86) Importer(2089858483,0ecaa5967403d082aa24f35e1b516d23)
Start importing Assets/FishNet/Runtime/Plugins/GameKit/Dependencies/Utilities/Bools.cs using Guid(602eeac4b016b174f90ae5e85254ac86) Importer(2089858483,0ecaa5967403d082aa24f35e1b516d23) [PhysX] Initialized MultithreadedTaskDispatcher with 8 workers.
 -> (artifact id: 'c97626b73f7f6f0ec9e9e4e3b15f5c14') in 0.014174 seconds
Number of updated asset objects reloaded before import = 0
Number of asset objects unloaded after import = 1
========================================================================
Received Import Request.
  Time since last request: 0.000024 seconds.
  path: Assets/FishNet/Runtime/Plugins/ColliderRollback/Scripts/RollbackPhysicsType.cs
  artifactKey: Guid(82b31e74d64a0c44d8fa2f3b6b08ebca) Importer(2089858483,0ecaa5967403d082aa24f35e1b516d23)
Start importing Assets/FishNet/Runtime/Plugins/ColliderRollback/Scripts/RollbackPhysicsType.cs using Guid(82b31e74d64a0c44d8fa2f3b6b08ebca) Importer(2089858483,0ecaa5967403d082aa24f35e1b516d23) [PhysX] Initialized MultithreadedTaskDispatcher with 8 workers.
 -> (artifact id: '1d906df81471cd94a92272ec4764f473') in 0.012535 seconds
Number of updated asset objects reloaded before import = 0
Number of asset objects unloaded after import = 1
========================================================================
Received Import Request.
  Time since last request: 0.000063 seconds.
  path: Assets/FishNet/Runtime/Plugins/GameKit/Dependencies/Utilities/Floats.cs
  artifactKey: Guid(4ab517aa5c3b6e34ca20461339adda04) Importer(2089858483,0ecaa5967403d082aa24f35e1b516d23)
Start importing Assets/FishNet/Runtime/Plugins/GameKit/Dependencies/Utilities/Floats.cs using Guid(4ab517aa5c3b6e34ca20461339adda04) Importer(2089858483,0ecaa5967403d082aa24f35e1b516d23) [PhysX] Initialized MultithreadedTaskDispatcher with 8 workers.
 -> (artifact id: 'f1a2eed9ce31d77f775f6a036845acba') in 0.013697 seconds
Number of updated asset objects reloaded before import = 0
Number of asset objects unloaded after import = 1
========================================================================
Received Import Request.
  Time since last request: 0.000028 seconds.
  path: Assets/FishNet/Runtime/Plugins/GameKit/Dependencies/GameKit.Dependencies.asmdef
  artifactKey: Guid(1d82bdf40e2465b44b34adf79595e74c) Importer(2089858483,0ecaa5967403d082aa24f35e1b516d23)
Start importing Assets/FishNet/Runtime/Plugins/GameKit/Dependencies/GameKit.Dependencies.asmdef using Guid(1d82bdf40e2465b44b34adf79595e74c) Importer(2089858483,0ecaa5967403d082aa24f35e1b516d23) [PhysX] Initialized MultithreadedTaskDispatcher with 8 workers.
 -> (artifact id: '35a4486c7e3fad9e76e56388eb067c48') in 0.012609 seconds
Number of updated asset objects reloaded before import = 0
Number of asset objects unloaded after import = 1
========================================================================
Received Import Request.
  Time since last request: 0.000036 seconds.
  path: Assets/FishNet/Demos/ColliderRollback/Models/Weapons/Materials/Mesh1_Group2_Group1_ModelMat.mat
  artifactKey: Guid(15a077ea89f165e44938d08352278a6d) Importer(2089858483,0ecaa5967403d082aa24f35e1b516d23)
Start importing Assets/FishNet/Demos/ColliderRollback/Models/Weapons/Materials/Mesh1_Group2_Group1_ModelMat.mat using Guid(15a077ea89f165e44938d08352278a6d) Importer(2089858483,0ecaa5967403d082aa24f35e1b516d23) [PhysX] Initialized MultithreadedTaskDispatcher with 8 workers.
 -> (artifact id: 'ad4c67d410356a33de8ac9276cdddf19') in 0.014610 seconds
Number of updated asset objects reloaded before import = 0
Number of asset objects unloaded after import = 1
========================================================================
Received Import Request.
  Time since last request: 0.000028 seconds.
  path: Assets/FishNet/Runtime/Transporting/Transports/Tugboat/Core/ClientSocket.cs
  artifactKey: Guid(7944de5e4da77594db036e276174ee60) Importer(2089858483,0ecaa5967403d082aa24f35e1b516d23)
Start importing Assets/FishNet/Runtime/Transporting/Transports/Tugboat/Core/ClientSocket.cs using Guid(7944de5e4da77594db036e276174ee60) Importer(2089858483,0ecaa5967403d082aa24f35e1b516d23) [PhysX] Initialized MultithreadedTaskDispatcher with 8 workers.
 -> (artifact id: '634dcaa94d87bfc51699831a505524ce') in 0.014412 seconds
Number of updated asset objects reloaded before import = 0
Number of asset objects unloaded after import = 1
========================================================================
Received Import Request.
  Time since last request: 0.000025 seconds.
  path: Assets/FishNet/Runtime/Plugins/GameKit/Dependencies/Utilities/ApplicationState.cs
  artifactKey: Guid(54eb82a57a65e8548b57f5ca2a62bb76) Importer(2089858483,0ecaa5967403d082aa24f35e1b516d23)
Start importing Assets/FishNet/Runtime/Plugins/GameKit/Dependencies/Utilities/ApplicationState.cs using Guid(54eb82a57a65e8548b57f5ca2a62bb76) Importer(2089858483,0ecaa5967403d082aa24f35e1b516d23) [PhysX] Initialized MultithreadedTaskDispatcher with 8 workers.
 -> (artifact id: '782975d2decdbcf863a172b6e6a15341') in 0.012988 seconds
Number of updated asset objects reloaded before import = 0
Number of asset objects unloaded after import = 1
========================================================================
Received Import Request.
  Time since last request: 0.000047 seconds.
  path: Assets/FishNet/Runtime/Plugins/GameKit/Dependencies/Utilities/Transforms.cs
  artifactKey: Guid(ba23540de73f58b458e7d7a200f3bb30) Importer(2089858483,0ecaa5967403d082aa24f35e1b516d23)
Start importing Assets/FishNet/Runtime/Plugins/GameKit/Dependencies/Utilities/Transforms.cs using Guid(ba23540de73f58b458e7d7a200f3bb30) Importer(2089858483,0ecaa5967403d082aa24f35e1b516d23) [PhysX] Initialized MultithreadedTaskDispatcher with 8 workers.
 -> (artifact id: '18d3931cbddab6bf0df70208f0598d6a') in 0.011145 seconds
Number of updated asset objects reloaded before import = 0
Number of asset objects unloaded after import = 1
========================================================================
Received Import Request.
  Time since last request: 0.000032 seconds.
  path: Assets/Spaceflight Controls/Meshes/Temp/Materials/cube2_default2Mat.mat
  artifactKey: Guid(0c7b806bc486a0d45ad302001041fa43) Importer(2089858483,0ecaa5967403d082aa24f35e1b516d23)
Start importing Assets/Spaceflight Controls/Meshes/Temp/Materials/cube2_default2Mat.mat using Guid(0c7b806bc486a0d45ad302001041fa43) Importer(2089858483,0ecaa5967403d082aa24f35e1b516d23) [PhysX] Initialized MultithreadedTaskDispatcher with 8 workers.
 -> (artifact id: '36bbb7db3d5ea897625db70805fdeb68') in 0.016948 seconds
Number of updated asset objects reloaded before import = 0
Number of asset objects unloaded after import = 1
========================================================================
Received Import Request.
  Time since last request: 0.000036 seconds.
  path: Assets/FishNet/Runtime/Plugins/GameKit/Dependencies/Utilities/Strings.cs
  artifactKey: Guid(b396f2be4de550a4e92b552650311600) Importer(2089858483,0ecaa5967403d082aa24f35e1b516d23)
Start importing Assets/FishNet/Runtime/Plugins/GameKit/Dependencies/Utilities/Strings.cs using Guid(b396f2be4de550a4e92b552650311600) Importer(2089858483,0ecaa5967403d082aa24f35e1b516d23) [PhysX] Initialized MultithreadedTaskDispatcher with 8 workers.
 -> (artifact id: '67f76fd970ee227dee2241c52130fd5d') in 0.013272 seconds
Number of updated asset objects reloaded before import = 0
Number of asset objects unloaded after import = 1
========================================================================
Received Import Request.
  Time since last request: 0.000042 seconds.
  path: Assets/FishNet/Demos/SceneManager/Additive Scenes/Scripts/ServerScenePrewarmer.cs
  artifactKey: Guid(b06d5bb8c7e0da04581df0b9454b81b7) Importer(2089858483,0ecaa5967403d082aa24f35e1b516d23)
Start importing Assets/FishNet/Demos/SceneManager/Additive Scenes/Scripts/ServerScenePrewarmer.cs using Guid(b06d5bb8c7e0da04581df0b9454b81b7) Importer(2089858483,0ecaa5967403d082aa24f35e1b516d23) [PhysX] Initialized MultithreadedTaskDispatcher with 8 workers.
 -> (artifact id: '9744816d166fcae4a0bd6fc9c02f1ba0') in 0.014407 seconds
Number of updated asset objects reloaded before import = 0
Number of asset objects unloaded after import = 1
========================================================================
Received Import Request.
  Time since last request: 0.000025 seconds.
  path: Assets/FishNet/Runtime/Transporting/Transports/Tugboat/LiteNetLib/INetEventListener.cs
  artifactKey: Guid(79436ed5864cf48418ac341ea3c70a6b) Importer(2089858483,0ecaa5967403d082aa24f35e1b516d23)
Start importing Assets/FishNet/Runtime/Transporting/Transports/Tugboat/LiteNetLib/INetEventListener.cs using Guid(79436ed5864cf48418ac341ea3c70a6b) Importer(2089858483,0ecaa5967403d082aa24f35e1b516d23) [PhysX] Initialized MultithreadedTaskDispatcher with 8 workers.
 -> (artifact id: 'af3bd1445a6070418f615cf9fe40b5e1') in 0.015000 seconds
Number of updated asset objects reloaded before import = 0
Number of asset objects unloaded after import = 1
========================================================================
Received Import Request.
  Time since last request: 0.000029 seconds.
  path: Assets/FishNet/Runtime/Transporting/Transports/Tugboat/LiteNetLib/NetPeer.cs
  artifactKey: Guid(3e1a9277334c51545b92369c8e4c6d74) Importer(2089858483,0ecaa5967403d082aa24f35e1b516d23)
Start importing Assets/FishNet/Runtime/Transporting/Transports/Tugboat/LiteNetLib/NetPeer.cs using Guid(3e1a9277334c51545b92369c8e4c6d74) Importer(2089858483,0ecaa5967403d082aa24f35e1b516d23) [PhysX] Initialized MultithreadedTaskDispatcher with 8 workers.
 -> (artifact id: '0fb4e803620a8cafe00320d238cf9cdd') in 0.013008 seconds
Number of updated asset objects reloaded before import = 0
Number of asset objects unloaded after import = 1
========================================================================
Received Import Request.
  Time since last request: 0.000025 seconds.
  path: Assets/FishNet/Runtime/Transporting/Transports/Tugboat/LiteNetLib/NetDebug.cs
  artifactKey: Guid(9f50ae51c124bf1439e339eee1fcd6f5) Importer(2089858483,0ecaa5967403d082aa24f35e1b516d23)
Start importing Assets/FishNet/Runtime/Transporting/Transports/Tugboat/LiteNetLib/NetDebug.cs using Guid(9f50ae51c124bf1439e339eee1fcd6f5) Importer(2089858483,0ecaa5967403d082aa24f35e1b516d23) [PhysX] Initialized MultithreadedTaskDispatcher with 8 workers.
 -> (artifact id: '81f3b873d63c22c1c1ea00916a437f33') in 0.012492 seconds
Number of updated asset objects reloaded before import = 0
Number of asset objects unloaded after import = 1
========================================================================
Received Import Request.
  Time since last request: 0.000073 seconds.
  path: Assets/FishNet/Runtime/Plugins/GameKit/Dependencies/Utilities/Types/SceneAttribute.cs
  artifactKey: Guid(39fdd420f2fa10548af8c39d451d8a21) Importer(2089858483,0ecaa5967403d082aa24f35e1b516d23)
Start importing Assets/FishNet/Runtime/Plugins/GameKit/Dependencies/Utilities/Types/SceneAttribute.cs using Guid(39fdd420f2fa10548af8c39d451d8a21) Importer(2089858483,0ecaa5967403d082aa24f35e1b516d23) [PhysX] Initialized MultithreadedTaskDispatcher with 8 workers.
 -> (artifact id: '0b9e072473f19ba8e909668a2e452483') in 0.013235 seconds
Number of updated asset objects reloaded before import = 0
Number of asset objects unloaded after import = 1
========================================================================
Received Import Request.
  Time since last request: 0.000053 seconds.
  path: Assets/FishNet/Runtime/Plugins/GameKit/Dependencies/Utilities/Types/IntRange.cs
  artifactKey: Guid(16f03af589a154c47bcbcc3f82b710a6) Importer(2089858483,0ecaa5967403d082aa24f35e1b516d23)
Start importing Assets/FishNet/Runtime/Plugins/GameKit/Dependencies/Utilities/Types/IntRange.cs using Guid(16f03af589a154c47bcbcc3f82b710a6) Importer(2089858483,0ecaa5967403d082aa24f35e1b516d23) [PhysX] Initialized MultithreadedTaskDispatcher with 8 workers.
 -> (artifact id: 'd2ad989e748c1e595bbebd975a205aa2') in 0.017492 seconds
Number of updated asset objects reloaded before import = 0
Number of asset objects unloaded after import = 1
========================================================================
Received Import Request.
  Time since last request: 0.000027 seconds.
  path: Assets/FishNet/Runtime/Plugins/GameKit/Dependencies/Utilities/Types/Editor/SceneDrawer.cs
  artifactKey: Guid(c144891e57ef5054d9b7e03b82c00cf2) Importer(2089858483,0ecaa5967403d082aa24f35e1b516d23)
Start importing Assets/FishNet/Runtime/Plugins/GameKit/Dependencies/Utilities/Types/Editor/SceneDrawer.cs using Guid(c144891e57ef5054d9b7e03b82c00cf2) Importer(2089858483,0ecaa5967403d082aa24f35e1b516d23) [PhysX] Initialized MultithreadedTaskDispatcher with 8 workers.
 -> (artifact id: '0bb63974fd1b94ef5662459207d25be3') in 0.014225 seconds
Number of updated asset objects reloaded before import = 0
Number of asset objects unloaded after import = 1
========================================================================
Received Import Request.
  Time since last request: 0.000037 seconds.
  path: Assets/FishNet/Runtime/Plugins/GameKit/Dependencies/Utilities/Types/ResettableRingBuffer.cs
  artifactKey: Guid(2fa03073e536c6e4db989416ee03c6e8) Importer(2089858483,0ecaa5967403d082aa24f35e1b516d23)
Start importing Assets/FishNet/Runtime/Plugins/GameKit/Dependencies/Utilities/Types/ResettableRingBuffer.cs using Guid(2fa03073e536c6e4db989416ee03c6e8) Importer(2089858483,0ecaa5967403d082aa24f35e1b516d23) [PhysX] Initialized MultithreadedTaskDispatcher with 8 workers.
 -> (artifact id: 'b56eb19368bd2f3769d95818ca7718ca') in 0.013280 seconds
Number of updated asset objects reloaded before import = 0
Number of asset objects unloaded after import = 1
========================================================================
Received Import Request.
  Time since last request: 0.000028 seconds.
  path: Assets/FishNet/Runtime/Transporting/Transports/Tugboat/LiteNetLib/Utils/FastBitConverter.cs
  artifactKey: Guid(21018f84ccfb8244e99b5ec22ceb91c9) Importer(2089858483,0ecaa5967403d082aa24f35e1b516d23)
Start importing Assets/FishNet/Runtime/Transporting/Transports/Tugboat/LiteNetLib/Utils/FastBitConverter.cs using Guid(21018f84ccfb8244e99b5ec22ceb91c9) Importer(2089858483,0ecaa5967403d082aa24f35e1b516d23) [PhysX] Initialized MultithreadedTaskDispatcher with 8 workers.
 -> (artifact id: '863b2853b9d29bf4ca46e008e0e3758b') in 0.014739 seconds
Number of updated asset objects reloaded before import = 0
Number of asset objects unloaded after import = 1
========================================================================
Received Import Request.
  Time since last request: 0.000032 seconds.
  path: Assets/FishNet/Runtime/Plugins/GameKit/Dependencies/Utilities/Types/DDOL.cs
  artifactKey: Guid(4e0b25628cfd4f241a22a7c0ee2b932f) Importer(2089858483,0ecaa5967403d082aa24f35e1b516d23)
Start importing Assets/FishNet/Runtime/Plugins/GameKit/Dependencies/Utilities/Types/DDOL.cs using Guid(4e0b25628cfd4f241a22a7c0ee2b932f) Importer(2089858483,0ecaa5967403d082aa24f35e1b516d23) [PhysX] Initialized MultithreadedTaskDispatcher with 8 workers.
 -> (artifact id: '6b189583e7b4145900f72f4941fde31b') in 0.013364 seconds
Number of updated asset objects reloaded before import = 0
Number of asset objects unloaded after import = 1
========================================================================
Received Import Request.
  Time since last request: 0.000024 seconds.
  path: Assets/FishNet/Runtime/Plugins/GameKit/Dependencies/Utilities/Types/Canvases/FloatingContainer.cs
  artifactKey: Guid(f1fcd998728ace94ea809c34ad0d09e8) Importer(2089858483,0ecaa5967403d082aa24f35e1b516d23)
Start importing Assets/FishNet/Runtime/Plugins/GameKit/Dependencies/Utilities/Types/Canvases/FloatingContainer.cs using Guid(f1fcd998728ace94ea809c34ad0d09e8) Importer(2089858483,0ecaa5967403d082aa24f35e1b516d23) [PhysX] Initialized MultithreadedTaskDispatcher with 8 workers.
 -> (artifact id: '1ece4a51e1f2348982eac3b7b0380038') in 0.013070 seconds
Number of updated asset objects reloaded before import = 0
Number of asset objects unloaded after import = 1
========================================================================
Received Import Request.
  Time since last request: 0.000025 seconds.
  path: Assets/FishNet/Runtime/Transporting/Transports/Tugboat/LiteNetLib/NetConstants.cs
  artifactKey: Guid(b42ee5a523e67ff4c9149f91f7fe4245) Importer(2089858483,0ecaa5967403d082aa24f35e1b516d23)
Start importing Assets/FishNet/Runtime/Transporting/Transports/Tugboat/LiteNetLib/NetConstants.cs using Guid(b42ee5a523e67ff4c9149f91f7fe4245) Importer(2089858483,0ecaa5967403d082aa24f35e1b516d23) [PhysX] Initialized MultithreadedTaskDispatcher with 8 workers.
 -> (artifact id: '12085691b247d4b87ed5a68968709327') in 0.011032 seconds
Number of updated asset objects reloaded before import = 0
Number of asset objects unloaded after import = 1
========================================================================
Received Import Request.
  Time since last request: 0.000122 seconds.
  path: Assets/FishNet/Runtime/Plugins/GameKit/Dependencies/Utilities/Types/ObjectPooling/README.txt
  artifactKey: Guid(bc20ec02dbc4fea4aa15d8b2c132de4c) Importer(2089858483,0ecaa5967403d082aa24f35e1b516d23)
Start importing Assets/FishNet/Runtime/Plugins/GameKit/Dependencies/Utilities/Types/ObjectPooling/README.txt using Guid(bc20ec02dbc4fea4aa15d8b2c132de4c) Importer(2089858483,0ecaa5967403d082aa24f35e1b516d23) [PhysX] Initialized MultithreadedTaskDispatcher with 8 workers.
 -> (artifact id: '7a22c05846a8a0e8fbc401f71ae75720') in 0.010692 seconds
Number of updated asset objects reloaded before import = 0
Number of asset objects unloaded after import = 1
========================================================================
Received Import Request.
  Time since last request: 0.000042 seconds.
  path: Assets/FishNet/Runtime/Plugins/GameKit/Dependencies/Utilities/Types/ByteRange.cs
  artifactKey: Guid(2756054f52fbd5d4cb1871b0dd6ff5b7) Importer(2089858483,0ecaa5967403d082aa24f35e1b516d23)
Start importing Assets/FishNet/Runtime/Plugins/GameKit/Dependencies/Utilities/Types/ByteRange.cs using Guid(2756054f52fbd5d4cb1871b0dd6ff5b7) Importer(2089858483,0ecaa5967403d082aa24f35e1b516d23) [PhysX] Initialized MultithreadedTaskDispatcher with 8 workers.
 -> (artifact id: '281d550154cd7c11cbb799aaeff8ab8a') in 0.012159 seconds
Number of updated asset objects reloaded before import = 0
Number of asset objects unloaded after import = 1
========================================================================
Received Import Request.
  Time since last request: 0.000030 seconds.
  path: Assets/FishNet/Runtime/Transporting/Transports/Tugboat/LiteNetLib/NetManager.cs
  artifactKey: Guid(37d95580df7122c44b9333cd3ab77732) Importer(2089858483,0ecaa5967403d082aa24f35e1b516d23)
Start importing Assets/FishNet/Runtime/Transporting/Transports/Tugboat/LiteNetLib/NetManager.cs using Guid(37d95580df7122c44b9333cd3ab77732) Importer(2089858483,0ecaa5967403d082aa24f35e1b516d23) [PhysX] Initialized MultithreadedTaskDispatcher with 8 workers.
 -> (artifact id: 'd8b3dea412f60afa1dc0ce9b1274a9cc') in 0.014158 seconds
Number of updated asset objects reloaded before import = 0
Number of asset objects unloaded after import = 1
========================================================================
Received Import Request.
  Time since last request: 0.000027 seconds.
  path: Assets/FishNet/Runtime/Plugins/GameKit/Dependencies/Utilities/Types/Vector2Range.cs
  artifactKey: Guid(1b1d5cb52def18c46a0c1e71b5f1245f) Importer(2089858483,0ecaa5967403d082aa24f35e1b516d23)
Start importing Assets/FishNet/Runtime/Plugins/GameKit/Dependencies/Utilities/Types/Vector2Range.cs using Guid(1b1d5cb52def18c46a0c1e71b5f1245f) Importer(2089858483,0ecaa5967403d082aa24f35e1b516d23) [PhysX] Initialized MultithreadedTaskDispatcher with 8 workers.
 -> (artifact id: 'b2e5f841e195c92ef07e74d8fb6a9c39') in 0.012327 seconds
Number of updated asset objects reloaded before import = 0
Number of asset objects unloaded after import = 1
========================================================================
Received Import Request.
  Time since last request: 0.000027 seconds.
  path: Assets/FishNet/Runtime/Plugins/GameKit/Dependencies/Utilities/Types/SingletonScriptableObject.cs
  artifactKey: Guid(bef14acaff843864185c13ac82c05995) Importer(2089858483,0ecaa5967403d082aa24f35e1b516d23)
Start importing Assets/FishNet/Runtime/Plugins/GameKit/Dependencies/Utilities/Types/SingletonScriptableObject.cs using Guid(bef14acaff843864185c13ac82c05995) Importer(2089858483,0ecaa5967403d082aa24f35e1b516d23) [PhysX] Initialized MultithreadedTaskDispatcher with 8 workers.
 -> (artifact id: 'ec37d41b58ecfe8ae331f64c1c9df490') in 0.012807 seconds
Number of updated asset objects reloaded before import = 0
Number of asset objects unloaded after import = 1
========================================================================
Received Import Request.
  Time since last request: 0.000028 seconds.
  path: Assets/FishNet/Runtime/Transporting/Transports/Tugboat/LiteNetLib/InternalPackets.cs
  artifactKey: Guid(b8582459906515843a2f2adb010c3fd7) Importer(2089858483,0ecaa5967403d082aa24f35e1b516d23)
Start importing Assets/FishNet/Runtime/Transporting/Transports/Tugboat/LiteNetLib/InternalPackets.cs using Guid(b8582459906515843a2f2adb010c3fd7) Importer(2089858483,0ecaa5967403d082aa24f35e1b516d23) [PhysX] Initialized MultithreadedTaskDispatcher with 8 workers.
 -> (artifact id: 'ada9867894c2f3598105124bd0dcb35f') in 0.013520 seconds
Number of updated asset objects reloaded before import = 0
Number of asset objects unloaded after import = 1
========================================================================
Received Import Request.
  Time since last request: 0.000025 seconds.
  path: Assets/FishNet/Runtime/Plugins/GameKit/Dependencies/Utilities/Types/BasicQueue.cs
  artifactKey: Guid(f966ec63b499e77438c185b2870595cd) Importer(2089858483,0ecaa5967403d082aa24f35e1b516d23)
Start importing Assets/FishNet/Runtime/Plugins/GameKit/Dependencies/Utilities/Types/BasicQueue.cs using Guid(f966ec63b499e77438c185b2870595cd) Importer(2089858483,0ecaa5967403d082aa24f35e1b516d23) [PhysX] Initialized MultithreadedTaskDispatcher with 8 workers.
 -> (artifact id: '66f1629b7891d8388fc6758768e083ef') in 0.012079 seconds
Number of updated asset objects reloaded before import = 0
Number of asset objects unloaded after import = 1
========================================================================
Received Import Request.
  Time since last request: 0.000023 seconds.
  path: Assets/FishNet/Runtime/Plugins/GameKit/Dependencies/Utilities/Types/ScrollbarValueSetter.cs
  artifactKey: Guid(3cb592f43ed49de44bf7d5407b88391f) Importer(2089858483,0ecaa5967403d082aa24f35e1b516d23)
Start importing Assets/FishNet/Runtime/Plugins/GameKit/Dependencies/Utilities/Types/ScrollbarValueSetter.cs using Guid(3cb592f43ed49de44bf7d5407b88391f) Importer(2089858483,0ecaa5967403d082aa24f35e1b516d23) [PhysX] Initialized MultithreadedTaskDispatcher with 8 workers.
 -> (artifact id: '2bdb7b498eb6fc3ce15b24830436eef1') in 0.012258 seconds
Number of updated asset objects reloaded before import = 0
Number of asset objects unloaded after import = 1
========================================================================
Received Import Request.
  Time since last request: 0.000217 seconds.
  path: Assets/FishNet/Runtime/Plugins/GameKit/Dependencies/Utilities/Types/Canvases/ImageButtonData.cs
  artifactKey: Guid(d60e355b6d09be14487df1ed91e901b2) Importer(2089858483,0ecaa5967403d082aa24f35e1b516d23)
Start importing Assets/FishNet/Runtime/Plugins/GameKit/Dependencies/Utilities/Types/Canvases/ImageButtonData.cs using Guid(d60e355b6d09be14487df1ed91e901b2) Importer(2089858483,0ecaa5967403d082aa24f35e1b516d23) [PhysX] Initialized MultithreadedTaskDispatcher with 8 workers.
 -> (artifact id: '0bfbc87d7ef66090d95b34a9cdb1b5fd') in 0.015370 seconds
Number of updated asset objects reloaded before import = 0
Number of asset objects unloaded after import = 1
========================================================================
Received Import Request.
  Time since last request: 0.000044 seconds.
  path: Assets/FishNet/Runtime/Transporting/Transports/Tugboat/LiteNetLib/Layers/Crc32cLayer.cs
  artifactKey: Guid(7d52aafc1486ec842a8d133ef41dfd39) Importer(2089858483,0ecaa5967403d082aa24f35e1b516d23)
Start importing Assets/FishNet/Runtime/Transporting/Transports/Tugboat/LiteNetLib/Layers/Crc32cLayer.cs using Guid(7d52aafc1486ec842a8d133ef41dfd39) Importer(2089858483,0ecaa5967403d082aa24f35e1b516d23) [PhysX] Initialized MultithreadedTaskDispatcher with 8 workers.
 -> (artifact id: '82cf1244209a5cc9151ea5269d972676') in 0.013491 seconds
Number of updated asset objects reloaded before import = 0
Number of asset objects unloaded after import = 1
========================================================================
Received Import Request.
  Time since last request: 0.000028 seconds.
  path: Assets/FishNet/Runtime/Plugins/GameKit/Dependencies/Utilities/Types/SmoothCameraTarget.cs
  artifactKey: Guid(ebb1599afe9a562408745db70647972f) Importer(2089858483,0ecaa5967403d082aa24f35e1b516d23)
Start importing Assets/FishNet/Runtime/Plugins/GameKit/Dependencies/Utilities/Types/SmoothCameraTarget.cs using Guid(ebb1599afe9a562408745db70647972f) Importer(2089858483,0ecaa5967403d082aa24f35e1b516d23) [PhysX] Initialized MultithreadedTaskDispatcher with 8 workers.
 -> (artifact id: 'ce6a8b9ccb82286ae6cda877be6b3b5d') in 0.013511 seconds
Number of updated asset objects reloaded before import = 0
Number of asset objects unloaded after import = 1
========================================================================
Received Import Request.
  Time since last request: 0.000028 seconds.
  path: Assets/FishNet/Runtime/Transporting/Transports/Tugboat/LiteNetLib/NetPacket.cs
  artifactKey: Guid(e7ddd322169be074f870f73db1a55255) Importer(2089858483,0ecaa5967403d082aa24f35e1b516d23)
Start importing Assets/FishNet/Runtime/Transporting/Transports/Tugboat/LiteNetLib/NetPacket.cs using Guid(e7ddd322169be074f870f73db1a55255) Importer(2089858483,0ecaa5967403d082aa24f35e1b516d23) [PhysX] Initialized MultithreadedTaskDispatcher with 8 workers.
 -> (artifact id: 'dc513eb3b2db5d1f139b1d499549ef35') in 0.013294 seconds
Number of updated asset objects reloaded before import = 0
Number of asset objects unloaded after import = 1
========================================================================
Received Import Request.
  Time since last request: 0.000034 seconds.
  path: Assets/FishNet/Runtime/Transporting/Transports/Tugboat/LiteNetLib/Trimming.cs
  artifactKey: Guid(af5a9e06ff14c6c42ab091c2c19e2028) Importer(2089858483,0ecaa5967403d082aa24f35e1b516d23)
Start importing Assets/FishNet/Runtime/Transporting/Transports/Tugboat/LiteNetLib/Trimming.cs using Guid(af5a9e06ff14c6c42ab091c2c19e2028) Importer(2089858483,0ecaa5967403d082aa24f35e1b516d23) [PhysX] Initialized MultithreadedTaskDispatcher with 8 workers.
 -> (artifact id: '986bab04d8ba1f4927c3cd408cfae2c0') in 0.012027 seconds
Number of updated asset objects reloaded before import = 0
Number of asset objects unloaded after import = 1
========================================================================
Received Import Request.
  Time since last request: 0.000024 seconds.
  path: Assets/FishNet/Runtime/Transporting/Transports/Tugboat/LiteNetLib/ConnectionRequest.cs
  artifactKey: Guid(5e609855f95e9034889c882b51aaec68) Importer(2089858483,0ecaa5967403d082aa24f35e1b516d23)
Start importing Assets/FishNet/Runtime/Transporting/Transports/Tugboat/LiteNetLib/ConnectionRequest.cs using Guid(5e609855f95e9034889c882b51aaec68) Importer(2089858483,0ecaa5967403d082aa24f35e1b516d23) [PhysX] Initialized MultithreadedTaskDispatcher with 8 workers.
 -> (artifact id: 'ac0a152e4e9c4a509b840f94de1de0ee') in 0.012011 seconds
Number of updated asset objects reloaded before import = 0
Number of asset objects unloaded after import = 1
========================================================================
Received Import Request.
  Time since last request: 0.000031 seconds.
  path: Assets/FishNet/Runtime/Transporting/Transports/Tugboat/LiteNetLib/SequencedChannel.cs
  artifactKey: Guid(c4e1f97908b70e642baea0fc22724282) Importer(2089858483,0ecaa5967403d082aa24f35e1b516d23)
Start importing Assets/FishNet/Runtime/Transporting/Transports/Tugboat/LiteNetLib/SequencedChannel.cs using Guid(c4e1f97908b70e642baea0fc22724282) Importer(2089858483,0ecaa5967403d082aa24f35e1b516d23) [PhysX] Initialized MultithreadedTaskDispatcher with 8 workers.
 -> (artifact id: '052504cca585a2b61118781bb596698b') in 0.014461 seconds
Number of updated asset objects reloaded before import = 0
Number of asset objects unloaded after import = 1
========================================================================
Received Import Request.
  Time since last request: 0.000044 seconds.
  path: Assets/FishNet/Runtime/Transporting/Transports/Tugboat/LiteNetLib/Layers/PacketLayerBase.cs
  artifactKey: Guid(bddd0b5590cce7e42918c72429b84bde) Importer(2089858483,0ecaa5967403d082aa24f35e1b516d23)
Start importing Assets/FishNet/Runtime/Transporting/Transports/Tugboat/LiteNetLib/Layers/PacketLayerBase.cs using Guid(bddd0b5590cce7e42918c72429b84bde) Importer(2089858483,0ecaa5967403d082aa24f35e1b516d23) [PhysX] Initialized MultithreadedTaskDispatcher with 8 workers.
 -> (artifact id: '03a226770c2a6a41c99bfc98f7a0b6cd') in 0.013701 seconds
Number of updated asset objects reloaded before import = 0
Number of asset objects unloaded after import = 1
========================================================================
Received Import Request.
  Time since last request: 0.000024 seconds.
  path: Assets/FishNet/Runtime/Transporting/Transports/Tugboat/LiteNetLib/LiteNetLib.csproj
  artifactKey: Guid(1ec83424c5410b04aab06dddca60e7f6) Importer(2089858483,0ecaa5967403d082aa24f35e1b516d23)
Start importing Assets/FishNet/Runtime/Transporting/Transports/Tugboat/LiteNetLib/LiteNetLib.csproj using Guid(1ec83424c5410b04aab06dddca60e7f6) Importer(2089858483,0ecaa5967403d082aa24f35e1b516d23) [PhysX] Initialized MultithreadedTaskDispatcher with 8 workers.
 -> (artifact id: 'b49c53b6b19ac9790afd72353f145910') in 0.011042 seconds
Number of updated asset objects reloaded before import = 0
Number of asset objects unloaded after import = 1
========================================================================
Received Import Request.
  Time since last request: 0.000027 seconds.
  path: Assets/FishNet/Runtime/Plugins/GameKit/Dependencies/Utilities/Types/IOrderable.cs
  artifactKey: Guid(310411b63c217834297f4b81bda8b175) Importer(2089858483,0ecaa5967403d082aa24f35e1b516d23)
Start importing Assets/FishNet/Runtime/Plugins/GameKit/Dependencies/Utilities/Types/IOrderable.cs using Guid(310411b63c217834297f4b81bda8b175) Importer(2089858483,0ecaa5967403d082aa24f35e1b516d23) [PhysX] Initialized MultithreadedTaskDispatcher with 8 workers.
 -> (artifact id: 'c6014ac4a5e5322e0aecdfb894af2e11') in 0.013441 seconds
Number of updated asset objects reloaded before import = 0
Number of asset objects unloaded after import = 1
========================================================================
Received Import Request.
  Time since last request: 0.000027 seconds.
  path: Assets/FishNet/Runtime/Plugins/GameKit/Dependencies/Utilities/Types/PointerMonoBehaviour.cs
  artifactKey: Guid(f26032017027b804c8da0163e267675d) Importer(2089858483,0ecaa5967403d082aa24f35e1b516d23)
Start importing Assets/FishNet/Runtime/Plugins/GameKit/Dependencies/Utilities/Types/PointerMonoBehaviour.cs using Guid(f26032017027b804c8da0163e267675d) Importer(2089858483,0ecaa5967403d082aa24f35e1b516d23) [PhysX] Initialized MultithreadedTaskDispatcher with 8 workers.
 -> (artifact id: '8f3c5e301ee8121a8ab32dcf58342eea') in 0.014975 seconds
Number of updated asset objects reloaded before import = 0
Number of asset objects unloaded after import = 1
========================================================================
Received Import Request.
  Time since last request: 0.000030 seconds.
  path: Assets/FishNet/Runtime/Plugins/GameKit/Dependencies/Utilities/Types/ObjectPooling/CHANGELOG.txt
  artifactKey: Guid(f20abb868e2b92a4d979359d81d97aa0) Importer(2089858483,0ecaa5967403d082aa24f35e1b516d23)
Start importing Assets/FishNet/Runtime/Plugins/GameKit/Dependencies/Utilities/Types/ObjectPooling/CHANGELOG.txt using Guid(f20abb868e2b92a4d979359d81d97aa0) Importer(2089858483,0ecaa5967403d082aa24f35e1b516d23) [PhysX] Initialized MultithreadedTaskDispatcher with 8 workers.
 -> (artifact id: '76951f1dd338fef792c935ff0bdececf') in 0.013107 seconds
Number of updated asset objects reloaded before import = 0
Number of asset objects unloaded after import = 1
========================================================================
Received Import Request.
  Time since last request: 0.000051 seconds.
  path: Assets/FishNet/Runtime/Transporting/Transports/Tugboat/LiteNetLib/PooledPacket.cs
  artifactKey: Guid(76e47a542bb12e043b874c7180d98319) Importer(2089858483,0ecaa5967403d082aa24f35e1b516d23)
Start importing Assets/FishNet/Runtime/Transporting/Transports/Tugboat/LiteNetLib/PooledPacket.cs using Guid(76e47a542bb12e043b874c7180d98319) Importer(2089858483,0ecaa5967403d082aa24f35e1b516d23) [PhysX] Initialized MultithreadedTaskDispatcher with 8 workers.
 -> (artifact id: 'c3c778337488323541584c5191ce502e') in 0.013322 seconds
Number of updated asset objects reloaded before import = 0
Number of asset objects unloaded after import = 1
========================================================================
Received Import Request.
  Time since last request: 0.000028 seconds.
  path: Assets/FishNet/Runtime/Plugins/GameKit/Dependencies/Utilities/Types/FloatRange2D.cs
  artifactKey: Guid(4a2c6d65e69e9154b8f99096ed3096dc) Importer(2089858483,0ecaa5967403d082aa24f35e1b516d23)
Start importing Assets/FishNet/Runtime/Plugins/GameKit/Dependencies/Utilities/Types/FloatRange2D.cs using Guid(4a2c6d65e69e9154b8f99096ed3096dc) Importer(2089858483,0ecaa5967403d082aa24f35e1b516d23) [PhysX] Initialized MultithreadedTaskDispatcher with 8 workers.
 -> (artifact id: '8af2b46343199971d3c28bec592d998f') in 0.014619 seconds
Number of updated asset objects reloaded before import = 0
Number of asset objects unloaded after import = 1
========================================================================
Received Import Request.
  Time since last request: 0.000029 seconds.
  path: Assets/FishNet/Runtime/Transporting/Transports/Tugboat/LiteNetLib/NatPunchModule.cs
  artifactKey: Guid(e608aa88ab820244a90b83eca0f716c5) Importer(2089858483,0ecaa5967403d082aa24f35e1b516d23)
Start importing Assets/FishNet/Runtime/Transporting/Transports/Tugboat/LiteNetLib/NatPunchModule.cs using Guid(e608aa88ab820244a90b83eca0f716c5) Importer(2089858483,0ecaa5967403d082aa24f35e1b516d23) [PhysX] Initialized MultithreadedTaskDispatcher with 8 workers.
 -> (artifact id: '94b8ba6867f7364b346d60ed74e9c48f') in 0.013353 seconds
Number of updated asset objects reloaded before import = 0
Number of asset objects unloaded after import = 1
========================================================================
Received Import Request.
  Time since last request: 0.000024 seconds.
  path: Assets/FishNet/Demos/ColliderRollback/Prefabs/Rollback Visualization/ClientPosition.prefab
  artifactKey: Guid(ad8f5b5504b971d42886f4f6fd087d90) Importer(2089858483,0ecaa5967403d082aa24f35e1b516d23)
Start importing Assets/FishNet/Demos/ColliderRollback/Prefabs/Rollback Visualization/ClientPosition.prefab using Guid(ad8f5b5504b971d42886f4f6fd087d90) Importer(2089858483,0ecaa5967403d082aa24f35e1b516d23) [PhysX] Initialized MultithreadedTaskDispatcher with 8 workers.
 -> (artifact id: '17912289f8a52253ef852b425dc8e437') in 0.018930 seconds
Number of updated asset objects reloaded before import = 0
Number of asset objects unloaded after import = 7
========================================================================
Received Import Request.
  Time since last request: 0.000037 seconds.
  path: Assets/FishNet/Runtime/Plugins/GameKit/Dependencies/Utilities/Types/ObjectPooling/Scripts/ObjectPool.cs
  artifactKey: Guid(ab8f6cec624bac24d8fcc6a7a27a07e8) Importer(2089858483,0ecaa5967403d082aa24f35e1b516d23)
Start importing Assets/FishNet/Runtime/Plugins/GameKit/Dependencies/Utilities/Types/ObjectPooling/Scripts/ObjectPool.cs using Guid(ab8f6cec624bac24d8fcc6a7a27a07e8) Importer(2089858483,0ecaa5967403d082aa24f35e1b516d23) [PhysX] Initialized MultithreadedTaskDispatcher with 8 workers.
 -> (artifact id: 'f7f820dd32d054fa5b6800f3cacd3d18') in 0.014138 seconds
Number of updated asset objects reloaded before import = 0
Number of asset objects unloaded after import = 1
========================================================================
Received Import Request.
  Time since last request: 0.000026 seconds.
  path: Assets/FishNet/Runtime/Plugins/GameKit/Dependencies/Utilities/Types/ObjectPooling/Demo/Scenes/ObjectPool.unity
  artifactKey: Guid(986fe9a85bd2d904fa3d44ac2c7bf0da) Importer(2089858483,0ecaa5967403d082aa24f35e1b516d23)
Start importing Assets/FishNet/Runtime/Plugins/GameKit/Dependencies/Utilities/Types/ObjectPooling/Demo/Scenes/ObjectPool.unity using Guid(986fe9a85bd2d904fa3d44ac2c7bf0da) Importer(2089858483,0ecaa5967403d082aa24f35e1b516d23) [PhysX] Initialized MultithreadedTaskDispatcher with 8 workers.
 -> (artifact id: '2468b56fa254dc7b06ebf7f49d13c15b') in 0.013138 seconds
Number of updated asset objects reloaded before import = 0
Number of asset objects unloaded after import = 1
========================================================================
Received Import Request.
  Time since last request: 0.000031 seconds.
  path: Assets/FishNet/Runtime/Plugins/GameKit/Dependencies/Utilities/Types/ObjectPooling/Scripts/PoolData.cs
  artifactKey: Guid(f8b47752cc2784843b70d83bf47de090) Importer(2089858483,0ecaa5967403d082aa24f35e1b516d23)
Start importing Assets/FishNet/Runtime/Plugins/GameKit/Dependencies/Utilities/Types/ObjectPooling/Scripts/PoolData.cs using Guid(f8b47752cc2784843b70d83bf47de090) Importer(2089858483,0ecaa5967403d082aa24f35e1b516d23) [PhysX] Initialized MultithreadedTaskDispatcher with 8 workers.
 -> (artifact id: '3b3b695d83db4f17b0a11984c5fb0cac') in 0.016243 seconds
Number of updated asset objects reloaded before import = 0
Number of asset objects unloaded after import = 1
========================================================================
Received Import Request.
  Time since last request: 0.000027 seconds.
  path: Assets/FishNet/Runtime/Plugins/GameKit/Dependencies/Utilities/Types/ObjectPooling/Demo/Prefabs/Projectile.prefab
  artifactKey: Guid(6ed8235e90a17434597bd75f8631dfe4) Importer(2089858483,0ecaa5967403d082aa24f35e1b516d23)
Start importing Assets/FishNet/Runtime/Plugins/GameKit/Dependencies/Utilities/Types/ObjectPooling/Demo/Prefabs/Projectile.prefab using Guid(6ed8235e90a17434597bd75f8631dfe4) Importer(2089858483,0ecaa5967403d082aa24f35e1b516d23) [PhysX] Initialized MultithreadedTaskDispatcher with 8 workers.
 -> (artifact id: '745393cc75ea41122e61fe9bfa105920') in 0.018602 seconds
Number of updated asset objects reloaded before import = 0
Number of asset objects unloaded after import = 83
========================================================================
Received Import Request.
  Time since last request: 0.000037 seconds.
  path: Assets/FishNet/Runtime/Managing/Scened/LoadUnloadDatas/ReplaceOption.cs
  artifactKey: Guid(cb8e2c0fe3b9d3344a05810936861555) Importer(2089858483,0ecaa5967403d082aa24f35e1b516d23)
Start importing Assets/FishNet/Runtime/Managing/Scened/LoadUnloadDatas/ReplaceOption.cs using Guid(cb8e2c0fe3b9d3344a05810936861555) Importer(2089858483,0ecaa5967403d082aa24f35e1b516d23) [PhysX] Initialized MultithreadedTaskDispatcher with 8 workers.
 -> (artifact id: '806803733dd1d4eb1429a1f38d9079ba') in 0.012528 seconds
Number of updated asset objects reloaded before import = 0
Number of asset objects unloaded after import = 1
========================================================================
Received Import Request.
  Time since last request: 0.000041 seconds.
  path: Assets/FishNet/Runtime/Plugins/GameKit/Dependencies/Utilities/Editing.cs
  artifactKey: Guid(dd42f76391fc1254f82767dbf1a4bc8b) Importer(2089858483,0ecaa5967403d082aa24f35e1b516d23)
Start importing Assets/FishNet/Runtime/Plugins/GameKit/Dependencies/Utilities/Editing.cs using Guid(dd42f76391fc1254f82767dbf1a4bc8b) Importer(2089858483,0ecaa5967403d082aa24f35e1b516d23) [PhysX] Initialized MultithreadedTaskDispatcher with 8 workers.
 -> (artifact id: '4a38b989b6559e6b19223d072a5fa89e') in 0.013020 seconds
Number of updated asset objects reloaded before import = 0
Number of asset objects unloaded after import = 1
========================================================================
Received Import Request.
  Time since last request: 0.000026 seconds.
  path: Assets/FishNet/Runtime/Object/Synchronizing/SyncTimer.cs
  artifactKey: Guid(46c58fcbaf8624a49834273c8e6eb871) Importer(2089858483,0ecaa5967403d082aa24f35e1b516d23)
Start importing Assets/FishNet/Runtime/Object/Synchronizing/SyncTimer.cs using Guid(46c58fcbaf8624a49834273c8e6eb871) Importer(2089858483,0ecaa5967403d082aa24f35e1b516d23) [PhysX] Initialized MultithreadedTaskDispatcher with 8 workers.
 -> (artifact id: 'a2aef1a8dc756def48af1fa7f445637d') in 0.012776 seconds
Number of updated asset objects reloaded before import = 0
Number of asset objects unloaded after import = 1
========================================================================
Received Import Request.
  Time since last request: 0.000040 seconds.
  path: Assets/FishNet/Runtime/Object/Helping/RpcLink.cs
  artifactKey: Guid(05a91745dd829d043aadf391ac7b233e) Importer(2089858483,0ecaa5967403d082aa24f35e1b516d23)
Start importing Assets/FishNet/Runtime/Object/Helping/RpcLink.cs using Guid(05a91745dd829d043aadf391ac7b233e) Importer(2089858483,0ecaa5967403d082aa24f35e1b516d23) [PhysX] Initialized MultithreadedTaskDispatcher with 8 workers.
 -> (artifact id: '8661ac6eb79bcc34acde5fc29d1a4c77') in 0.012274 seconds
Number of updated asset objects reloaded before import = 0
Number of asset objects unloaded after import = 1
========================================================================
Received Import Request.
  Time since last request: 0.000052 seconds.
  path: Assets/FishNet/Runtime/Editor/Textures/UI/Server_Text.png
  artifactKey: Guid(cc43c1385315d554ba6b0a5cad49aa19) Importer(2089858483,0ecaa5967403d082aa24f35e1b516d23)
Start importing Assets/FishNet/Runtime/Editor/Textures/UI/Server_Text.png using Guid(cc43c1385315d554ba6b0a5cad49aa19) Importer(2089858483,0ecaa5967403d082aa24f35e1b516d23) [PhysX] Initialized MultithreadedTaskDispatcher with 8 workers.
 -> (artifact id: '4b14bf0607f5690b43bbf844aa6f85bc') in 0.026949 seconds
Number of updated asset objects reloaded before import = 0
Number of asset objects unloaded after import = 3
========================================================================
Received Import Request.
  Time since last request: 0.000028 seconds.
  path: Assets/FishNet/CodeGenerating/cecil-0.11.4/Mono.Cecil.Cil/CodeWriter.cs
  artifactKey: Guid(278f89c983a1bc6429c65a1d49dff091) Importer(2089858483,0ecaa5967403d082aa24f35e1b516d23)
Start importing Assets/FishNet/CodeGenerating/cecil-0.11.4/Mono.Cecil.Cil/CodeWriter.cs using Guid(278f89c983a1bc6429c65a1d49dff091) Importer(2089858483,0ecaa5967403d082aa24f35e1b516d23) [PhysX] Initialized MultithreadedTaskDispatcher with 8 workers.
 -> (artifact id: '659c462db971d44e48379c4e367ef161') in 0.014789 seconds
Number of updated asset objects reloaded before import = 0
Number of asset objects unloaded after import = 1
========================================================================
Received Import Request.
  Time since last request: 0.000029 seconds.
  path: Assets/FishNet/Runtime/Plugins/ColliderRollback/Scripts/ColliderRollbackEditor.Threaded.cs
  artifactKey: Guid(519ce5f9fc54f5342a8a4eaf09a947b5) Importer(2089858483,0ecaa5967403d082aa24f35e1b516d23)
Start importing Assets/FishNet/Runtime/Plugins/ColliderRollback/Scripts/ColliderRollbackEditor.Threaded.cs using Guid(519ce5f9fc54f5342a8a4eaf09a947b5) Importer(2089858483,0ecaa5967403d082aa24f35e1b516d23) [PhysX] Initialized MultithreadedTaskDispatcher with 8 workers.
 -> (artifact id: 'b183ef50a1d4d5aa1de0769db69b3db2') in 0.011757 seconds
Number of updated asset objects reloaded before import = 0
Number of asset objects unloaded after import = 1
========================================================================
Received Import Request.
  Time since last request: 0.000029 seconds.
  path: Assets/FishNet/Demos/SceneManager (Old Examples)/Scenes/Replace/ReplaceConnection.unity
  artifactKey: Guid(58053e81b62de3a499afaf0f73d01b01) Importer(2089858483,0ecaa5967403d082aa24f35e1b516d23)
Start importing Assets/FishNet/Demos/SceneManager (Old Examples)/Scenes/Replace/ReplaceConnection.unity using Guid(58053e81b62de3a499afaf0f73d01b01) Importer(2089858483,0ecaa5967403d082aa24f35e1b516d23) [PhysX] Initialized MultithreadedTaskDispatcher with 8 workers.
 -> (artifact id: '2420549efe17ffd5f67649d2e8e30cf1') in 0.011207 seconds
Number of updated asset objects reloaded before import = 0
Number of asset objects unloaded after import = 1
========================================================================
Received Import Request.
  Time since last request: 0.000025 seconds.
  path: Assets/FishNet/CodeGenerating/cecil-0.11.4/Mono.Cecil.Cil/Symbols.cs
  artifactKey: Guid(de9ae158807f471449a81d9b8b3e3c4e) Importer(2089858483,0ecaa5967403d082aa24f35e1b516d23)
Start importing Assets/FishNet/CodeGenerating/cecil-0.11.4/Mono.Cecil.Cil/Symbols.cs using Guid(de9ae158807f471449a81d9b8b3e3c4e) Importer(2089858483,0ecaa5967403d082aa24f35e1b516d23) [PhysX] Initialized MultithreadedTaskDispatcher with 8 workers.
 -> (artifact id: 'b5d0788752dc97c35a9a695b9ec90c7e') in 0.012265 seconds
Number of updated asset objects reloaded before import = 0
Number of asset objects unloaded after import = 1
========================================================================
Received Import Request.
  Time since last request: 0.000024 seconds.
  path: Assets/FishNet/Demos/ColliderRollback/Audio/Glock.wav
  artifactKey: Guid(0330762d2b3c8d641bfe11ad89b7e196) Importer(2089858483,0ecaa5967403d082aa24f35e1b516d23)
Start importing Assets/FishNet/Demos/ColliderRollback/Audio/Glock.wav using Guid(0330762d2b3c8d641bfe11ad89b7e196) Importer(2089858483,0ecaa5967403d082aa24f35e1b516d23) [PhysX] Initialized MultithreadedTaskDispatcher with 8 workers.
 -> (artifact id: '4209a886925af092f7f64adbad149a9d') in 0.047965 seconds
Number of updated asset objects reloaded before import = 0
Number of asset objects unloaded after import = 1
========================================================================
Received Import Request.
  Time since last request: 0.000025 seconds.
  path: Assets/FishNet/CodeGenerating/cecil-0.11.4/rocks/Mono.Cecil.Rocks/ModuleDefinitionRocks.cs
  artifactKey: Guid(d90334a1cd085c047b9b8eddaa65cf09) Importer(2089858483,0ecaa5967403d082aa24f35e1b516d23)
Start importing Assets/FishNet/CodeGenerating/cecil-0.11.4/rocks/Mono.Cecil.Rocks/ModuleDefinitionRocks.cs using Guid(d90334a1cd085c047b9b8eddaa65cf09) Importer(2089858483,0ecaa5967403d082aa24f35e1b516d23) [PhysX] Initialized MultithreadedTaskDispatcher with 8 workers.
 -> (artifact id: 'cfb69b01592643b6a7359597d18fb220') in 0.012062 seconds
Number of updated asset objects reloaded before import = 0
Number of asset objects unloaded after import = 1
========================================================================
Received Import Request.
  Time since last request: 0.000050 seconds.
  path: Assets/FishNet/CodeGenerating/Processing/NetworkBehaviourProcessor.cs
  artifactKey: Guid(23866e4d620216745a837fa99e801164) Importer(2089858483,0ecaa5967403d082aa24f35e1b516d23)
Start importing Assets/FishNet/CodeGenerating/Processing/NetworkBehaviourProcessor.cs using Guid(23866e4d620216745a837fa99e801164) Importer(2089858483,0ecaa5967403d082aa24f35e1b516d23) [PhysX] Initialized MultithreadedTaskDispatcher with 8 workers.
 -> (artifact id: '54adbbf0430cc36f92f893e71381ff9e') in 0.012112 seconds
Number of updated asset objects reloaded before import = 0
Number of asset objects unloaded after import = 1
========================================================================
Received Import Request.
  Time since last request: 0.000036 seconds.
  path: Assets/FishNet/CodeGenerating/cecil-0.11.4/cecil.snk
  artifactKey: Guid(71693fd731252cb4a9bd4d8abf7846c0) Importer(2089858483,0ecaa5967403d082aa24f35e1b516d23)
Start importing Assets/FishNet/CodeGenerating/cecil-0.11.4/cecil.snk using Guid(71693fd731252cb4a9bd4d8abf7846c0) Importer(2089858483,0ecaa5967403d082aa24f35e1b516d23) [PhysX] Initialized MultithreadedTaskDispatcher with 8 workers.
 -> (artifact id: '972a2bede81777dd378b96e61561fb7f') in 0.009974 seconds
Number of updated asset objects reloaded before import = 0
Number of asset objects unloaded after import = 1
========================================================================
Received Import Request.
  Time since last request: 0.000193 seconds.
  path: Assets/FishNet/Runtime/Broadcast/IBroadcast.cs
  artifactKey: Guid(88ec864df25feed49bdcdab7f880531d) Importer(2089858483,0ecaa5967403d082aa24f35e1b516d23)
Start importing Assets/FishNet/Runtime/Broadcast/IBroadcast.cs using Guid(88ec864df25feed49bdcdab7f880531d) Importer(2089858483,0ecaa5967403d082aa24f35e1b516d23) [PhysX] Initialized MultithreadedTaskDispatcher with 8 workers.
 -> (artifact id: '7af7b9ff7326a316bdb6db78bf619c7a') in 0.014282 seconds
Number of updated asset objects reloaded before import = 0
Number of asset objects unloaded after import = 1
========================================================================
Received Prepare
Caller must complete domain reload
Begin MonoManager ReloadAssembly
- Loaded All Assemblies, in  1.470 seconds
Native extension for LinuxStandalone target not found
Native extension for WindowsStandalone target not found
Native extension for iOS target not found
Native extension for Android target not found
Native extension for WebGL target not found
Mono: successfully reloaded assembly
- Finished resetting the current domain, in  4.208 seconds
Domain Reload Profiling: 5640ms
	BeginReloadAssembly (236ms)
		ExecutionOrderSort (0ms)
		DisableScriptedObjects (8ms)
		BackupInstance (0ms)
		ReleaseScriptingObjects (0ms)
		CreateAndSetChildDomain (56ms)
	RebuildCommonClasses (60ms)
	RebuildNativeTypeToScriptingClass (16ms)
	initialDomainReloadingComplete (89ms)
	LoadAllAssembliesAndSetupDomain (1031ms)
		LoadAssemblies (1099ms)
		RebuildTransferFunctionScriptingTraits (0ms)
		AnalyzeDomain (24ms)
			TypeCache.Refresh (8ms)
				TypeCache.ScanAssembly (0ms)
			ScanForSourceGeneratedMonoScriptInfo (0ms)
			ResolveRequiredComponents (12ms)
	FinalizeReload (4209ms)
		ReleaseScriptCaches (0ms)
		RebuildScriptCaches (0ms)
		SetupLoadedEditorAssemblies (805ms)
			LogAssemblyErrors (0ms)
			InitializePlatformSupportModulesInManaged (122ms)
			SetLoadedEditorAssemblies (9ms)
			RefreshPlugins (0ms)
			BeforeProcessingInitializeOnLoad (198ms)
			ProcessInitializeOnLoadAttributes (427ms)
			ProcessInitializeOnLoadMethodAttributes (41ms)
			AfterProcessingInitializeOnLoad (9ms)
			EditorAssembliesLoaded (0ms)
		ExecutionOrderSort2 (0ms)
		AwakeInstancesAfterBackupRestoration (6ms)
Refreshing native plugins compatible for Editor in 66.12 ms, found 0 plugins.
Preloading 0 native plugins for Editor in 0.00 ms.
Unloading 4205 Unused Serialized files (Serialized files now loaded: 0)
Unloading 20 unused Assets / (31.4 KB). Loaded Objects now: 4692.
Memory consumption went from 136.6 MB to 136.6 MB.
Total: 6.157949 ms (FindLiveObjects: 0.489701 ms CreateObjectMapping: 0.406845 ms MarkObjects: 5.098897 ms  DeleteObjects: 0.160742 ms)

Prepare: number of updated asset objects reloaded= 0
AssetImportParameters requested are different than current active one (requested -> active):
  custom:scripting/monoscript/fileName/BuildMergeTabParameters.cs: 2c923f29302a39560b4301c3fd163a7b -> 
  custom:scripting/monoscript/fileName/IncomingChangesTab.cs: 8a20aca125f6d4b837670edb6e36bc05 -> 82bff1d960538992d4e618d909869d2e
  custom:scripting/monoscript/fileName/DiffSelection.cs: 34faf7c86f7e0c9a01162e930679d82f -> 1460aaba4240ef35322cb9c198487990
  custom:scripting/monoscript/fileName/DrawStaticElement.cs: 6cbd346d4a1be2ee84c9ebe55a7f9f79 -> 5765d84d60602f16f5577bf0b7fc6b96
  custom:scripting/monoscript/fileName/MoveDeleteMenu.cs: f1a7b8a8be76c035d934c51863f3b934 -> c4ad4528e772c33a6167006886a8d1da
  custom:scripting/monoscript/fileName/DialogWithCheckBox.cs: 738e3e0af97e826e16805dda77e5f009 -> 
  custom:scripting/monoscript/fileName/DateFilter.cs: de3aab0283a2b4a1d4d64145b14132d5 -> 3a6cb8c2e3ffbb5a9052e322ee5bf411
  custom:scripting/monoscript/fileName/PerformInitialCheckin.cs: be22d181e456c0a8a5713675f29ac72a -> 8ef9a9f407b8b94b2b5fad9d24e61f79
  custom:scripting/monoscript/fileName/ConflictResolutionState.cs: d9394655856a9fc1a0b280bc997bac16 -> 74a230000ff2fd58c5a60ab4258207dc
  custom:scripting/monoscript/fileName/FindWorkspace.cs: 39bbd18bfe6bf4a99f5c185dcda4dd4a -> 6af6c9e9382fef881c020ab184e6f7f5
  custom:container-demuxer-ogg: 62fdf1f143b41e24485cea50d1cbac27 -> 
  custom:scripting/monoscript/fileName/CheckinConflictsDialog.cs: d3af1d70d3f60a9847d2942647274222 -> e13fa04a97fb675842c94586fc602871
  custom:scripting/monoscript/fileName/AuthToken.cs: d22b2893825e943bc1389be142abd57e -> 0fba7e8eb1ec8b699f274cdc956451b2
  custom:scripting/monoscript/fileName/ProgressControlsForDialogs.cs: 6bf8e69ac7dc2163fe988e5d8181ce88 -> 7e6bd1727985204e3b64e1946e589b1c
  custom:scripting/monoscript/fileName/AssetStatusCache.cs: beede06d8a6d93e7907fd192ad653f2b -> 260d5f85663ac58b2a7e9553c453bc3e
  custom:scripting/monoscript/fileName/OrganizationPanel.cs: d7ac1288bef1b15a05bb26d201a4d87f -> 57a57e6a345dbd536e91c348b70943a9
  custom:scripting/monoscript/fileName/ChangeCategoryTreeViewItem.cs: efd70108e1f6ff61ed2723220486adfc -> fd14db176fff061715c8ec88ced1902f
  custom:scripting/monoscript/fileName/CurrentUserAdminCheckResponse.cs: cec2f173fe8732108711c497674c6f66 -> d57c2dcace740834acd59fdfbc5023b8
  custom:scripting/monoscript/fileName/UIElementsExtensions.cs: a191d7293be4538b0adb29dfe5b06a46 -> 52e0d612ab032e4d22e9558b90396b99
  custom:scripting/monoscript/fileName/CreateBranchDialog.cs: c429477092287209232592c8cde1a615 -> 9eb29fda08033b4f847247136c412db6
  custom:scripting/monoscript/fileName/DrawCreateWorkspaceView.cs: 6422239d8f649480614f0dd4f018b7f2 -> c6039ac84d85ab3926aa94de163a9f7d
  custom:scripting/monoscript/fileName/ProjectPath.cs: 5634ebdbea8ca94089eb9622d1b60497 -> 2007f972d3a73eeb86dfe05e849c7f69
  custom:scripting/monoscript/fileName/SSOCredentialsDialog.cs: 8967ceae1bc195ea8dd32b23c42dd852 -> e140ede12a96f68f30062138385171c3
  custom:scripting/monoscript/fileName/DownloadPlasticExeDialog.cs: 2dd40c53d0303d041a27a44a95c331cb -> 093cfe0607c2346a88cdfdfe1435614f
  custom:scripting/monoscript/fileName/GetOperationDelegate.cs: e719058321e4f2be94be212e42f097c8 -> 
  custom:scripting/monoscript/fileName/PendingChangesTab_Operations.cs: c99065f3c85ec85c85ece2a1a30665af -> 15ae6787065f4af65778e981f418a60b
  custom:scripting/monoscript/fileName/LocksListViewItem.cs: cc9cd24c5be4f7363367cba72f12aad4 -> f4a19fabbec093eb3d6a7e1cd4f42611
  custom:scripting/monoscript/fileName/PendingChangesViewPendingChangeMenu.cs: 561ad0f702e1db14300a4a5f810051f9 -> 9a6ef2277212bf26d647c7f12f946287
  custom:scripting/monoscript/fileName/SignInPanel.cs: f7e82045994d4eefe3b021faa87b55c6 -> bac0318ce35e37bed3a2cc8137452435
  custom:scripting/monoscript/fileName/DrawInspectorOperations.cs: 61c4a6a6507d8f84ef5bdf5cba3f0aee -> 8c94fe642e98309082411f46db89106b
  custom:scripting/monoscript/fileName/DrawDirectoryResolutionPanel.cs: b77d9918f02a8eac64394aaf99fa4b28 -> e4e3c9b4bc511687802b504b71016540
  custom:scripting/monoscript/fileName/CloseWindowIfOpened.cs: d820344e932a12600b5fe6fb7e9f1563 -> ce229ef3b7461ff17e2c1af0695a6657
  custom:scripting/monoscript/fileName/SaveAssets.cs: e472a52843752df7d7ad4ca6b2c8da98 -> b56abea3d51c742ac29e4aec958afad6
  custom:scripting/monoscript/fileName/MergeViewMenu.cs: 93bc40369a2f104c249cef1d685ad358 -> c1676e16bdcf215f6595ea9de7a1fc33
  custom:scripting/monoscript/fileName/RepositoriesListView.cs: 9f95c83dc460fb03fb0916472f14b8a7 -> 95287f65338ca0073ad04002a16eaaf7
  custom:scripting/monoscript/fileName/HandleMenuItem.cs: 740e54c5f6dca1acc88cad87af74b744 -> b4ad1ecc5243212c5967125ad5e41b1f
  custom:scripting/monoscript/fileName/ScreenResolution.cs: 5c975132cf4e36dcc261bd0acd604271 -> 7bb7bb5b955671820101b322f0a7bf3d
  custom:scripting/monoscript/fileName/ApplicationDataPath.cs: 8e4094e28762fb76a1baecfe90c6b65e -> 3e8c4ea8debfda8013fed860ac233d22
  custom:scripting/monoscript/fileName/MergeSelection.cs: 6deb9bc55c10a7ac7c9f905a7b92dbe8 -> 630eecd27cae3311e65e09d9c63da8b7
  custom:video-decoder-ogg-theora: a1e56fd34408186e4bbccfd4996cb3dc -> 
  custom:scripting/monoscript/fileName/RepaintInspector.cs: f134606300316994850c28a68d0cb5a3 -> 
  custom:scripting/monoscript/fileName/LockStatusCache.cs: 5e3725e03dc21c716034553589a67eae -> e99b3f34c5cd3eb73ec19439af1f7f80
  custom:scripting/monoscript/fileName/DiffTreeView.cs: 68195907d129ef826aa6b6df7202696d -> 49f46fd2a65ea674a218eead75f27aac
  custom:scripting/monoscript/fileName/DependenciesDialog.cs: 82d30fc8d5e1a73ec0d1ee9acc00fbc2 -> c8902186ab2f4e6471b5dd147afb01b6
  custom:scripting/monoscript/fileName/ChangesetListViewItem.cs: 95a197949f1e777703db60eea8cc21b3 -> d742a4910e302777daa1ccb9c8e92cb9
  custom:scripting/monoscript/fileName/LocksViewMenu.cs: fda08381fa9abca53b6eaf3bf55f14f8 -> 186d8514e824865b191ba1829afe4b33
  custom:scripting/monoscript/fileName/IncomingChangesViewMenu.cs: 5f96afa82d3e2a8078206b7f6d3b0752 -> 13196979a03411533716f6775c9a624b
  custom:scripting/monoscript/fileName/DivergentMoveMenu.cs: 5b146ed65a6a030ab7d86a0d711244f7 -> 98d76b5791494212a0c25aa6a4af7288
  custom:scripting/monoscript/fileName/QueryVisualElementsExtensions.cs: 75ea535788abf9c38ba9341c984a6241 -> a49740b6efbb934f55475cc70b864a4c
  custom:scripting/monoscript/fileName/WriteLogConfiguration.cs: 1a8401f47b522f631a3dc005105719f5 -> 1589212d1638ae91a029ea3ddf9999f2
  custom:scripting/monoscript/fileName/FileSystemOperation.cs: c31a686e69e66801c204a11be56c950a -> f0ccbe91654279794a85bf6f1c034716
  custom:scripting/monoscript/fileName/MigrateCollabProject.cs: af93695e471d9c8e4ad014c4165f2c3c -> 9f3487f03a783b35518405572f20ac9e
  custom:scripting/monoscript/fileName/ProgressControlsForViews.cs: 7d677c6df38ab15cf390062b5b0bb854 -> a8a18a90f46aa63848e1e45d8d7ff9af
  custom:scripting/monoscript/fileName/DrawAssetOverlay.cs: 04a46044def089f0abcdafdd281e3646 -> 
  custom:scripting/monoscript/fileName/ProjectWindow.cs: c62567a3d71fd74636bc783de5162474 -> 
  custom:scripting/monoscript/fileName/MergeLinksListView.cs: 826afb5fb5988163105086b4bf5027af -> c9488671ae9b14523680d0c19097baa0
  custom:scripting/monoscript/fileName/UnityCloudProjectLinkMonitor.cs: a6d5b729fcd63f578363f7929a986e8b -> 86b74508945daf368996ea82904ac8da
  custom:scripting/monoscript/fileName/EditorProgressBar.cs: 7418be9b22aaea32732f8a5f49569d1c -> 08c2f2b90ef64df631d46389f0e22c8e
  custom:scripting/monoscript/fileName/MeasureMaxWidth.cs: cd9322680ae61d38397008451b7ed0ed -> 1569e3f1dad91a9b01cba66ab6aa30b0
  custom:scripting/monoscript/fileName/ChangesetsListHeaderState.cs: 69fc4f1a2bc3782d7043ec48961a3616 -> fe1392f9b135da83e13fe8a5e5f39fc2
  custom:scripting/monoscript/fileName/PendingChangesTreeHeaderState.cs: 7d278b5569d28437d07554a3bbb56e1b -> 5d7f70d142c9ac67864ec14950523d62
  custom:scripting/monoscript/fileName/MissingEncryptionPasswordPromptHandler.cs: 7f5831fc8a41e9cadd84fcfd0e885072 -> 5d7b9646eb14a39b6d3d5bab19d266ff
  custom:scripting/monoscript/fileName/ChangelistMenu.cs: ca33bac56b3a337faa90a1b1bba632d6 -> c1bf5aeb760cc5eae584ea3944d6531b
  custom:scripting/monoscript/fileName/NotificationBar.cs: d1a4cf5e8103d80fd25347275f906aa8 -> 50f1a85fa18d94338418def78dcd8543
  custom:scripting/monoscript/fileName/EmptyCommentDialog.cs: c9c28ff22d24598d7e4856f434bb1b92 -> 99cc06133e502eab7998108e26fd5614
  custom:scripting/monoscript/fileName/UnityThreadWaiter.cs: dbd556f2802baab90a20da38c288d36c -> 99333406d92d10003984b4d1920de2f9
  custom:scripting/monoscript/fileName/CredentialsDialog.cs: 179b5e49656a1623c2e79d838f0f5876 -> c785d5e40f8d66b7ef7ba04ee7c324e0
  custom:scripting/monoscript/fileName/ProcessHubCommand.cs: 30630f626164e285c361aa64e681100e -> 8ab0fc63fa4d9d749198dd61b09d7e37
  custom:scripting/monoscript/fileName/GetRestorePathDialog.cs: e21eb9983f0b989125951478cd5e9b35 -> 353d1126ca2d2063d5bdbd06806ffc08
  custom:scripting/monoscript/fileName/UpdateReportListHeaderState.cs: 64a5bf775d221ad9a5ff8c78a1e0e1fa -> d6cbe54be2898ed2c96c2e79572c2e08
  custom:scripting/monoscript/fileName/LocksListView.cs: 8c6202774eebcf67be9c3b5a2926cc7c -> 7aa51ff93bcc98aa05dec8b46ec200c4
  custom:scripting/monoscript/fileName/DownloadAndInstallOperation.cs: b043b8d5921892e87f4566e00162cff6 -> 4f4065aeafda2af0ec272a3c228e27b2
  custom:scripting/monoscript/fileName/DiffTreeViewMenu.cs: 3e62bfc69ca7486976988e151b88922e -> 8039fc4ecf68b3e966e1f4822789e7fa
  custom:scripting/monoscript/fileName/UnityStyles.cs: 1a176026ce9da8057f3ec90dfe0bac74 -> bbbba3cda37678cfc74d71ffebf36e7f
  custom:scripting/monoscript/fileName/HistoryTab.cs: 4d086984813cd90d6be245dd8e03a2ba -> d57f000c65fde42a2228c7a105a836e5
  custom:scripting/monoscript/fileName/HistorySelection.cs: 7c3afcf345a55e8b77ea41ca0f570218 -> 3d07a3d1241e204b5420d71f1137eba4
  custom:scripting/monoscript/fileName/CreateWorkspace.cs: 7b3086384e5ddcd73cd5064a3ce31cd2 -> 5256205b5cf0570b6f698c7abe518f5a
  custom:scripting/monoscript/fileName/ShowWindow.cs: c731454122754eec192bc3c53fac3d95 -> a6bb1d20733c178256b38974418d7450
  custom:scripting/monoscript/fileName/LocksListHeaderState.cs: b80c5f044f18764adef2e9dbea5f0fb1 -> c7fe4d3b5f954615048f8e79925d29e3
  custom:scripting/monoscript/fileName/CreateRepositoryDialog.cs: 1e1c5399cf3d0b071c7982c565a710ce -> 5cec3e66b09e0dbe1f805953c5c64af9
  custom:scripting/monoscript/fileName/RenameBranchDialog.cs: a3111a345c6451ee64cd16f1989c2313 -> e5c89c05c87517babb3730e87196a494
  custom:scripting/monoscript/fileName/EncryptionConfigurationDialog.cs: 6423045767c07e6360ff314ec741c601 -> 19e9c54aff6ffc68d60fe11f80578947
  custom:scripting/monoscript/fileName/CheckinProgress.cs: 298ac58365579798eb3b4defc181ccaf -> 75b93dbc5ef307111f0647f735640420
  custom:scripting/monoscript/fileName/AssetCopyPathOperation.cs: 571ede78b6298606a236918df9df62d5 -> 633a9d130b72ba594756844b628f0ae2
  custom:scripting/monoscript/fileName/PendingChangesSelection.cs: 766664749a54eea9ecce5dff917430ef -> 1721ad72d074757364587c71b49d9382
  custom:scripting/monoscript/fileName/LoadAsset.cs: 9042eb334fc462cf466672445be1d4c2 -> 5e4e082aa5b21c13b80eb237fe94d00b
  custom:scripting/monoscript/fileName/Images.cs: 0b0c14141950fed99e3ef33199b3b4c9 -> fbdd1e600315d249327f3effde045c9d
  custom:scripting/monoscript/fileName/DrawLocksListViewItem.cs: ce3a3d64ec2d84c3556ffd4141efc4f7 -> 6201c4d50383e970d554210505562d37
  custom:scripting/monoscript/fileName/DrawProgressForOperations.cs: ea9179848be98ee7719316b39339ef29 -> b544f18e6532ba53bbd1b691fa5cd571
  custom:scripting/monoscript/fileName/ViewSwitcher.cs: bb22cc2814598bf2511f6c811c1dc194 -> dd1f6d6bc6ad5beda69b13cdb560799f
  custom:scripting/monoscript/fileName/RepositoryListViewItem.cs: 2f16ba7694ec7934685021093e722c4e -> 3cabcd81911a2500dcd9e2b6ffae3f00
  custom:scripting/monoscript/fileName/InspectorAssetSelection.cs: 71ba78e42827a9b22a9a6016733d756f -> 4b3c1ae4c44d88205aef26229acfe022
  custom:scripting/monoscript/fileName/UVCPackageVersion.cs: c4d95cb84d9d8dff4727eba6b0a64378 -> 
  custom:scripting/monoscript/fileName/IncomingChangesTreeHeaderState.cs: f578f4545f0afb1f0a2de9a25e26e33b -> 9fcb97ef2da44c66332f5c6800c2e6ed
  custom:scripting/monoscript/fileName/DrawTextBlockWithLink.cs: d38f3ee197d9063693d0301d5157b32c -> 1d43814d810f0d56e2964ad3b72f271e
  custom:scripting/monoscript/fileName/WorkspaceOperationsMonitor.cs: 5f05751fd4d94e02e79a5bf200f98f9a -> 43dcc435c252a54bdaaf4d6588b7d66e
  custom:CustomObjectIndexerAttribute: 232f87dd983dbecb2a4e21e08eb2cef8 -> 
  custom:scripting/monoscript/fileName/ShelvesSelection.cs: 05891c88858e4ac7776c0c0c49b5b74f -> 8a3e11e7cd7bbf10b24988c7bf636dea
  custom:scripting/monoscript/fileName/MacOSConfigWorkaround.cs: 8634a542fc5c45ea8cd9a8244bf2c871 -> 9fe61e763da506601651f6c451cecb0a
  custom:scripting/monoscript/fileName/IncomingChangesSelection.cs: a96a5a084d59fe3917a3831b68fa9479 -> d86f9f4463e6f9d99bb815e1f018ccf1
  custom:scripting/monoscript/fileName/AddMoveMenu.cs: 07e842d83dd343358454fef0a7927a0d -> e681c3341f01390e9c1d636ae93280df
  custom:scripting/monoscript/fileName/PlasticProjectSettingsProvider.cs: c126b47f9f934d48f0646c249a5bfcca -> 8c4ae1aeb34c51d2a5a8924265075ff2
  custom:scripting/monoscript/fileName/AssetMenuItems.cs: 9ce81cedb8e568c6b7b646aa6263645b -> 
  custom:scripting/monoscript/fileName/ToolConstants.cs: a088b027c7b0922429c756f12b0507ea -> 3b0d2490617bc7f94a0bdab65a399e1d
  custom:scripting/monoscript/fileName/MergeTab.cs: f39dce5bbfdc053d284a55fc102a8be9 -> f0a9f00e065364eb63b070091ade67f8
  custom:scripting/monoscript/fileName/GetSelectedPaths.cs: 02423a81496d6c63598b5cdc203f4354 -> be35dd49dddd53fc840b9febf21b4d0d
  custom:scripting/monoscript/fileName/TokenExchangeResponse.cs: 0dd9138dbeab6f132711a5b608de5c13 -> f20183d4cf939766d3c1e15cc3bec2e3
  custom:scripting/monoscript/fileName/ChangesetsTab_Operations.cs: eca44847b108faefa69f8c525242c965 -> 3290c4c0cd248666e01a08ee6d621249
  custom:scripting/monoscript/fileName/OverlayRect.cs: 59d6887e4803f8a44ffaa0409470e410 -> 
  custom:scripting/monoscript/fileName/ConfigurePartialWorkspace.cs: 309d4276b0164b05348aedbd51cc0b2f -> 10fcc6b6d43dd5ed36c43c6f7b5906c4
  custom:scripting/monoscript/fileName/ValidRepositoryName.cs: 43c262be3f66a970816e3d3a3ee8872a -> 56bcf92a3678f6ad6215cae2e4914cfd
  custom:scripting/monoscript/fileName/OtherOptionsFoldout.cs: eea27b9873519c1ea7c35b8afc1b7947 -> cc8f3a7680050422963ebd2bf169a841
  custom:container-demuxer-webm: 4f35f7cbe854078d1ac9338744f61a02 -> 
  custom:scripting/monoscript/fileName/GetPlasticShortcut.cs: 2a84c035152261f00e7e66eb44cd0ffa -> 5c2b7bf07ddd2284efc64b09ef0f1f72
  custom:scripting/monoscript/fileName/ApplyShelveWithConflictsQuestionerBuilder.cs: e109c624745dcc4304c557872b253808 -> 02e4256f31bc905362a382e31c3387eb
  custom:scripting/monoscript/fileName/GuiEnabled.cs: 1b1658fd7715b5cc664c10a130c6b629 -> 7bb13fcc8d8cbd392e00f7232841f086
  custom:scripting/monoscript/fileName/BuildPathDictionary.cs: 943911b84162d26cea47f964f9a0a399 -> 9fabc7cc73fcfc50b8a3307c6aa6ec4d
  custom:scripting/monoscript/fileName/FindEditorWindow.cs: 2bb64182aef631315344623cf583c78a -> 8c3c78bb7e82ac5008f8a2b8a0d68cff
  custom:scripting/monoscript/fileName/ShelvePendingChangesDialog.cs: 47aa4c07d31152c0c1eff64d2ba76cc6 -> 86b1f48b5fbaffa67e939e7f404062e6
  custom:scripting/monoscript/fileName/DrawProgressForViews.cs: c153245b67af73b7ee03f693a1127796 -> 068a172cb549ad77d9873d721698bd0d
  custom:scripting/monoscript/fileName/UpdateReportDialog.cs: 706e7e86547c339cdb3a4462e3f7a54d -> 087837d8f73228f1a817d0de82c77260
  custom:scripting/monoscript/fileName/UnityMergeTree.cs: f81f2d7551ab855fe9dc724f3f2e2892 -> 59edaa0a4669bbcb540a261166adc144
  custom:scripting/monoscript/fileName/CycleMoveMenu.cs: 91c21a0be9b3727d7673f94321029c52 -> b3993a7306fc941f55ca963833965729
  custom:scripting/monoscript/fileName/HistoryListView.cs: 527da2d093462f1c4a278d6957e7d5ac -> 7b2d1d2c12ab43d9d244e35197127919
  custom:scripting/monoscript/fileName/ChangeTreeViewItem.cs: 506ed128854137d9f75f9e3d2576a06b -> b0a38ce0a620643c776a3db4fd91bc4c
  custom:scripting/monoscript/fileName/BringWindowToFront.cs: 88b20f2a2881db6a013f54923d68cdee -> a30c7c1ba746c6d277a5aedd3057d15e
  custom:scripting/monoscript/fileName/ShelvesViewMenu.cs: 947ea245959bf421539573511c3a0058 -> da5dc74b3444288f443961ecab7245d6
  custom:scripting/monoscript/fileName/LaunchCheckinConflictsDialog.cs: 4417eba1591eccb2221bfdce0106c1e0 -> e2c1e3f8f4e14a62e4363fe6259adbc2
  custom:scripting/monoscript/fileName/ParseArguments.cs: 03c1a4d7e357164ca313a0019713c3db -> ae915d9f5fe287ced40627c9ca8bfafd
  custom:scripting/monoscript/fileName/ExternalLink.cs: 685ff1dd6f55eb61a1fd8af84a2aa7f5 -> a8ff952d8c27d10f226ab92b7aa83b69
  custom:scripting/monoscript/fileName/WaitingSignInPanel.cs: 247680fcfc6a176b9fa28a3df600a754 -> 7585e1c7111b6b900784e6d1c9454258
  custom:scripting/monoscript/fileName/OperationProgressData.cs: 0db72349eeecbe9449a517b1d79cc760 -> 15f68712baaea535af36d9e0333c0a6e
  custom:scripting/monoscript/fileName/RepositoriesListHeaderState.cs: c0353a1af15ae4fd3d5a2a3cac816423 -> fb71b961ab7c924511a6b0e8680b60ee
  custom:scripting/monoscript/fileName/ClientDiffTreeViewItem.cs: 56be9d3aa410e770e75de2d8b93be89d -> 43bdd7aa5bf1aa039a5b572c119c38d0
  custom:scripting/monoscript/fileName/CreateWorkspaceView.cs: c40bc4c8524ef3e2374ef997beb2e4a6 -> 9ae2295080d141c0f12d02a71014e11c
  custom:scripting/monoscript/fileName/CommandLineArguments.cs: 0d20ca25f94249586a7c1484c469d8a2 -> 48a62ad3f817c0269ea7fc4a53799594
  custom:scripting/monoscript/fileName/DownloadRepository.cs: 46fc68d9cc4da8e8ed765ff28b2dd438 -> 5bad8d3f76a3fcb41a94637e37c11ab0
  custom:scripting/monoscript/fileName/ParentWindow.cs: 2476d8a6ba9c3055f984ac9792cae61a -> d6aa079e592e01701c5baa3ab98898bc
  custom:scripting/monoscript/fileName/OperationParams.cs: 091a140b35535b91c773ddf98925322d -> 3312c7a4424a66ffbf2f88f056f329aa
  custom:scripting/monoscript/fileName/SignInWithEmailPanel.cs: a5823728eb62cf6dbd8c933c1cb26f53 -> 6e8957c0ed7609303e68389067e72d72
  custom:scripting/monoscript/fileName/LaunchInstaller.cs: f9b7c99441bc32980ce9b95be066824b -> b75efdf5909b501e06cacd9c66f75981
  custom:scripting/monoscript/fileName/GetWindowIfOpened.cs: 84a2356c61155912908cf98a62600c22 -> fd8bfd1a9b371371ebbff48e377726f9
  custom:scripting/monoscript/fileName/AvatarImages.cs: ea6dca998cf0ec5122553a9e010ef687 -> 3aa8c25a350843151ec4070c820c411a
  custom:scripting/monoscript/fileName/DrawUserIcon.cs: 2f65feb9bed897237f97fbf9c5479092 -> 7d5385bf780ae84e648a8b49f8fe0825
  custom:scripting/monoscript/fileName/TreeViewItemExtensions.cs: d22abf8de7a9ab0e852b869a652f100d -> 6849c47ffa8623d630ef12f76bd49905
  custom:scripting/monoscript/fileName/AssetStatus.cs: b9ea657347f2c22e8e401cdb256c516c -> e017010009bdb28bcb0d7d8ef05e7dd9
  custom:scripting/monoscript/fileName/BranchesListView.cs: 334a3fb302f855f71fb71520fb442a71 -> 3f5ed9fe5a1bca512014ae1600ee1666
  custom:scripting/monoscript/fileName/DrawGuiModeSwitcher.cs: 363adc150c5f1c5059a678f179906090 -> d3be34a3134d3fe80ef6b14d0d519128
  custom:scripting/monoscript/fileName/UnityMenuItem.cs: 5f445176ad3735e69769d93250663be7 -> 73f3c859f1b5092ad362c09e23b3a922
  custom:scripting/monoscript/fileName/WebRestApiClient.cs: 8ab6ae74a3793a3375cc48f328048a82 -> 746756fd499dddd02a4e7ccdbac48be3
  custom:scripting/monoscript/fileName/ShelveListViewItem.cs: a37862556d04b25f75804d991e109d87 -> 373418f0ae11fc25a26ff7fe4f472006
  custom:scripting/monoscript/fileName/OpenPlasticProjectSettings.cs: 5a86fd454f7c9f74b62653e269818d3f -> 
  custom:scripting/monoscript/fileName/PendingChangesOptionsFoldout.cs: 2a2f5a0ba87bd75c4475236a9a012016 -> f9e651bcc5d4441496c88ab59a32f360
  custom:scripting/monoscript/fileName/IncomingChangesTreeView.cs: d8c19bc81b07c04d7721396d2821d297 -> 96479648d4498738733254eb4e4c6fb5
  custom:scripting/monoscript/fileName/GenericProgress.cs: 11287c7d038c487f32d0c8edc476a32d -> 8492ec26f01fc248d3eb3c2f5b3b6c0f
  custom:scripting/monoscript/fileName/ShelvesListView.cs: 0763e4076b11a683fa148282680085c0 -> 01c1f087b2f83b458da6b8ad18736606
  custom:scripting/monoscript/fileName/MergeCategoryTreeViewItem.cs: c1ecd9dc0cd73eb7eb129994dedc1a91 -> 6bd59fcbfeafe06987a54631991d755b
  custom:scripting/monoscript/fileName/CheckinDialog.cs: 1709b78fae1329cc05fd4f39334b25f5 -> 702fdb8d0a3b4bfcb9ba109e71325cad
  custom:scripting/monoscript/fileName/SortOrderComparer.cs: 8f6297df34271fdb1ce2d9607ec6261d -> 90647cc400823b41df847a6cbfc29026
  custom:scripting/monoscript/fileName/GUIActionRunner.cs: 69af7de0762ed6d085feb4cc4b5101b3 -> 4a0608de635b0d82868d57923d68eff7
  custom:scripting/monoscript/fileName/PlasticMenuItem.cs: 30c3a785b4c2607e2ae9aad693d5f604 -> 
  custom:scripting/monoscript/fileName/PendingChangesTreeView.cs: f3722f38014385705913f17dbe0f90c1 -> 17142d220a0a50a3f3d184c4718a0da7
  custom:scripting/monoscript/fileName/VCSPlugin.cs: 69c1b7249af35f35848ae707bd5e7113 -> 
  custom:scripting/monoscript/fileName/GetClientDiffInfos.cs: 4ae14b15e2cf5177a84735548a44cdc9 -> f8db8e637ded2d5e935a953a13b85ebe
  custom:scripting/monoscript/fileName/DrawActionButtonWithMenu.cs: d7f31944358aed2f3ed3982246fca039 -> 8d4f5edd02a1dd0f38c4f2baf5ee8a33
  custom:scripting/monoscript/fileName/ErrorListViewItem.cs: 9bf59c82e9c9992a012a3eb2b6c2bfe5 -> 509edc26860f8be303ec97d68aabc30d
  custom:container-muxer-webm: aa71ff27fc2769a1b78a27578f13a17b -> 
  custom:scripting/monoscript/fileName/EditorProgressControls.cs: b1f133fa38afd918d537a72574fc93a0 -> 2e606eb01a6e6a567f3de9a0379ed3ae
  custom:scripting/monoscript/fileName/BranchesListHeaderState.cs: d47f1164fa7093137db851c4c16ffba3 -> 82eab21603f4efc696334ee80641c2c9
  custom:scripting/monoscript/fileName/DrawSearchField.cs: b11b864a92c7d76f85d4ec87d6faf61c -> 3de70beba9f4447205d50241d95b066a
  custom:scripting/monoscript/fileName/PendingChangesTab.cs: c99065f3c85ec85c85ece2a1a30665af -> 15ae6787065f4af65778e981f418a60b
  custom:scripting/monoscript/fileName/MergeTreeHeaderState.cs: d266e9dd03ced7ec66ad3688e5f18f26 -> 6293ca7f65e9641fcbe12100e705a990
  custom:scripting/monoscript/fileName/BuildGetEventExtraInfoFunction.cs: 1308a6936e8051866a117b3b7c2c7b77 -> 74bfc8c01f931108a3c2b127aa04cc8d
  custom:scripting/monoscript/fileName/ShelvesTab.cs: 88e0da7511313c57d3f51ba183c4d3fc -> fca0a219bdad45e636bd34724e5dc89d
  custom:video-decoder-webm-vp8: 9c59270c3fd7afecdb556c50c9e8de78 -> 
  custom:scripting/monoscript/fileName/WelcomeView.cs: 07e35bfe1faa2c52c049eb30958acd54 -> f06c185659ea2f4a75f9397861dc6096
  custom:scripting/monoscript/fileName/DeleteMoveMenu.cs: 39c593e854a9a8ae0e6d34ceb587fce1 -> 4d026cbabd8105e38661f97da078042a
  custom:scripting/monoscript/fileName/PlasticApp.cs: c440a0fb380601a77ad475d6c15d4fa1 -> c57de230d90beac7b586f10b9c7c6cb5
  custom:scripting/monoscript/fileName/ChangesetsTab.cs: ef408d8aaf89e01b17643ed0c836680d -> 46dde8f7856048792ad2e75490bb8c5e
  custom:scripting/monoscript/fileName/DeleteBranchDialog.cs: efbbc070bfeda2b746e8b15a4380cb26 -> 8549b0fc52962c89115fd78724fee578
  custom:scripting/monoscript/fileName/IncomingChangesNotification.cs: d7ac4b8f9ea939309b8ceb7f729100a2 -> caa8ea2c7336b9227381f0971759e01a
  custom:scripting/monoscript/fileName/DrawTreeViewEmptyState.cs: d4c16fd6aad8161eda7d99fd74cbb08e -> 
  custom:scripting/monoscript/fileName/ErrorsListView.cs: cc3142391037796392fcd3fe860891dd -> cd35171982f17897dd5148dda46e0956
  custom:scripting/monoscript/fileName/UnityPendingChangesTree.cs: fd6f0a038401268983bd9328d10dec93 -> f391d9a00dc9e202cee4d4ebcf6d21c0
  custom:scripting/monoscript/fileName/ClientConfiguration.cs: 5f5e47bfb7cedc7420d7e59c6d7ae6f0 -> 01b18b09a6dbb3756e1f42a5b64aab0f
  custom:scripting/monoscript/fileName/AssetVcsOperations.cs: 50ee89e011ba3d800b4e7a9a24aca7e1 -> 
  custom:scripting/monoscript/fileName/PlasticDialog.cs: b0aae1bf1889af041741f324070b7b84 -> 63a17a2b696bc2a13c9046aa16f8cea4
  custom:SearchIndexIgnoredProperties: e643bd26f0fe6173181afceb89e7c659 -> 
  custom:scripting/monoscript/fileName/AutoRefresh.cs: 9d30d5d3f0e8985355be1ab597da1dbb -> 0a8afde180a876655ad16caa14493409
  custom:scripting/monoscript/fileName/PlasticPluginIsEnabledPreference.cs: 7953272c37f4a828a3d1096e7479f346 -> 
  custom:scripting/monoscript/fileName/GetRelativePath.cs: 9b16eb2de9e98b392077181cc34243c1 -> ab04ae5e0cafb93ebf5c96148bb52df0
  custom:scripting/monoscript/fileName/UnityEvents.cs: 253411328de37811883aded592b97268 -> c830e584565fcd66ca0d5a23ad8b9bd6
  custom:AudioImporter_EditorPlatform: 2f0ff77a95e0ac474e3e8eeba4e2f7cb -> 
  custom:scripting/monoscript/fileName/DeleteChangeMenu.cs: 540c783b689e4d6a4a383862455d5d39 -> bfa368dc06e11abcc107d6f80c7c19c5
  custom:scripting/monoscript/fileName/SelectNewCodeReviewBehavior.cs: df6e8e132199ea6ec467c9bced11011d -> a16edf3a8c3e5ac26863e890f68fd937
  custom:scripting/monoscript/fileName/DockEditorWindow.cs: 581124d5e19667105f2446d6dfbf7982 -> a9e5e467234133af999283610b6e84e6
  custom:scripting/monoscript/fileName/ProjectPackages.cs: e247c98bd45807b228765f9a94d82145 -> 9e9e13e39b2e9718b602503b87245c18
  custom:scripting/monoscript/fileName/BranchesSelection.cs: 7eb1fcb556f0fad697e4ec9d989be099 -> 33b36e7b03910960966036894ec90c7c
  custom:scripting/monoscript/fileName/SaveAction.cs: b68fbb4319dbb368959c40781b39fdf8 -> 27c387bb58f3a69b0c9ff60d2209e18f
  custom:scripting/monoscript/fileName/AutoConfig.cs: 6c4e7f9dc55323aa1299debfe9723aa6 -> bf4bbd2f2e752464ef51dbf102faed17
  custom:scripting/monoscript/fileName/DiffPanel.cs: 02288a38bd14cc2b52a25b302a6f154e -> 210366dab3631628227b9406f87a9b7f
  custom:scripting/monoscript/fileName/PlasticAssetsProcessor.cs: ff731c8aacf4a537dc74c7cf9eaeaed0 -> 
  custom:scripting/monoscript/fileName/DrawActionToolbar.cs: 52293cb82089e0370f52e257f41c0869 -> e05748a99799f26304c1bbafd90f703b
  custom:scripting/monoscript/fileName/EditorVersion.cs: 70953c9eccf7726f70c672a9a51619e9 -> 698aba075b19a52a056d67a7b809d179
  custom:scripting/monoscript/fileName/TeamEditionConfigurationWindow.cs: d06f049421c16e5927ec29f770917e09 -> e53b1ca5561894aaeff930afb696d001
  custom:scripting/monoscript/fileName/TreeViewItemIds.cs: 7d654a2b5b3a10da3e7d8472196e96d1 -> 0cdf409b5aa8d4c25876d72b5c6a3b60
  custom:scripting/monoscript/fileName/ProgressOperationHandler.cs: 5fbb4e0f656dcfaa4498bd2e492e4710 -> ec62666c0ca1649dd33cc6bc6834c6f7
  custom:scripting/monoscript/fileName/UnityPlasticTimer.cs: 961fdb6492c99b4a3eadbed28e78c4b0 -> 6c887e722e951c2964523825cad70c4c
  custom:scripting/monoscript/fileName/TreeHeaderColumns.cs: 9fc4a0396a421346b8aa3b7788860851 -> 316e5ea62e66b20fd6e687a6b9e5958e
  custom:scripting/monoscript/fileName/MergeOptionsDialog.cs: 25ac62df73845405e13f44e4dfdcf0d1 -> 9250ce23d260ab84f87bd5899c6cf983
  custom:scripting/monoscript/fileName/AssetFilesFilterPatternsMenuBuilder.cs: 8fe5de6e5dc3d42fb7e95de2aaedbf5a -> 0d99e7514c6a33cda8314deed8f34bc5
  custom:scripting/monoscript/fileName/MergeTreeView.cs: 143a828a1a236483d3cdc1d010ce9d51 -> 3feb38cec50d3fc7576ddbf07a9a9ce8
  custom:scripting/monoscript/fileName/PlasticNotification.cs: 3629fdff9f054b2013702f5b131b2c47 -> 
  custom:scripting/monoscript/fileName/ConfirmContinueWithPendingChangesDialog.cs: c0e147ff008a0b77c9337132a3ea70af -> 77462b1904ad8f6fee2f8da4523d59fe
  custom:scripting/monoscript/fileName/ShelvesListHeaderState.cs: d3cea237aa496a145829475430d90f29 -> 287f23cbe09ecb9b28ec8dd05ede8846
  custom:scripting/monoscript/fileName/ChangelistTreeViewItem.cs: a4a6f6169cdb3afe249e104e2b7b1a2c -> 87f69636be8bd1a264ec4eac1bffa701
  custom:scripting/monoscript/fileName/CollabPlugin.cs: bda741ff77a19affbf276298e29313ec -> ca276d65e7cd77c5c99d9f119ffdb215
  custom:scripting/monoscript/fileName/TabButton.cs: 757146b89ed597b1d75c77241e5d5f63 -> 
  custom:scripting/monoscript/fileName/LaunchTool.cs: 3ac53c8af1f56365aad9e1ae5366d98d -> 60773d78646dc188d4b2caca77f20b17
  custom:scripting/monoscript/fileName/RunModal.cs: 33b931100ee477e6812324eabaa2e837 -> c83ee2ef642c5d8b8dfd32f033bfc438
  custom:scripting/monoscript/fileName/BranchListViewItem.cs: 8fdaa5aa842f5a70237affa304b9d506 -> 55028f4aef24d6227589aaa95582b2ff
  custom:scripting/monoscript/fileName/GetAvatar.cs: 07c98163f75f0b7c672bd453fc82bf61 -> 04ffae2a9e5a4c32a119f93144f558d2
  custom:scripting/monoscript/fileName/MoveAddMenu.cs: 81d47caeb9f49803adfe1627c8ce5bf4 -> 1fbfab870b2e95fdd8a81f6019f764df
  custom:scripting/monoscript/fileName/FindTool.cs: fc3b0710b24078288fe829d0bb041dd0 -> 2f9d82566cfb01fb68fc30111fb47624
  custom:scripting/monoscript/fileName/ChannelCertificateUiImpl.cs: 75d7831ab5da75cc0082e28863abb142 -> cefccf1e13b7bcf15e3c9f2dd4cd2fc8
  custom:scripting/monoscript/fileName/ApplyCircleMask.cs: 02eb67e485278e7c9b719fee5ff90f4a -> b955b378d261fdcbd6272fe8711d1e4f
  custom:scripting/monoscript/fileName/AssetMenuOperations.cs: 131bfc7279b97eba576abe13a47f8f91 -> ebcce67603e288b4a84d49287db6ef5a
  custom:scripting/monoscript/fileName/ShelveAndSwitchOptionsFoldout.cs: 676902ec49ff9c5abb2a832f067966e8 -> e7b216a23869eafb9aecd00a8905fafa
  custom:scripting/monoscript/fileName/VisualElementExtensions.cs: cd98f4a51563fccdfc39eed097290325 -> 0aad2728225c469038631668406aebb3
  custom:scripting/monoscript/fileName/LocksSelector.cs: 70b046a562568fd78d093736e68a3a58 -> 7b0f4fc5552c1d92ba7f4648526ceb21
  custom:scripting/monoscript/fileName/ListViewItemIds.cs: 8f6297df34271fdb1ce2d9607ec6261d -> 90647cc400823b41df847a6cbfc29026
  custom:scripting/monoscript/fileName/CreateWorkspaceViewState.cs: 1deb37b3c17c224d9a7dca9c990ea191 -> 0fe23b7cca9336b31a27790c714de652
  custom:scripting/monoscript/fileName/MergeLinkListViewItem.cs: ebc1e6f9e3a3005d8f4c51a794adfdaa -> 3fa407d29597803190dd374d88ed170d
  custom:scripting/monoscript/fileName/DrawCommentTextArea.cs: ad5449f632fd412ac0f7ba0d171fd453 -> c58c26552f95f108a8d9610eaf001fbc
  custom:scripting/monoscript/fileName/ErrorsListHeaderState.cs: 9141660c9776c5dac5f980fd03a672a8 -> b961336a4a43551eb826f97c57673007
  custom:scripting/monoscript/fileName/MergeViewDirectoryConflictMenu.cs: d45972e8b5f74223c607a4daa895ff3d -> fad8e1937fc14fd75ca21a68ee1037b8
  custom:scripting/monoscript/fileName/RefreshAsset.cs: 4479d2949a66a97f66d1e550067f3767 -> 5a15c606785f1f54a697bb0d0d846dfb
  custom:scripting/monoscript/fileName/BoolSetting.cs: d67f952c3a5976591f3e9a9e7356bbab -> 12bf039ccd38b0f4ccfffbec3cbbf108
  custom:scripting/monoscript/fileName/CreateChangelistDialog.cs: 774371d4233cc1d394d98dc80507a1f8 -> 386b03e27c951c5f1d63daf7aae486ca
  custom:scripting/monoscript/fileName/HistoryListViewMenu.cs: 15a489e494f04a7ea37a587c7601070e -> 29770348599c8d5473b78d72e5741b40
  custom:scripting/monoscript/fileName/MergeViewFileConflictMenu.cs: d7362b83d6b320a0f0ceaf99dbe21727 -> 8fc0f292158abfa71c2c7b3b6f38d32a
  custom:scripting/monoscript/fileName/FilterRulesConfirmationDialog.cs: 5186d89f21d03764f0cca01c2a0122d7 -> 9c91c6c91f20e6d013a753f32343b327
  custom:scripting/monoscript/fileName/ChangesetsSelection.cs: d154d1782ed752b83834c54a0bde3df9 -> 8b9d539af9f7e269bac4e3d79e9ffab8
  custom:scripting/monoscript/fileName/AssetPostprocessor.cs: 96208057b904410715a8df295ba4f8f4 -> 
  custom:scripting/monoscript/fileName/IsResolved.cs: 67a72533af97b9ab7830798057ab806c -> f54a3e2c5134aa4306f9ad150b1911a9
  custom:scripting/monoscript/fileName/LocalStatusCache.cs: a558fcf5f34357bab4cfc7b75e2bb356 -> 30974ea30517fbfd1b93153f6c849a76
  custom:scripting/monoscript/fileName/RepositoryExplorerDialog.cs: 143e7416b576681e1f2ea71288e530e6 -> eea34924da79ad7254f3e141a891c78d
  custom:scripting/monoscript/fileName/WorkspaceWindow.cs: ff52e13cd29dacd66db0169e14f71a23 -> b042f06133312d3bfed176231d97d77c
  custom:scripting/monoscript/fileName/BranchesTab_Operations.cs: 764cb17e9337c58ad4f5304b60b2042e -> 57c33f76c527a5aba4d269245ffff188
  custom:scripting/monoscript/fileName/DiffAndMergeOptionsFoldout.cs: 080cbf9242c0571bafa2e45ef8932448 -> 2810bae564e92b04bc7ebe4e47a2880b
  custom:scripting/monoscript/fileName/PlasticShutdown.cs: a8df8eeeed98372d06e446171a192a6d -> 
  custom:scripting/monoscript/fileName/FilesFilterPatternsMenuBuilder.cs: 28072cd275c96994687e6d4d0d6e1dff -> cf716a8d336c8113475a9ca67a799ec1
  custom:scripting/monoscript/fileName/HistoryListViewItem.cs: 2d3b1fc954b6bdbae298ec250ade0663 -> 96f2b67ec620b83e35d13f11877e1ac1
  custom:scripting/monoscript/fileName/RemoteStatusCache.cs: 00463e6b90cfe7da080d7c266f783980 -> 402d5663f3675e9324c129274b0c00f2
  custom:scripting/monoscript/fileName/EditorWindowFocus.cs: 1012e4e2e29e9b29bdcc03d8b92762a8 -> f258b0cf85078a7435d001e522d5e8e3
  custom:scripting/monoscript/fileName/EnumExtensions.cs: 24df84756ec75feecd53a80a0991ea16 -> 872fcb89b813d64606e680211dede528
  custom:scripting/monoscript/fileName/NewIncomingChanges.cs: fc48261878ef7e4b956e7172f5803aee -> 
  custom:scripting/monoscript/fileName/IsExeVersion.cs: 093723a3ef9cbad630dfdc60c764eff0 -> 9ef63354090e3419637bfe79e3489687
  custom:video-encoder-webm-vp8: eb34c28f22e8b96e1ab97ce403110664 -> 
  custom:scripting/monoscript/fileName/UnityIncomingChangesTree.cs: f774bb8bf0bd45a254894c795843c695 -> 42967773c43d3de5d23be4ddc6dfd9c4
  custom:scripting/monoscript/fileName/UnityDiffTree.cs: 447fc3a8922f56330f4bae8c9dc9a8be -> 1029ffd567bc0e646e6b119719dcb2ff
  custom:scripting/monoscript/fileName/TreeHeaderSettings.cs: 114eb9e27124403e8e111494b8eaf987 -> 662b1714c0fce36da72bbfe60201987a
  custom:scripting/monoscript/fileName/UnityConstants.cs: 323df5e3c80d05e06517581c776fde34 -> e3d3c3e11a194da9e5bbbfb97087a7bd
  custom:scripting/monoscript/fileName/IsExeAvailable.cs: 3e4283303610c884e542b8f6d3e922d4 -> 4a3dbc5ded94087064afd97407f26631
  custom:scripting/monoscript/fileName/LoadedTwiceMenu.cs: 961f9b82936caa7937046ac23d323c2c -> b54aa2e14eb740621bb6f926af7cb8ef
  custom:scripting/monoscript/fileName/AutoLogin.cs: e67ed70aada38469aeb667115929c368 -> b4cb98371fc38cca00d7123b7e649e12
  custom:scripting/monoscript/fileName/DrawMergeOverview.cs: 1db93bf179b38015949e3a3cb6ef1bd3 -> 49e0e525c3c170f79c20dc6779b7ead8
  custom:audio-decoder-ogg-vorbis: bf7c407c2cedff20999df2af8eb42d56 -> 
  custom:scripting/monoscript/fileName/UpdateReportLineListViewItem.cs: a101f0ba5292fc139445870b3f4af838 -> 9f63395e1ea590dbbab4d59cd0032ac4
  custom:scripting/monoscript/fileName/DrawSplitter.cs: ec7e8739eacabcca3e2946d9833eea0f -> d2f114a8e8e4167f7762d835a83b2f55
  custom:scripting/monoscript/fileName/LaunchDependenciesDialog.cs: e1c527862a66e73f0417ae177d7fdfb5 -> 2cabf22eb95430074b6c730a84e03493
  custom:scripting/monoscript/fileName/CredentialsResponse.cs: 96b135ae1c4ea541dc762170ea524fa9 -> 3dd2507693e56dac75ee7783f598cbb9
  custom:scripting/monoscript/fileName/LaunchDiffOperations.cs: aeae601320588a70eea7590a2f7e0f69 -> 871a0804a9fe2d9f2ad088303a89a63e
  custom:scripting/monoscript/fileName/PlasticSplitterGUILayout.cs: 111849f67dfbfea65ad2a9298ad1654d -> 
  custom:scripting/monoscript/fileName/CheckinDialogOperations.cs: 0b2a2cd4c41cf1865a29cf91b2a96a48 -> d032d69e8060311c06b88286e8f22ddd
  custom:scripting/monoscript/fileName/PendingChangesViewMenu.cs: 68fab310addfd7068cfd7920070496ff -> 9b0019b6df6bb14eb3a2dbafa53fb54b
  custom:scripting/monoscript/fileName/AssetsSelection.cs: 35cec24e81f0cb1de51daeb356abc4ff -> 0227d7ff4d5687932d10967a945a9b06
  custom:scripting/monoscript/fileName/EnumPopupSetting.cs: 8f6297df34271fdb1ce2d9607ec6261d -> 90647cc400823b41df847a6cbfc29026
  custom:scripting/monoscript/fileName/PlasticConnectionMonitor.cs: 920e8e381bfc94da8bb69d336dda57ca -> 
  custom:scripting/monoscript/fileName/HistoryListHeaderState.cs: 6226ef13a567fa81584864f8698be331 -> a87e0364d14866c369ad50d669bdfa85
  custom:scripting/monoscript/fileName/EnableSwitchAndShelveFeatureDialog.cs: 2cb9334d072aaff777efab2d72a2583e -> 03bdf2f298649e7c429ac90c7a3c461a
  custom:scripting/monoscript/fileName/CloudEditionWelcomeWindow.cs: c886fdb39f4b8787e6ea3701a8f88f4a -> b1721e471183956468462f6b64901640
  custom:scripting/monoscript/fileName/AssetsPath.cs: 367269acf8f676d2cdd30fdc387b3920 -> e0e986124adc46d913f0683c34b88c9f
  custom:scripting/monoscript/fileName/MetaPath.cs: 1f80313a7ce6ec6ece505285578f5745 -> 417a84eb354831f828a6752b26c8592d
  custom:scripting/monoscript/fileName/CredentialsUIImpl.cs: 90e9c2de8d7bdd8424e0d89c415108ae -> dbacf67c37819fd95562fe169e706732
  custom:scripting/monoscript/fileName/ChangesetsViewMenu.cs: b720f0168f4ce1b1e0d358a6d5ec9a42 -> 7d1a2de81910b5990e71a0bfff26fdca
  custom:scripting/monoscript/fileName/UnityPlasticGuiMessage.cs: 2a7f71f59c0d7dc731fd345a3713957c -> 24eef0792e3802809607a7f9d04b8f1d
  custom:scripting/monoscript/fileName/OrganizationCredentials.cs: ee462057b3bd23cc3dab953ac4d656e2 -> 0b123406cadd651e9adc01c85fab5124
  custom:scripting/monoscript/fileName/StatusBar.cs: 2c8c488a8bbfe924f6b53b202ff6aadd -> 
  custom:scripting/monoscript/fileName/IsCurrent.cs: 7343ceec4312304bb8b398eeb6c375fa -> cf1fd01890d0fd9f011c1a1a491e2cf0
  custom:scripting/monoscript/fileName/ChangesetFromCollabCommitResponse.cs: b986ab8b1acd322b0367812e2d541734 -> ba336e4117e1b7ee28e4c17197bc3d0e
  custom:scripting/monoscript/fileName/MoveToChangelistMenuBuilder.cs: 3a2ef8cb0baf69e5dadeafc731fe32a9 -> a90b3e388d3e1316fa104d4c9a03e2d1
  custom:scripting/monoscript/fileName/LoadingSpinner.cs: b3299af90b664a9f42123e7df43fae24 -> 6aff0ac022d117a8e24a7b5e4b11904c
  custom:scripting/monoscript/fileName/LocksTab.cs: 134c512484ae73354c15c06a6dc69f9f -> 00ffb5a39c16fdc2d733c7e53471a3a9
  custom:scripting/monoscript/fileName/BranchesTab.cs: 764cb17e9337c58ad4f5304b60b2042e -> 57c33f76c527a5aba4d269245ffff188
  custom:scripting/monoscript/fileName/ToolConfig.cs: 18b1ea271ce5e7b6deea7b4e8e175269 -> fcffc3165b047f54ed6ccafa4c8760dd
  custom:scripting/monoscript/fileName/DropDownTextField.cs: e66e7314096900597993d2b353757d8d -> c8fc484ce140049ff31ebc2c6cbebf28
  custom:scripting/monoscript/fileName/AssetsProcessor.cs: 47679a6e15b70f4fef48eb1b2df31b19 -> 18737889e95cd4088e8dfd4153fa8f40
  custom:scripting/monoscript/fileName/DrawActionButton.cs: d847a7d82ac92cab2b3d0ae268cefb3d -> 81e6708d2b8fa199354e53f85db731a8
  custom:scripting/monoscript/fileName/TableViewOperations.cs: ddc7b903e0dbd6bd109f2bd709b95f0e -> bef3a31deb1fe794a90f767d16e4c868
  custom:scripting/monoscript/fileName/UpdateProgress.cs: 5b04f01bf199310f09ab9522f89c78f4 -> 281e1e05168d6a30be1d8d2f6200bef8
  custom:scripting/monoscript/fileName/OrganizationsInformation.cs: b3f0758c6655b2dad1161792812992fa -> 5f067ea8d90fc79055a3dcfd58ae6dca
  custom:scripting/monoscript/fileName/ChangeDeleteMenu.cs: 652dcd6f863c509bfa0376b6d95ab1ec -> 4fefe66d6e279ce0ac2fdc57d409f232
  custom:scripting/monoscript/fileName/SubscriptionDetailsResponse.cs: e10e0299ef716630c63b8cf5f792cda0 -> e5121cec860a6d1097cc809217b3d8fe
  custom:scripting/monoscript/fileName/DrawProgressForDialogs.cs: 5f8d39e3ea7c4a42148c6b1a7b4ca061 -> a5f2abd8875e7a6afbc171fabfbae81f
  custom:scripting/monoscript/fileName/ToolbarButton.cs: 47dc767626bbd94d66707af31ddc5eb6 -> 
  custom:scripting/monoscript/fileName/ProjectViewAssetSelection.cs: 349dc288d32791de51156d4e59000b7b -> 2560eadaf6a13a74a46a4a207cd5a8b6
  custom:scripting/monoscript/fileName/DrawTreeViewItem.cs: cceebc4f1185658619e40964f29acb08 -> 0921a62a588ab864253743d1f07afb5a
  custom:scripting/monoscript/fileName/DrawSceneOperations.cs: 2426c0c2ee58cd28be59874f6425940c -> d87f46f9fb97181a2f51490ea2e1efc3
  custom:audio-encoder-webm-vorbis: bf7c407c2cedff20999df2af8eb42d56 -> 
  custom:scripting/monoscript/fileName/DrawActionHelpBox.cs: dcd6ec2e7fb1b44f22c4a79ff87b70cd -> c8f6be9dab1e6f8d71e0c63c29679186
  custom:scripting/monoscript/fileName/PendingChangesMultiColumnHeader.cs: 21802cc6929e0e180fb4f0be8e34d9d0 -> 722de7d6e07a79981d750438e6febb8f
  custom:scripting/monoscript/fileName/EditorDispatcher.cs: c739e073a8c38dbcf59192f45d1004c5 -> 3c402eae57d73cc54863f3f6a13096ae
  custom:scripting/monoscript/fileName/MovedEvilTwinMenu.cs: ce111941dc7264d29598ce7fd2770927 -> d480b839850d28c1c9526cb587fc752d
  custom:scripting/monoscript/fileName/IIncomingChangesTab.cs: d4ceabdc48d8a1872bbe87f04d89a4ff -> 40644cd18074db84684b9e437bf8fa77
  custom:scripting/monoscript/fileName/GetChangesOverlayIcon.cs: f00e4b795697c6cf3092760f3b6fc49d -> d599d6efdee28305661bc0cf6683858a
  custom:scripting/monoscript/fileName/ShelvedChangesNotification.cs: 13b6a2ccd8b4ac1f5ee30c8404cea3b0 -> a27e9e7b242b904f41fc1b16d3a1b3fd
  custom:scripting/monoscript/fileName/EvilTwinMenu.cs: 475a88947051822ca4915306469f9bcc -> 919e4faae0573e49949f6dfbb5a733da
  custom:scripting/monoscript/fileName/ChangesetsListView.cs: caae0aefb36c869f50691482a5cd0944 -> 87b74e0d80cf59010f55e2baaeb6679d
  custom:scripting/monoscript/fileName/UpdateReportListView.cs: 2d8fccdaad50bbd7454b52cf9cb4a0f9 -> 08d26df1ab6c3a7628addc5e54e50b08
  custom:scripting/monoscript/fileName/UnityConfigurationChecker.cs: 59a8f0715a7c89a752351bf42f94abbd -> 874cd65cce0384fef4b60e71fb08a429
  custom:scripting/monoscript/fileName/CheckWorkspaceTreeNodeStatus.cs: 5e11ff64963669981115eb58dc2b6e8b -> 1e1255b803bf7cbc935bb804bf0dbe7b
  custom:scripting/monoscript/fileName/TreeViewSessionState.cs: 8333273b312d475b653610e2871c20a5 -> 9f39a2ca55a7481b8ba078d3a2b6815e
  custom:scripting/monoscript/fileName/ErrorsPanel.cs: 21fc210ee17d5e95782397ef8c7dafab -> 515b7ba9af5e7885ba3068b1d63c6104
  custom:scripting/monoscript/fileName/PlasticPlugin.cs: a57c142b98ca3d4daad221737fd72924 -> c64561980f26020cc3206ae8b1047268
  custom:scripting/monoscript/fileName/SwitchModeConfirmationDialog.cs: 4d9c02587760213784bfe53d012122b4 -> 30cd71d0b3ee4b2689cde689908d301e
  custom:scripting/monoscript/fileName/PlasticWindow.cs: fc467478941f610919bc69526ba2c215 -> 
  custom:scripting/monoscript/fileName/PlasticExeLauncher.cs: caa0b5dda5df50c85bb19d27252d16b9 -> f1da27253760250030952f02cb54965a
  custom:scripting/monoscript/fileName/BranchesViewMenu.cs: 8089f11c30784e2e57775dd6cdbae898 -> 7bfc83e917c9b0b5aa423bb947ce2a38
  custom:scripting/monoscript/fileName/CooldownWindowDelayer.cs: 7816cfcad485500dbac9993c4502ea69 -> 4c95e39c8dd4cfa1bca106097fdb6524
  custom:scripting/monoscript/fileName/GetInstallerTmpFileName.cs: fa7bda723ac795b48e38504727f44981 -> d09e0b5c7a9af5874530e17ef23025f0
  custom:scripting/monoscript/fileName/AssetModificationProcessor.cs: a602c9e59e7db185e3a0d68d986e6fef -> 
  custom:scripting/monoscript/fileName/IsCollabProjectMigratedResponse.cs: 4c3294c6a51e6f42161d191230692016 -> af2b76c693935deee55cfcaed2aa7568
========================================================================
Received Prepare
Caller must complete domain reload
Begin MonoManager ReloadAssembly
- Loaded All Assemblies, in  2.400 seconds
Native extension for LinuxStandalone target not found
Native extension for WindowsStandalone target not found
Native extension for iOS target not found
Native extension for Android target not found
Native extension for WebGL target not found
Mono: successfully reloaded assembly
- Finished resetting the current domain, in  4.365 seconds
Domain Reload Profiling: 6739ms
	BeginReloadAssembly (218ms)
		ExecutionOrderSort (0ms)
		DisableScriptedObjects (9ms)
		BackupInstance (0ms)
		ReleaseScriptingObjects (0ms)
		CreateAndSetChildDomain (55ms)
	RebuildCommonClasses (54ms)
	RebuildNativeTypeToScriptingClass (12ms)
	initialDomainReloadingComplete (79ms)
	LoadAllAssembliesAndSetupDomain (2010ms)
		LoadAssemblies (2055ms)
		RebuildTransferFunctionScriptingTraits (0ms)
		AnalyzeDomain (42ms)
			TypeCache.Refresh (12ms)
				TypeCache.ScanAssembly (1ms)
			ScanForSourceGeneratedMonoScriptInfo (17ms)
			ResolveRequiredComponents (9ms)
	FinalizeReload (4366ms)
		ReleaseScriptCaches (0ms)
		RebuildScriptCaches (0ms)
		SetupLoadedEditorAssemblies (697ms)
			LogAssemblyErrors (0ms)
			InitializePlatformSupportModulesInManaged (112ms)
			SetLoadedEditorAssemblies (8ms)
			RefreshPlugins (0ms)
			BeforeProcessingInitializeOnLoad (174ms)
			ProcessInitializeOnLoadAttributes (357ms)
			ProcessInitializeOnLoadMethodAttributes (36ms)
			AfterProcessingInitializeOnLoad (10ms)
			EditorAssembliesLoaded (0ms)
		ExecutionOrderSort2 (0ms)
		AwakeInstancesAfterBackupRestoration (5ms)
Refreshing native plugins compatible for Editor in 57.63 ms, found 0 plugins.
Preloading 0 native plugins for Editor in 0.00 ms.
Unloading 4208 Unused Serialized files (Serialized files now loaded: 0)
Unloading 19 unused Assets / (48.2 KB). Loaded Objects now: 4697.
Memory consumption went from 137.3 MB to 137.2 MB.
Total: 5.820504 ms (FindLiveObjects: 0.437963 ms CreateObjectMapping: 0.138681 ms MarkObjects: 5.049184 ms  DeleteObjects: 0.192963 ms)

Prepare: number of updated asset objects reloaded= 0
AssetImportParameters requested are different than current active one (requested -> active):
  custom:scripting/monoscript/fileName/BuildMergeTabParameters.cs: 2c923f29302a39560b4301c3fd163a7b -> 
  custom:scripting/monoscript/fileName/IncomingChangesTab.cs: 8a20aca125f6d4b837670edb6e36bc05 -> 82bff1d960538992d4e618d909869d2e
  custom:scripting/monoscript/fileName/DiffSelection.cs: 34faf7c86f7e0c9a01162e930679d82f -> 1460aaba4240ef35322cb9c198487990
  custom:scripting/monoscript/fileName/DrawStaticElement.cs: 6cbd346d4a1be2ee84c9ebe55a7f9f79 -> 5765d84d60602f16f5577bf0b7fc6b96
  custom:scripting/monoscript/fileName/MoveDeleteMenu.cs: f1a7b8a8be76c035d934c51863f3b934 -> c4ad4528e772c33a6167006886a8d1da
  custom:scripting/monoscript/fileName/DialogWithCheckBox.cs: 738e3e0af97e826e16805dda77e5f009 -> 
  custom:scripting/monoscript/fileName/DateFilter.cs: de3aab0283a2b4a1d4d64145b14132d5 -> 3a6cb8c2e3ffbb5a9052e322ee5bf411
  custom:scripting/monoscript/fileName/PerformInitialCheckin.cs: be22d181e456c0a8a5713675f29ac72a -> 8ef9a9f407b8b94b2b5fad9d24e61f79
  custom:scripting/monoscript/fileName/ConflictResolutionState.cs: d9394655856a9fc1a0b280bc997bac16 -> 74a230000ff2fd58c5a60ab4258207dc
  custom:scripting/monoscript/fileName/FindWorkspace.cs: 39bbd18bfe6bf4a99f5c185dcda4dd4a -> 6af6c9e9382fef881c020ab184e6f7f5
  custom:container-demuxer-ogg: 62fdf1f143b41e24485cea50d1cbac27 -> 
  custom:scripting/monoscript/fileName/CheckinConflictsDialog.cs: d3af1d70d3f60a9847d2942647274222 -> e13fa04a97fb675842c94586fc602871
  custom:scripting/monoscript/fileName/AuthToken.cs: d22b2893825e943bc1389be142abd57e -> 0fba7e8eb1ec8b699f274cdc956451b2
  custom:scripting/monoscript/fileName/ProgressControlsForDialogs.cs: 6bf8e69ac7dc2163fe988e5d8181ce88 -> 7e6bd1727985204e3b64e1946e589b1c
  custom:scripting/monoscript/fileName/AssetStatusCache.cs: beede06d8a6d93e7907fd192ad653f2b -> 260d5f85663ac58b2a7e9553c453bc3e
  custom:scripting/monoscript/fileName/OrganizationPanel.cs: d7ac1288bef1b15a05bb26d201a4d87f -> 57a57e6a345dbd536e91c348b70943a9
  custom:scripting/monoscript/fileName/ChangeCategoryTreeViewItem.cs: efd70108e1f6ff61ed2723220486adfc -> fd14db176fff061715c8ec88ced1902f
  custom:scripting/monoscript/fileName/CurrentUserAdminCheckResponse.cs: cec2f173fe8732108711c497674c6f66 -> d57c2dcace740834acd59fdfbc5023b8
  custom:scripting/monoscript/fileName/UIElementsExtensions.cs: a191d7293be4538b0adb29dfe5b06a46 -> 52e0d612ab032e4d22e9558b90396b99
  custom:scripting/monoscript/fileName/CreateBranchDialog.cs: c429477092287209232592c8cde1a615 -> 9eb29fda08033b4f847247136c412db6
  custom:scripting/monoscript/fileName/DrawCreateWorkspaceView.cs: 6422239d8f649480614f0dd4f018b7f2 -> c6039ac84d85ab3926aa94de163a9f7d
  custom:scripting/monoscript/fileName/ProjectPath.cs: 5634ebdbea8ca94089eb9622d1b60497 -> 2007f972d3a73eeb86dfe05e849c7f69
  custom:scripting/monoscript/fileName/SSOCredentialsDialog.cs: 8967ceae1bc195ea8dd32b23c42dd852 -> e140ede12a96f68f30062138385171c3
  custom:scripting/monoscript/fileName/DownloadPlasticExeDialog.cs: 2dd40c53d0303d041a27a44a95c331cb -> 093cfe0607c2346a88cdfdfe1435614f
  custom:scripting/monoscript/fileName/GetOperationDelegate.cs: e719058321e4f2be94be212e42f097c8 -> 
  custom:scripting/monoscript/fileName/PendingChangesTab_Operations.cs: c99065f3c85ec85c85ece2a1a30665af -> 15ae6787065f4af65778e981f418a60b
  custom:scripting/monoscript/fileName/LocksListViewItem.cs: cc9cd24c5be4f7363367cba72f12aad4 -> f4a19fabbec093eb3d6a7e1cd4f42611
  custom:scripting/monoscript/fileName/PendingChangesViewPendingChangeMenu.cs: 561ad0f702e1db14300a4a5f810051f9 -> 9a6ef2277212bf26d647c7f12f946287
  custom:scripting/monoscript/fileName/SignInPanel.cs: f7e82045994d4eefe3b021faa87b55c6 -> bac0318ce35e37bed3a2cc8137452435
  custom:scripting/monoscript/fileName/DrawInspectorOperations.cs: 61c4a6a6507d8f84ef5bdf5cba3f0aee -> 8c94fe642e98309082411f46db89106b
  custom:scripting/monoscript/fileName/DrawDirectoryResolutionPanel.cs: b77d9918f02a8eac64394aaf99fa4b28 -> e4e3c9b4bc511687802b504b71016540
  custom:scripting/monoscript/fileName/CloseWindowIfOpened.cs: d820344e932a12600b5fe6fb7e9f1563 -> ce229ef3b7461ff17e2c1af0695a6657
  custom:scripting/monoscript/fileName/SaveAssets.cs: e472a52843752df7d7ad4ca6b2c8da98 -> b56abea3d51c742ac29e4aec958afad6
  custom:scripting/monoscript/fileName/MergeViewMenu.cs: 93bc40369a2f104c249cef1d685ad358 -> c1676e16bdcf215f6595ea9de7a1fc33
  custom:scripting/monoscript/fileName/RepositoriesListView.cs: 9f95c83dc460fb03fb0916472f14b8a7 -> 95287f65338ca0073ad04002a16eaaf7
  custom:scripting/monoscript/fileName/HandleMenuItem.cs: 740e54c5f6dca1acc88cad87af74b744 -> b4ad1ecc5243212c5967125ad5e41b1f
  custom:scripting/monoscript/fileName/ScreenResolution.cs: 5c975132cf4e36dcc261bd0acd604271 -> 7bb7bb5b955671820101b322f0a7bf3d
  custom:scripting/monoscript/fileName/ApplicationDataPath.cs: 8e4094e28762fb76a1baecfe90c6b65e -> 3e8c4ea8debfda8013fed860ac233d22
  custom:scripting/monoscript/fileName/MergeSelection.cs: 6deb9bc55c10a7ac7c9f905a7b92dbe8 -> 630eecd27cae3311e65e09d9c63da8b7
  custom:video-decoder-ogg-theora: a1e56fd34408186e4bbccfd4996cb3dc -> 
  custom:scripting/monoscript/fileName/RepaintInspector.cs: f134606300316994850c28a68d0cb5a3 -> 
  custom:scripting/monoscript/fileName/LockStatusCache.cs: 5e3725e03dc21c716034553589a67eae -> e99b3f34c5cd3eb73ec19439af1f7f80
  custom:scripting/monoscript/fileName/DiffTreeView.cs: 68195907d129ef826aa6b6df7202696d -> 49f46fd2a65ea674a218eead75f27aac
  custom:scripting/monoscript/fileName/DependenciesDialog.cs: 82d30fc8d5e1a73ec0d1ee9acc00fbc2 -> c8902186ab2f4e6471b5dd147afb01b6
  custom:scripting/monoscript/fileName/ChangesetListViewItem.cs: 95a197949f1e777703db60eea8cc21b3 -> d742a4910e302777daa1ccb9c8e92cb9
  custom:scripting/monoscript/fileName/LocksViewMenu.cs: fda08381fa9abca53b6eaf3bf55f14f8 -> 186d8514e824865b191ba1829afe4b33
  custom:scripting/monoscript/fileName/IncomingChangesViewMenu.cs: 5f96afa82d3e2a8078206b7f6d3b0752 -> 13196979a03411533716f6775c9a624b
  custom:scripting/monoscript/fileName/DivergentMoveMenu.cs: 5b146ed65a6a030ab7d86a0d711244f7 -> 98d76b5791494212a0c25aa6a4af7288
  custom:scripting/monoscript/fileName/QueryVisualElementsExtensions.cs: 75ea535788abf9c38ba9341c984a6241 -> a49740b6efbb934f55475cc70b864a4c
  custom:scripting/monoscript/fileName/WriteLogConfiguration.cs: 1a8401f47b522f631a3dc005105719f5 -> 1589212d1638ae91a029ea3ddf9999f2
  custom:scripting/monoscript/fileName/FileSystemOperation.cs: c31a686e69e66801c204a11be56c950a -> f0ccbe91654279794a85bf6f1c034716
  custom:scripting/monoscript/fileName/MigrateCollabProject.cs: af93695e471d9c8e4ad014c4165f2c3c -> 9f3487f03a783b35518405572f20ac9e
  custom:scripting/monoscript/fileName/ProgressControlsForViews.cs: 7d677c6df38ab15cf390062b5b0bb854 -> a8a18a90f46aa63848e1e45d8d7ff9af
  custom:scripting/monoscript/fileName/DrawAssetOverlay.cs: 04a46044def089f0abcdafdd281e3646 -> 
  custom:scripting/monoscript/fileName/ProjectWindow.cs: c62567a3d71fd74636bc783de5162474 -> 
  custom:scripting/monoscript/fileName/MergeLinksListView.cs: 826afb5fb5988163105086b4bf5027af -> c9488671ae9b14523680d0c19097baa0
  custom:scripting/monoscript/fileName/UnityCloudProjectLinkMonitor.cs: a6d5b729fcd63f578363f7929a986e8b -> 86b74508945daf368996ea82904ac8da
  custom:scripting/monoscript/fileName/EditorProgressBar.cs: 7418be9b22aaea32732f8a5f49569d1c -> 08c2f2b90ef64df631d46389f0e22c8e
  custom:scripting/monoscript/fileName/MeasureMaxWidth.cs: cd9322680ae61d38397008451b7ed0ed -> 1569e3f1dad91a9b01cba66ab6aa30b0
  custom:scripting/monoscript/fileName/RotateOnY.cs: 1f4538f6e3a282cc342bcb25fa7ddca2 -> 
  custom:scripting/monoscript/fileName/ChangesetsListHeaderState.cs: 69fc4f1a2bc3782d7043ec48961a3616 -> fe1392f9b135da83e13fe8a5e5f39fc2
  custom:scripting/monoscript/fileName/PendingChangesTreeHeaderState.cs: 7d278b5569d28437d07554a3bbb56e1b -> 5d7f70d142c9ac67864ec14950523d62
  custom:scripting/monoscript/fileName/MissingEncryptionPasswordPromptHandler.cs: 7f5831fc8a41e9cadd84fcfd0e885072 -> 5d7b9646eb14a39b6d3d5bab19d266ff
  custom:scripting/monoscript/fileName/ChangelistMenu.cs: ca33bac56b3a337faa90a1b1bba632d6 -> c1bf5aeb760cc5eae584ea3944d6531b
  custom:scripting/monoscript/fileName/NotificationBar.cs: d1a4cf5e8103d80fd25347275f906aa8 -> 50f1a85fa18d94338418def78dcd8543
  custom:scripting/monoscript/fileName/EmptyCommentDialog.cs: c9c28ff22d24598d7e4856f434bb1b92 -> 99cc06133e502eab7998108e26fd5614
  custom:scripting/monoscript/fileName/UnityThreadWaiter.cs: dbd556f2802baab90a20da38c288d36c -> 99333406d92d10003984b4d1920de2f9
  custom:scripting/monoscript/fileName/CredentialsDialog.cs: 179b5e49656a1623c2e79d838f0f5876 -> c785d5e40f8d66b7ef7ba04ee7c324e0
  custom:scripting/monoscript/fileName/ProcessHubCommand.cs: 30630f626164e285c361aa64e681100e -> 8ab0fc63fa4d9d749198dd61b09d7e37
  custom:scripting/monoscript/fileName/GetRestorePathDialog.cs: e21eb9983f0b989125951478cd5e9b35 -> 353d1126ca2d2063d5bdbd06806ffc08
  custom:scripting/monoscript/fileName/UpdateReportListHeaderState.cs: 64a5bf775d221ad9a5ff8c78a1e0e1fa -> d6cbe54be2898ed2c96c2e79572c2e08
  custom:scripting/monoscript/fileName/LocksListView.cs: 8c6202774eebcf67be9c3b5a2926cc7c -> 7aa51ff93bcc98aa05dec8b46ec200c4
  custom:scripting/monoscript/fileName/DownloadAndInstallOperation.cs: b043b8d5921892e87f4566e00162cff6 -> 4f4065aeafda2af0ec272a3c228e27b2
  custom:scripting/monoscript/fileName/DiffTreeViewMenu.cs: 3e62bfc69ca7486976988e151b88922e -> 8039fc4ecf68b3e966e1f4822789e7fa
  custom:scripting/monoscript/fileName/UnityStyles.cs: 1a176026ce9da8057f3ec90dfe0bac74 -> bbbba3cda37678cfc74d71ffebf36e7f
  custom:scripting/monoscript/fileName/HistoryTab.cs: 4d086984813cd90d6be245dd8e03a2ba -> d57f000c65fde42a2228c7a105a836e5
  custom:scripting/monoscript/fileName/HistorySelection.cs: 7c3afcf345a55e8b77ea41ca0f570218 -> 3d07a3d1241e204b5420d71f1137eba4
  custom:scripting/monoscript/fileName/CreateWorkspace.cs: 7b3086384e5ddcd73cd5064a3ce31cd2 -> 5256205b5cf0570b6f698c7abe518f5a
  custom:scripting/monoscript/fileName/ShowWindow.cs: c731454122754eec192bc3c53fac3d95 -> a6bb1d20733c178256b38974418d7450
  custom:scripting/monoscript/fileName/LocksListHeaderState.cs: b80c5f044f18764adef2e9dbea5f0fb1 -> c7fe4d3b5f954615048f8e79925d29e3
  custom:scripting/monoscript/fileName/CreateRepositoryDialog.cs: 1e1c5399cf3d0b071c7982c565a710ce -> 5cec3e66b09e0dbe1f805953c5c64af9
  custom:scripting/monoscript/fileName/RenameBranchDialog.cs: a3111a345c6451ee64cd16f1989c2313 -> e5c89c05c87517babb3730e87196a494
  custom:scripting/monoscript/fileName/EncryptionConfigurationDialog.cs: 6423045767c07e6360ff314ec741c601 -> 19e9c54aff6ffc68d60fe11f80578947
  custom:scripting/monoscript/fileName/CheckinProgress.cs: 298ac58365579798eb3b4defc181ccaf -> 75b93dbc5ef307111f0647f735640420
  custom:scripting/monoscript/fileName/AssetCopyPathOperation.cs: 571ede78b6298606a236918df9df62d5 -> 633a9d130b72ba594756844b628f0ae2
  custom:scripting/monoscript/fileName/PendingChangesSelection.cs: 766664749a54eea9ecce5dff917430ef -> 1721ad72d074757364587c71b49d9382
  custom:scripting/monoscript/fileName/LoadAsset.cs: 9042eb334fc462cf466672445be1d4c2 -> 5e4e082aa5b21c13b80eb237fe94d00b
  custom:scripting/monoscript/fileName/Images.cs: 0b0c14141950fed99e3ef33199b3b4c9 -> fbdd1e600315d249327f3effde045c9d
  custom:scripting/monoscript/fileName/DrawLocksListViewItem.cs: ce3a3d64ec2d84c3556ffd4141efc4f7 -> 6201c4d50383e970d554210505562d37
  custom:scripting/monoscript/fileName/DrawProgressForOperations.cs: ea9179848be98ee7719316b39339ef29 -> b544f18e6532ba53bbd1b691fa5cd571
  custom:scripting/monoscript/fileName/ViewSwitcher.cs: bb22cc2814598bf2511f6c811c1dc194 -> dd1f6d6bc6ad5beda69b13cdb560799f
  custom:scripting/monoscript/fileName/RepositoryListViewItem.cs: 2f16ba7694ec7934685021093e722c4e -> 3cabcd81911a2500dcd9e2b6ffae3f00
  custom:scripting/monoscript/fileName/InspectorAssetSelection.cs: 71ba78e42827a9b22a9a6016733d756f -> 4b3c1ae4c44d88205aef26229acfe022
  custom:scripting/monoscript/fileName/UVCPackageVersion.cs: c4d95cb84d9d8dff4727eba6b0a64378 -> 
  custom:scripting/monoscript/fileName/IncomingChangesTreeHeaderState.cs: f578f4545f0afb1f0a2de9a25e26e33b -> 9fcb97ef2da44c66332f5c6800c2e6ed
  custom:scripting/monoscript/fileName/DrawTextBlockWithLink.cs: d38f3ee197d9063693d0301d5157b32c -> 1d43814d810f0d56e2964ad3b72f271e
  custom:scripting/monoscript/fileName/WorkspaceOperationsMonitor.cs: 5f05751fd4d94e02e79a5bf200f98f9a -> 43dcc435c252a54bdaaf4d6588b7d66e
  custom:CustomObjectIndexerAttribute: 232f87dd983dbecb2a4e21e08eb2cef8 -> 
  custom:scripting/monoscript/fileName/ShelvesSelection.cs: 05891c88858e4ac7776c0c0c49b5b74f -> 8a3e11e7cd7bbf10b24988c7bf636dea
  custom:scripting/monoscript/fileName/MacOSConfigWorkaround.cs: 8634a542fc5c45ea8cd9a8244bf2c871 -> 9fe61e763da506601651f6c451cecb0a
  custom:scripting/monoscript/fileName/IncomingChangesSelection.cs: a96a5a084d59fe3917a3831b68fa9479 -> d86f9f4463e6f9d99bb815e1f018ccf1
  custom:scripting/monoscript/fileName/AddMoveMenu.cs: 07e842d83dd343358454fef0a7927a0d -> e681c3341f01390e9c1d636ae93280df
  custom:scripting/monoscript/fileName/PlasticProjectSettingsProvider.cs: c126b47f9f934d48f0646c249a5bfcca -> 8c4ae1aeb34c51d2a5a8924265075ff2
  custom:scripting/monoscript/fileName/AssetMenuItems.cs: 9ce81cedb8e568c6b7b646aa6263645b -> 
  custom:scripting/monoscript/fileName/ToolConstants.cs: a088b027c7b0922429c756f12b0507ea -> 3b0d2490617bc7f94a0bdab65a399e1d
  custom:scripting/monoscript/fileName/MergeTab.cs: f39dce5bbfdc053d284a55fc102a8be9 -> f0a9f00e065364eb63b070091ade67f8
  custom:scripting/monoscript/fileName/GetSelectedPaths.cs: 02423a81496d6c63598b5cdc203f4354 -> be35dd49dddd53fc840b9febf21b4d0d
  custom:scripting/monoscript/fileName/TokenExchangeResponse.cs: 0dd9138dbeab6f132711a5b608de5c13 -> f20183d4cf939766d3c1e15cc3bec2e3
  custom:scripting/monoscript/fileName/ChangesetsTab_Operations.cs: eca44847b108faefa69f8c525242c965 -> 3290c4c0cd248666e01a08ee6d621249
  custom:scripting/monoscript/fileName/OverlayRect.cs: 59d6887e4803f8a44ffaa0409470e410 -> 
  custom:scripting/monoscript/fileName/ConfigurePartialWorkspace.cs: 309d4276b0164b05348aedbd51cc0b2f -> 10fcc6b6d43dd5ed36c43c6f7b5906c4
  custom:scripting/monoscript/fileName/ValidRepositoryName.cs: 43c262be3f66a970816e3d3a3ee8872a -> 56bcf92a3678f6ad6215cae2e4914cfd
  custom:scripting/monoscript/fileName/OtherOptionsFoldout.cs: eea27b9873519c1ea7c35b8afc1b7947 -> cc8f3a7680050422963ebd2bf169a841
  custom:container-demuxer-webm: 4f35f7cbe854078d1ac9338744f61a02 -> 
  custom:scripting/monoscript/fileName/GetPlasticShortcut.cs: 2a84c035152261f00e7e66eb44cd0ffa -> 5c2b7bf07ddd2284efc64b09ef0f1f72
  custom:scripting/monoscript/fileName/ApplyShelveWithConflictsQuestionerBuilder.cs: e109c624745dcc4304c557872b253808 -> 02e4256f31bc905362a382e31c3387eb
  custom:scripting/monoscript/fileName/GuiEnabled.cs: 1b1658fd7715b5cc664c10a130c6b629 -> 7bb13fcc8d8cbd392e00f7232841f086
  custom:scripting/monoscript/fileName/BuildPathDictionary.cs: 943911b84162d26cea47f964f9a0a399 -> 9fabc7cc73fcfc50b8a3307c6aa6ec4d
  custom:scripting/monoscript/fileName/FindEditorWindow.cs: 2bb64182aef631315344623cf583c78a -> 8c3c78bb7e82ac5008f8a2b8a0d68cff
  custom:scripting/monoscript/fileName/ShelvePendingChangesDialog.cs: 47aa4c07d31152c0c1eff64d2ba76cc6 -> 86b1f48b5fbaffa67e939e7f404062e6
  custom:scripting/monoscript/fileName/DrawProgressForViews.cs: c153245b67af73b7ee03f693a1127796 -> 068a172cb549ad77d9873d721698bd0d
  custom:scripting/monoscript/fileName/UpdateReportDialog.cs: 706e7e86547c339cdb3a4462e3f7a54d -> 087837d8f73228f1a817d0de82c77260
  custom:scripting/monoscript/fileName/UnityMergeTree.cs: f81f2d7551ab855fe9dc724f3f2e2892 -> 59edaa0a4669bbcb540a261166adc144
  custom:scripting/monoscript/fileName/CycleMoveMenu.cs: 91c21a0be9b3727d7673f94321029c52 -> b3993a7306fc941f55ca963833965729
  custom:scripting/monoscript/fileName/HistoryListView.cs: 527da2d093462f1c4a278d6957e7d5ac -> 7b2d1d2c12ab43d9d244e35197127919
  custom:scripting/monoscript/fileName/ChangeTreeViewItem.cs: 506ed128854137d9f75f9e3d2576a06b -> b0a38ce0a620643c776a3db4fd91bc4c
  custom:scripting/monoscript/fileName/BringWindowToFront.cs: 88b20f2a2881db6a013f54923d68cdee -> a30c7c1ba746c6d277a5aedd3057d15e
  custom:scripting/monoscript/fileName/ShelvesViewMenu.cs: 947ea245959bf421539573511c3a0058 -> da5dc74b3444288f443961ecab7245d6
  custom:scripting/monoscript/fileName/LaunchCheckinConflictsDialog.cs: 4417eba1591eccb2221bfdce0106c1e0 -> e2c1e3f8f4e14a62e4363fe6259adbc2
  custom:scripting/monoscript/fileName/ParseArguments.cs: 03c1a4d7e357164ca313a0019713c3db -> ae915d9f5fe287ced40627c9ca8bfafd
  custom:scripting/monoscript/fileName/ExternalLink.cs: 685ff1dd6f55eb61a1fd8af84a2aa7f5 -> a8ff952d8c27d10f226ab92b7aa83b69
  custom:scripting/monoscript/fileName/WaitingSignInPanel.cs: 247680fcfc6a176b9fa28a3df600a754 -> 7585e1c7111b6b900784e6d1c9454258
  custom:scripting/monoscript/fileName/OperationProgressData.cs: 0db72349eeecbe9449a517b1d79cc760 -> 15f68712baaea535af36d9e0333c0a6e
  custom:scripting/monoscript/fileName/RepositoriesListHeaderState.cs: c0353a1af15ae4fd3d5a2a3cac816423 -> fb71b961ab7c924511a6b0e8680b60ee
  custom:scripting/monoscript/fileName/ClientDiffTreeViewItem.cs: 56be9d3aa410e770e75de2d8b93be89d -> 43bdd7aa5bf1aa039a5b572c119c38d0
  custom:scripting/monoscript/fileName/CreateWorkspaceView.cs: c40bc4c8524ef3e2374ef997beb2e4a6 -> 9ae2295080d141c0f12d02a71014e11c
  custom:scripting/monoscript/fileName/CommandLineArguments.cs: 0d20ca25f94249586a7c1484c469d8a2 -> 48a62ad3f817c0269ea7fc4a53799594
  custom:scripting/monoscript/fileName/DownloadRepository.cs: 46fc68d9cc4da8e8ed765ff28b2dd438 -> 5bad8d3f76a3fcb41a94637e37c11ab0
  custom:scripting/monoscript/fileName/ParentWindow.cs: 2476d8a6ba9c3055f984ac9792cae61a -> d6aa079e592e01701c5baa3ab98898bc
  custom:scripting/monoscript/fileName/OperationParams.cs: 091a140b35535b91c773ddf98925322d -> 3312c7a4424a66ffbf2f88f056f329aa
  custom:scripting/monoscript/fileName/SignInWithEmailPanel.cs: a5823728eb62cf6dbd8c933c1cb26f53 -> 6e8957c0ed7609303e68389067e72d72
  custom:scripting/monoscript/fileName/LaunchInstaller.cs: f9b7c99441bc32980ce9b95be066824b -> b75efdf5909b501e06cacd9c66f75981
  custom:scripting/monoscript/fileName/GetWindowIfOpened.cs: 84a2356c61155912908cf98a62600c22 -> fd8bfd1a9b371371ebbff48e377726f9
  custom:scripting/monoscript/fileName/AvatarImages.cs: ea6dca998cf0ec5122553a9e010ef687 -> 3aa8c25a350843151ec4070c820c411a
  custom:scripting/monoscript/fileName/DrawUserIcon.cs: 2f65feb9bed897237f97fbf9c5479092 -> 7d5385bf780ae84e648a8b49f8fe0825
  custom:scripting/monoscript/fileName/TreeViewItemExtensions.cs: d22abf8de7a9ab0e852b869a652f100d -> 6849c47ffa8623d630ef12f76bd49905
  custom:scripting/monoscript/fileName/AssetStatus.cs: b9ea657347f2c22e8e401cdb256c516c -> e017010009bdb28bcb0d7d8ef05e7dd9
  custom:scripting/monoscript/fileName/BranchesListView.cs: 334a3fb302f855f71fb71520fb442a71 -> 3f5ed9fe5a1bca512014ae1600ee1666
  custom:scripting/monoscript/fileName/DrawGuiModeSwitcher.cs: 363adc150c5f1c5059a678f179906090 -> d3be34a3134d3fe80ef6b14d0d519128
  custom:scripting/monoscript/fileName/UnityMenuItem.cs: 5f445176ad3735e69769d93250663be7 -> 73f3c859f1b5092ad362c09e23b3a922
  custom:scripting/monoscript/fileName/WebRestApiClient.cs: 8ab6ae74a3793a3375cc48f328048a82 -> 746756fd499dddd02a4e7ccdbac48be3
  custom:scripting/monoscript/fileName/ShelveListViewItem.cs: a37862556d04b25f75804d991e109d87 -> 373418f0ae11fc25a26ff7fe4f472006
  custom:scripting/monoscript/fileName/OpenPlasticProjectSettings.cs: 5a86fd454f7c9f74b62653e269818d3f -> 
  custom:scripting/monoscript/fileName/PendingChangesOptionsFoldout.cs: 2a2f5a0ba87bd75c4475236a9a012016 -> f9e651bcc5d4441496c88ab59a32f360
  custom:scripting/monoscript/fileName/IncomingChangesTreeView.cs: d8c19bc81b07c04d7721396d2821d297 -> 96479648d4498738733254eb4e4c6fb5
  custom:scripting/monoscript/fileName/GenericProgress.cs: 11287c7d038c487f32d0c8edc476a32d -> 8492ec26f01fc248d3eb3c2f5b3b6c0f
  custom:scripting/monoscript/fileName/ShelvesListView.cs: 0763e4076b11a683fa148282680085c0 -> 01c1f087b2f83b458da6b8ad18736606
  custom:scripting/monoscript/fileName/MergeCategoryTreeViewItem.cs: c1ecd9dc0cd73eb7eb129994dedc1a91 -> 6bd59fcbfeafe06987a54631991d755b
  custom:scripting/monoscript/fileName/CheckinDialog.cs: 1709b78fae1329cc05fd4f39334b25f5 -> 702fdb8d0a3b4bfcb9ba109e71325cad
  custom:scripting/monoscript/fileName/SortOrderComparer.cs: 8f6297df34271fdb1ce2d9607ec6261d -> 90647cc400823b41df847a6cbfc29026
  custom:scripting/monoscript/fileName/GUIActionRunner.cs: 69af7de0762ed6d085feb4cc4b5101b3 -> 4a0608de635b0d82868d57923d68eff7
  custom:scripting/monoscript/fileName/PlasticMenuItem.cs: 30c3a785b4c2607e2ae9aad693d5f604 -> 
  custom:scripting/monoscript/fileName/PendingChangesTreeView.cs: f3722f38014385705913f17dbe0f90c1 -> 17142d220a0a50a3f3d184c4718a0da7
  custom:scripting/monoscript/fileName/VCSPlugin.cs: 69c1b7249af35f35848ae707bd5e7113 -> 
  custom:scripting/monoscript/fileName/GetClientDiffInfos.cs: 4ae14b15e2cf5177a84735548a44cdc9 -> f8db8e637ded2d5e935a953a13b85ebe
  custom:scripting/monoscript/fileName/DrawActionButtonWithMenu.cs: d7f31944358aed2f3ed3982246fca039 -> 8d4f5edd02a1dd0f38c4f2baf5ee8a33
  custom:scripting/monoscript/fileName/ErrorListViewItem.cs: 9bf59c82e9c9992a012a3eb2b6c2bfe5 -> 509edc26860f8be303ec97d68aabc30d
  custom:container-muxer-webm: aa71ff27fc2769a1b78a27578f13a17b -> 
  custom:scripting/monoscript/fileName/EditorProgressControls.cs: b1f133fa38afd918d537a72574fc93a0 -> 2e606eb01a6e6a567f3de9a0379ed3ae
  custom:scripting/monoscript/fileName/BranchesListHeaderState.cs: d47f1164fa7093137db851c4c16ffba3 -> 82eab21603f4efc696334ee80641c2c9
  custom:scripting/monoscript/fileName/DrawSearchField.cs: b11b864a92c7d76f85d4ec87d6faf61c -> 3de70beba9f4447205d50241d95b066a
  custom:scripting/monoscript/fileName/PendingChangesTab.cs: c99065f3c85ec85c85ece2a1a30665af -> 15ae6787065f4af65778e981f418a60b
  custom:scripting/monoscript/fileName/MergeTreeHeaderState.cs: d266e9dd03ced7ec66ad3688e5f18f26 -> 6293ca7f65e9641fcbe12100e705a990
  custom:scripting/monoscript/fileName/BuildGetEventExtraInfoFunction.cs: 1308a6936e8051866a117b3b7c2c7b77 -> 74bfc8c01f931108a3c2b127aa04cc8d
  custom:scripting/monoscript/fileName/ShelvesTab.cs: 88e0da7511313c57d3f51ba183c4d3fc -> fca0a219bdad45e636bd34724e5dc89d
  custom:video-decoder-webm-vp8: 9c59270c3fd7afecdb556c50c9e8de78 -> 
  custom:scripting/monoscript/fileName/WelcomeView.cs: 07e35bfe1faa2c52c049eb30958acd54 -> f06c185659ea2f4a75f9397861dc6096
  custom:scripting/monoscript/fileName/DeleteMoveMenu.cs: 39c593e854a9a8ae0e6d34ceb587fce1 -> 4d026cbabd8105e38661f97da078042a
  custom:scripting/monoscript/fileName/PlasticApp.cs: c440a0fb380601a77ad475d6c15d4fa1 -> c57de230d90beac7b586f10b9c7c6cb5
  custom:scripting/monoscript/fileName/ChangesetsTab.cs: ef408d8aaf89e01b17643ed0c836680d -> 46dde8f7856048792ad2e75490bb8c5e
  custom:scripting/monoscript/fileName/DeleteBranchDialog.cs: efbbc070bfeda2b746e8b15a4380cb26 -> 8549b0fc52962c89115fd78724fee578
  custom:scripting/monoscript/fileName/IncomingChangesNotification.cs: d7ac4b8f9ea939309b8ceb7f729100a2 -> caa8ea2c7336b9227381f0971759e01a
  custom:scripting/monoscript/fileName/DrawTreeViewEmptyState.cs: d4c16fd6aad8161eda7d99fd74cbb08e -> 
  custom:scripting/monoscript/fileName/ErrorsListView.cs: cc3142391037796392fcd3fe860891dd -> cd35171982f17897dd5148dda46e0956
  custom:scripting/monoscript/fileName/UnityPendingChangesTree.cs: fd6f0a038401268983bd9328d10dec93 -> f391d9a00dc9e202cee4d4ebcf6d21c0
  custom:scripting/monoscript/fileName/ClientConfiguration.cs: 5f5e47bfb7cedc7420d7e59c6d7ae6f0 -> 01b18b09a6dbb3756e1f42a5b64aab0f
  custom:scripting/monoscript/fileName/AssetVcsOperations.cs: 50ee89e011ba3d800b4e7a9a24aca7e1 -> 
  custom:scripting/monoscript/fileName/PlasticDialog.cs: b0aae1bf1889af041741f324070b7b84 -> 63a17a2b696bc2a13c9046aa16f8cea4
  custom:SearchIndexIgnoredProperties: e643bd26f0fe6173181afceb89e7c659 -> 
  custom:scripting/monoscript/fileName/AutoRefresh.cs: 9d30d5d3f0e8985355be1ab597da1dbb -> 0a8afde180a876655ad16caa14493409
  custom:scripting/monoscript/fileName/PlasticPluginIsEnabledPreference.cs: 7953272c37f4a828a3d1096e7479f346 -> 
  custom:scripting/monoscript/fileName/GetRelativePath.cs: 9b16eb2de9e98b392077181cc34243c1 -> ab04ae5e0cafb93ebf5c96148bb52df0
  custom:scripting/monoscript/fileName/UnityEvents.cs: 253411328de37811883aded592b97268 -> c830e584565fcd66ca0d5a23ad8b9bd6
  custom:AudioImporter_EditorPlatform: 2f0ff77a95e0ac474e3e8eeba4e2f7cb -> 
  custom:scripting/monoscript/fileName/DeleteChangeMenu.cs: 540c783b689e4d6a4a383862455d5d39 -> bfa368dc06e11abcc107d6f80c7c19c5
  custom:scripting/monoscript/fileName/SelectNewCodeReviewBehavior.cs: df6e8e132199ea6ec467c9bced11011d -> a16edf3a8c3e5ac26863e890f68fd937
  custom:scripting/monoscript/fileName/DockEditorWindow.cs: 581124d5e19667105f2446d6dfbf7982 -> a9e5e467234133af999283610b6e84e6
  custom:scripting/monoscript/fileName/ProjectPackages.cs: e247c98bd45807b228765f9a94d82145 -> 9e9e13e39b2e9718b602503b87245c18
  custom:scripting/monoscript/fileName/BranchesSelection.cs: 7eb1fcb556f0fad697e4ec9d989be099 -> 33b36e7b03910960966036894ec90c7c
  custom:scripting/monoscript/fileName/SaveAction.cs: b68fbb4319dbb368959c40781b39fdf8 -> 27c387bb58f3a69b0c9ff60d2209e18f
  custom:scripting/monoscript/fileName/AutoConfig.cs: 6c4e7f9dc55323aa1299debfe9723aa6 -> bf4bbd2f2e752464ef51dbf102faed17
  custom:scripting/monoscript/fileName/DiffPanel.cs: 02288a38bd14cc2b52a25b302a6f154e -> 210366dab3631628227b9406f87a9b7f
  custom:scripting/monoscript/fileName/PlasticAssetsProcessor.cs: ff731c8aacf4a537dc74c7cf9eaeaed0 -> 
  custom:scripting/monoscript/fileName/DrawActionToolbar.cs: 52293cb82089e0370f52e257f41c0869 -> e05748a99799f26304c1bbafd90f703b
  custom:scripting/monoscript/fileName/EditorVersion.cs: 70953c9eccf7726f70c672a9a51619e9 -> 698aba075b19a52a056d67a7b809d179
  custom:scripting/monoscript/fileName/TeamEditionConfigurationWindow.cs: d06f049421c16e5927ec29f770917e09 -> e53b1ca5561894aaeff930afb696d001
  custom:scripting/monoscript/fileName/TreeViewItemIds.cs: 7d654a2b5b3a10da3e7d8472196e96d1 -> 0cdf409b5aa8d4c25876d72b5c6a3b60
  custom:scripting/monoscript/fileName/ProgressOperationHandler.cs: 5fbb4e0f656dcfaa4498bd2e492e4710 -> ec62666c0ca1649dd33cc6bc6834c6f7
  custom:scripting/monoscript/fileName/UnityPlasticTimer.cs: 961fdb6492c99b4a3eadbed28e78c4b0 -> 6c887e722e951c2964523825cad70c4c
  custom:scripting/monoscript/fileName/TreeHeaderColumns.cs: 9fc4a0396a421346b8aa3b7788860851 -> 316e5ea62e66b20fd6e687a6b9e5958e
  custom:scripting/monoscript/fileName/MergeOptionsDialog.cs: 25ac62df73845405e13f44e4dfdcf0d1 -> 9250ce23d260ab84f87bd5899c6cf983
  custom:scripting/monoscript/fileName/AssetFilesFilterPatternsMenuBuilder.cs: 8fe5de6e5dc3d42fb7e95de2aaedbf5a -> 0d99e7514c6a33cda8314deed8f34bc5
  custom:scripting/monoscript/fileName/MergeTreeView.cs: 143a828a1a236483d3cdc1d010ce9d51 -> 3feb38cec50d3fc7576ddbf07a9a9ce8
  custom:scripting/monoscript/fileName/PlasticNotification.cs: 3629fdff9f054b2013702f5b131b2c47 -> 
  custom:scripting/monoscript/fileName/ConfirmContinueWithPendingChangesDialog.cs: c0e147ff008a0b77c9337132a3ea70af -> 77462b1904ad8f6fee2f8da4523d59fe
  custom:scripting/monoscript/fileName/ShelvesListHeaderState.cs: d3cea237aa496a145829475430d90f29 -> 287f23cbe09ecb9b28ec8dd05ede8846
  custom:scripting/monoscript/fileName/ChangelistTreeViewItem.cs: a4a6f6169cdb3afe249e104e2b7b1a2c -> 87f69636be8bd1a264ec4eac1bffa701
  custom:scripting/monoscript/fileName/CollabPlugin.cs: bda741ff77a19affbf276298e29313ec -> ca276d65e7cd77c5c99d9f119ffdb215
  custom:scripting/monoscript/fileName/TabButton.cs: 757146b89ed597b1d75c77241e5d5f63 -> 
  custom:scripting/monoscript/fileName/LaunchTool.cs: 3ac53c8af1f56365aad9e1ae5366d98d -> 60773d78646dc188d4b2caca77f20b17
  custom:scripting/monoscript/fileName/RunModal.cs: 33b931100ee477e6812324eabaa2e837 -> c83ee2ef642c5d8b8dfd32f033bfc438
  custom:scripting/monoscript/fileName/BranchListViewItem.cs: 8fdaa5aa842f5a70237affa304b9d506 -> 55028f4aef24d6227589aaa95582b2ff
  custom:scripting/monoscript/fileName/GetAvatar.cs: 07c98163f75f0b7c672bd453fc82bf61 -> 04ffae2a9e5a4c32a119f93144f558d2
  custom:scripting/monoscript/fileName/MoveAddMenu.cs: 81d47caeb9f49803adfe1627c8ce5bf4 -> 1fbfab870b2e95fdd8a81f6019f764df
  custom:scripting/monoscript/fileName/FindTool.cs: fc3b0710b24078288fe829d0bb041dd0 -> 2f9d82566cfb01fb68fc30111fb47624
  custom:scripting/monoscript/fileName/ChannelCertificateUiImpl.cs: 75d7831ab5da75cc0082e28863abb142 -> cefccf1e13b7bcf15e3c9f2dd4cd2fc8
  custom:scripting/monoscript/fileName/ApplyCircleMask.cs: 02eb67e485278e7c9b719fee5ff90f4a -> b955b378d261fdcbd6272fe8711d1e4f
  custom:scripting/monoscript/fileName/AssetMenuOperations.cs: 131bfc7279b97eba576abe13a47f8f91 -> ebcce67603e288b4a84d49287db6ef5a
  custom:scripting/monoscript/fileName/ShelveAndSwitchOptionsFoldout.cs: 676902ec49ff9c5abb2a832f067966e8 -> e7b216a23869eafb9aecd00a8905fafa
  custom:scripting/monoscript/fileName/VisualElementExtensions.cs: cd98f4a51563fccdfc39eed097290325 -> 0aad2728225c469038631668406aebb3
  custom:scripting/monoscript/fileName/LocksSelector.cs: 70b046a562568fd78d093736e68a3a58 -> 7b0f4fc5552c1d92ba7f4648526ceb21
  custom:scripting/monoscript/fileName/ListViewItemIds.cs: 8f6297df34271fdb1ce2d9607ec6261d -> 90647cc400823b41df847a6cbfc29026
  custom:scripting/monoscript/fileName/CreateWorkspaceViewState.cs: 1deb37b3c17c224d9a7dca9c990ea191 -> 0fe23b7cca9336b31a27790c714de652
  custom:scripting/monoscript/fileName/MergeLinkListViewItem.cs: ebc1e6f9e3a3005d8f4c51a794adfdaa -> 3fa407d29597803190dd374d88ed170d
  custom:scripting/monoscript/fileName/DrawCommentTextArea.cs: ad5449f632fd412ac0f7ba0d171fd453 -> c58c26552f95f108a8d9610eaf001fbc
  custom:scripting/monoscript/fileName/ErrorsListHeaderState.cs: 9141660c9776c5dac5f980fd03a672a8 -> b961336a4a43551eb826f97c57673007
  custom:scripting/monoscript/fileName/MergeViewDirectoryConflictMenu.cs: d45972e8b5f74223c607a4daa895ff3d -> fad8e1937fc14fd75ca21a68ee1037b8
  custom:scripting/monoscript/fileName/RefreshAsset.cs: 4479d2949a66a97f66d1e550067f3767 -> 5a15c606785f1f54a697bb0d0d846dfb
  custom:scripting/monoscript/fileName/BoolSetting.cs: d67f952c3a5976591f3e9a9e7356bbab -> 12bf039ccd38b0f4ccfffbec3cbbf108
  custom:scripting/monoscript/fileName/CreateChangelistDialog.cs: 774371d4233cc1d394d98dc80507a1f8 -> 386b03e27c951c5f1d63daf7aae486ca
  custom:scripting/monoscript/fileName/HistoryListViewMenu.cs: 15a489e494f04a7ea37a587c7601070e -> 29770348599c8d5473b78d72e5741b40
  custom:scripting/monoscript/fileName/MergeViewFileConflictMenu.cs: d7362b83d6b320a0f0ceaf99dbe21727 -> 8fc0f292158abfa71c2c7b3b6f38d32a
  custom:scripting/monoscript/fileName/FilterRulesConfirmationDialog.cs: 5186d89f21d03764f0cca01c2a0122d7 -> 9c91c6c91f20e6d013a753f32343b327
  custom:scripting/monoscript/fileName/ChangesetsSelection.cs: d154d1782ed752b83834c54a0bde3df9 -> 8b9d539af9f7e269bac4e3d79e9ffab8
  custom:scripting/monoscript/fileName/AssetPostprocessor.cs: 96208057b904410715a8df295ba4f8f4 -> 
  custom:scripting/monoscript/fileName/IsResolved.cs: 67a72533af97b9ab7830798057ab806c -> f54a3e2c5134aa4306f9ad150b1911a9
  custom:scripting/monoscript/fileName/LocalStatusCache.cs: a558fcf5f34357bab4cfc7b75e2bb356 -> 30974ea30517fbfd1b93153f6c849a76
  custom:scripting/monoscript/fileName/RepositoryExplorerDialog.cs: 143e7416b576681e1f2ea71288e530e6 -> eea34924da79ad7254f3e141a891c78d
  custom:scripting/monoscript/fileName/WorkspaceWindow.cs: ff52e13cd29dacd66db0169e14f71a23 -> b042f06133312d3bfed176231d97d77c
  custom:scripting/monoscript/fileName/BranchesTab_Operations.cs: 764cb17e9337c58ad4f5304b60b2042e -> 57c33f76c527a5aba4d269245ffff188
  custom:scripting/monoscript/fileName/DiffAndMergeOptionsFoldout.cs: 080cbf9242c0571bafa2e45ef8932448 -> 2810bae564e92b04bc7ebe4e47a2880b
  custom:scripting/monoscript/fileName/PlasticShutdown.cs: a8df8eeeed98372d06e446171a192a6d -> 
  custom:scripting/monoscript/fileName/FilesFilterPatternsMenuBuilder.cs: 28072cd275c96994687e6d4d0d6e1dff -> cf716a8d336c8113475a9ca67a799ec1
  custom:scripting/monoscript/fileName/HistoryListViewItem.cs: 2d3b1fc954b6bdbae298ec250ade0663 -> 96f2b67ec620b83e35d13f11877e1ac1
  custom:scripting/monoscript/fileName/RemoteStatusCache.cs: 00463e6b90cfe7da080d7c266f783980 -> 402d5663f3675e9324c129274b0c00f2
  custom:scripting/monoscript/fileName/EditorWindowFocus.cs: 1012e4e2e29e9b29bdcc03d8b92762a8 -> f258b0cf85078a7435d001e522d5e8e3
  custom:scripting/monoscript/fileName/EnumExtensions.cs: 24df84756ec75feecd53a80a0991ea16 -> 872fcb89b813d64606e680211dede528
  custom:scripting/monoscript/fileName/NewIncomingChanges.cs: fc48261878ef7e4b956e7172f5803aee -> 
  custom:scripting/monoscript/fileName/IsExeVersion.cs: 093723a3ef9cbad630dfdc60c764eff0 -> 9ef63354090e3419637bfe79e3489687
  custom:video-encoder-webm-vp8: eb34c28f22e8b96e1ab97ce403110664 -> 
  custom:scripting/monoscript/fileName/UnityIncomingChangesTree.cs: f774bb8bf0bd45a254894c795843c695 -> 42967773c43d3de5d23be4ddc6dfd9c4
  custom:scripting/monoscript/fileName/UnityDiffTree.cs: 447fc3a8922f56330f4bae8c9dc9a8be -> 1029ffd567bc0e646e6b119719dcb2ff
  custom:scripting/monoscript/fileName/TreeHeaderSettings.cs: 114eb9e27124403e8e111494b8eaf987 -> 662b1714c0fce36da72bbfe60201987a
  custom:scripting/monoscript/fileName/UnityConstants.cs: 323df5e3c80d05e06517581c776fde34 -> e3d3c3e11a194da9e5bbbfb97087a7bd
  custom:scripting/monoscript/fileName/IsExeAvailable.cs: 3e4283303610c884e542b8f6d3e922d4 -> 4a3dbc5ded94087064afd97407f26631
  custom:scripting/monoscript/fileName/LoadedTwiceMenu.cs: 961f9b82936caa7937046ac23d323c2c -> b54aa2e14eb740621bb6f926af7cb8ef
  custom:scripting/monoscript/fileName/AutoLogin.cs: e67ed70aada38469aeb667115929c368 -> b4cb98371fc38cca00d7123b7e649e12
  custom:scripting/monoscript/fileName/DrawMergeOverview.cs: 1db93bf179b38015949e3a3cb6ef1bd3 -> 49e0e525c3c170f79c20dc6779b7ead8
  custom:audio-decoder-ogg-vorbis: bf7c407c2cedff20999df2af8eb42d56 -> 
  custom:scripting/monoscript/fileName/UpdateReportLineListViewItem.cs: a101f0ba5292fc139445870b3f4af838 -> 9f63395e1ea590dbbab4d59cd0032ac4
  custom:scripting/monoscript/fileName/DrawSplitter.cs: ec7e8739eacabcca3e2946d9833eea0f -> d2f114a8e8e4167f7762d835a83b2f55
  custom:scripting/monoscript/fileName/LaunchDependenciesDialog.cs: e1c527862a66e73f0417ae177d7fdfb5 -> 2cabf22eb95430074b6c730a84e03493
  custom:scripting/monoscript/fileName/CredentialsResponse.cs: 96b135ae1c4ea541dc762170ea524fa9 -> 3dd2507693e56dac75ee7783f598cbb9
  custom:scripting/monoscript/fileName/LaunchDiffOperations.cs: aeae601320588a70eea7590a2f7e0f69 -> 871a0804a9fe2d9f2ad088303a89a63e
  custom:scripting/monoscript/fileName/PlasticSplitterGUILayout.cs: 111849f67dfbfea65ad2a9298ad1654d -> 
  custom:scripting/monoscript/fileName/CheckinDialogOperations.cs: 0b2a2cd4c41cf1865a29cf91b2a96a48 -> d032d69e8060311c06b88286e8f22ddd
  custom:scripting/monoscript/fileName/PendingChangesViewMenu.cs: 68fab310addfd7068cfd7920070496ff -> 9b0019b6df6bb14eb3a2dbafa53fb54b
  custom:scripting/monoscript/fileName/AssetsSelection.cs: 35cec24e81f0cb1de51daeb356abc4ff -> 0227d7ff4d5687932d10967a945a9b06
  custom:scripting/monoscript/fileName/EnumPopupSetting.cs: 8f6297df34271fdb1ce2d9607ec6261d -> 90647cc400823b41df847a6cbfc29026
  custom:scripting/monoscript/fileName/PlasticConnectionMonitor.cs: 920e8e381bfc94da8bb69d336dda57ca -> 
  custom:scripting/monoscript/fileName/HistoryListHeaderState.cs: 6226ef13a567fa81584864f8698be331 -> a87e0364d14866c369ad50d669bdfa85
  custom:scripting/monoscript/fileName/EnableSwitchAndShelveFeatureDialog.cs: 2cb9334d072aaff777efab2d72a2583e -> 03bdf2f298649e7c429ac90c7a3c461a
  custom:scripting/monoscript/fileName/CloudEditionWelcomeWindow.cs: c886fdb39f4b8787e6ea3701a8f88f4a -> b1721e471183956468462f6b64901640
  custom:scripting/monoscript/fileName/AssetsPath.cs: 367269acf8f676d2cdd30fdc387b3920 -> e0e986124adc46d913f0683c34b88c9f
  custom:scripting/monoscript/fileName/MetaPath.cs: 1f80313a7ce6ec6ece505285578f5745 -> 417a84eb354831f828a6752b26c8592d
  custom:scripting/monoscript/fileName/CredentialsUIImpl.cs: 90e9c2de8d7bdd8424e0d89c415108ae -> dbacf67c37819fd95562fe169e706732
  custom:scripting/monoscript/fileName/ChangesetsViewMenu.cs: b720f0168f4ce1b1e0d358a6d5ec9a42 -> 7d1a2de81910b5990e71a0bfff26fdca
  custom:scripting/monoscript/fileName/UnityPlasticGuiMessage.cs: 2a7f71f59c0d7dc731fd345a3713957c -> 24eef0792e3802809607a7f9d04b8f1d
  custom:scripting/monoscript/fileName/OrganizationCredentials.cs: ee462057b3bd23cc3dab953ac4d656e2 -> 0b123406cadd651e9adc01c85fab5124
  custom:scripting/monoscript/fileName/StatusBar.cs: 2c8c488a8bbfe924f6b53b202ff6aadd -> 
  custom:scripting/monoscript/fileName/IsCurrent.cs: 7343ceec4312304bb8b398eeb6c375fa -> cf1fd01890d0fd9f011c1a1a491e2cf0
  custom:scripting/monoscript/fileName/ChangesetFromCollabCommitResponse.cs: b986ab8b1acd322b0367812e2d541734 -> ba336e4117e1b7ee28e4c17197bc3d0e
  custom:scripting/monoscript/fileName/MoveToChangelistMenuBuilder.cs: 3a2ef8cb0baf69e5dadeafc731fe32a9 -> a90b3e388d3e1316fa104d4c9a03e2d1
  custom:scripting/monoscript/fileName/LoadingSpinner.cs: b3299af90b664a9f42123e7df43fae24 -> 6aff0ac022d117a8e24a7b5e4b11904c
  custom:scripting/monoscript/fileName/LocksTab.cs: 134c512484ae73354c15c06a6dc69f9f -> 00ffb5a39c16fdc2d733c7e53471a3a9
  custom:scripting/monoscript/fileName/BranchesTab.cs: 764cb17e9337c58ad4f5304b60b2042e -> 57c33f76c527a5aba4d269245ffff188
  custom:scripting/monoscript/fileName/ToolConfig.cs: 18b1ea271ce5e7b6deea7b4e8e175269 -> fcffc3165b047f54ed6ccafa4c8760dd
  custom:scripting/monoscript/fileName/DropDownTextField.cs: e66e7314096900597993d2b353757d8d -> c8fc484ce140049ff31ebc2c6cbebf28
  custom:scripting/monoscript/fileName/AssetsProcessor.cs: 47679a6e15b70f4fef48eb1b2df31b19 -> 18737889e95cd4088e8dfd4153fa8f40
  custom:scripting/monoscript/fileName/DrawActionButton.cs: d847a7d82ac92cab2b3d0ae268cefb3d -> 81e6708d2b8fa199354e53f85db731a8
  custom:scripting/monoscript/fileName/TableViewOperations.cs: ddc7b903e0dbd6bd109f2bd709b95f0e -> bef3a31deb1fe794a90f767d16e4c868
  custom:scripting/monoscript/fileName/UpdateProgress.cs: 5b04f01bf199310f09ab9522f89c78f4 -> 281e1e05168d6a30be1d8d2f6200bef8
  custom:scripting/monoscript/fileName/OrganizationsInformation.cs: b3f0758c6655b2dad1161792812992fa -> 5f067ea8d90fc79055a3dcfd58ae6dca
  custom:scripting/monoscript/fileName/ChangeDeleteMenu.cs: 652dcd6f863c509bfa0376b6d95ab1ec -> 4fefe66d6e279ce0ac2fdc57d409f232
  custom:scripting/monoscript/fileName/SubscriptionDetailsResponse.cs: e10e0299ef716630c63b8cf5f792cda0 -> e5121cec860a6d1097cc809217b3d8fe
  custom:scripting/monoscript/fileName/DrawProgressForDialogs.cs: 5f8d39e3ea7c4a42148c6b1a7b4ca061 -> a5f2abd8875e7a6afbc171fabfbae81f
  custom:scripting/monoscript/fileName/ToolbarButton.cs: 47dc767626bbd94d66707af31ddc5eb6 -> 
  custom:scripting/monoscript/fileName/ProjectViewAssetSelection.cs: 349dc288d32791de51156d4e59000b7b -> 2560eadaf6a13a74a46a4a207cd5a8b6
  custom:scripting/monoscript/fileName/DrawTreeViewItem.cs: cceebc4f1185658619e40964f29acb08 -> 0921a62a588ab864253743d1f07afb5a
  custom:scripting/monoscript/fileName/DrawSceneOperations.cs: 2426c0c2ee58cd28be59874f6425940c -> d87f46f9fb97181a2f51490ea2e1efc3
  custom:audio-encoder-webm-vorbis: bf7c407c2cedff20999df2af8eb42d56 -> 
  custom:scripting/monoscript/fileName/DrawActionHelpBox.cs: dcd6ec2e7fb1b44f22c4a79ff87b70cd -> c8f6be9dab1e6f8d71e0c63c29679186
  custom:scripting/monoscript/fileName/PendingChangesMultiColumnHeader.cs: 21802cc6929e0e180fb4f0be8e34d9d0 -> 722de7d6e07a79981d750438e6febb8f
  custom:scripting/monoscript/fileName/EditorDispatcher.cs: c739e073a8c38dbcf59192f45d1004c5 -> 3c402eae57d73cc54863f3f6a13096ae
  custom:scripting/monoscript/fileName/MovedEvilTwinMenu.cs: ce111941dc7264d29598ce7fd2770927 -> d480b839850d28c1c9526cb587fc752d
  custom:scripting/monoscript/fileName/IIncomingChangesTab.cs: d4ceabdc48d8a1872bbe87f04d89a4ff -> 40644cd18074db84684b9e437bf8fa77
  custom:scripting/monoscript/fileName/GetChangesOverlayIcon.cs: f00e4b795697c6cf3092760f3b6fc49d -> d599d6efdee28305661bc0cf6683858a
  custom:scripting/monoscript/fileName/ShelvedChangesNotification.cs: 13b6a2ccd8b4ac1f5ee30c8404cea3b0 -> a27e9e7b242b904f41fc1b16d3a1b3fd
  custom:scripting/monoscript/fileName/EvilTwinMenu.cs: 475a88947051822ca4915306469f9bcc -> 919e4faae0573e49949f6dfbb5a733da
  custom:scripting/monoscript/fileName/ChangesetsListView.cs: caae0aefb36c869f50691482a5cd0944 -> 87b74e0d80cf59010f55e2baaeb6679d
  custom:scripting/monoscript/fileName/UpdateReportListView.cs: 2d8fccdaad50bbd7454b52cf9cb4a0f9 -> 08d26df1ab6c3a7628addc5e54e50b08
  custom:scripting/monoscript/fileName/UnityConfigurationChecker.cs: 59a8f0715a7c89a752351bf42f94abbd -> 874cd65cce0384fef4b60e71fb08a429
  custom:scripting/precompiled-assembly-types:Assembly-CSharp: 84beccfd353859b754aad720e26c10bf -> 9210f6cd38f8a76c7cfd12cd654bc9ba
  custom:scripting/monoscript/fileName/CheckWorkspaceTreeNodeStatus.cs: 5e11ff64963669981115eb58dc2b6e8b -> 1e1255b803bf7cbc935bb804bf0dbe7b
  custom:scripting/monoscript/fileName/TreeViewSessionState.cs: 8333273b312d475b653610e2871c20a5 -> 9f39a2ca55a7481b8ba078d3a2b6815e
  custom:scripting/monoscript/fileName/ErrorsPanel.cs: 21fc210ee17d5e95782397ef8c7dafab -> 515b7ba9af5e7885ba3068b1d63c6104
  custom:scripting/monoscript/fileName/PlasticPlugin.cs: a57c142b98ca3d4daad221737fd72924 -> c64561980f26020cc3206ae8b1047268
  custom:scripting/monoscript/fileName/SwitchModeConfirmationDialog.cs: 4d9c02587760213784bfe53d012122b4 -> 30cd71d0b3ee4b2689cde689908d301e
  custom:scripting/monoscript/fileName/PlasticWindow.cs: fc467478941f610919bc69526ba2c215 -> 
  custom:scripting/monoscript/fileName/PlasticExeLauncher.cs: caa0b5dda5df50c85bb19d27252d16b9 -> f1da27253760250030952f02cb54965a
  custom:scripting/monoscript/fileName/BranchesViewMenu.cs: 8089f11c30784e2e57775dd6cdbae898 -> 7bfc83e917c9b0b5aa423bb947ce2a38
  custom:scripting/monoscript/fileName/CooldownWindowDelayer.cs: 7816cfcad485500dbac9993c4502ea69 -> 4c95e39c8dd4cfa1bca106097fdb6524
  custom:scripting/monoscript/fileName/GetInstallerTmpFileName.cs: fa7bda723ac795b48e38504727f44981 -> d09e0b5c7a9af5874530e17ef23025f0
  custom:scripting/monoscript/fileName/AssetModificationProcessor.cs: a602c9e59e7db185e3a0d68d986e6fef -> 
  custom:scripting/monoscript/fileName/IsCollabProjectMigratedResponse.cs: 4c3294c6a51e6f42161d191230692016 -> af2b76c693935deee55cfcaed2aa7568
